id,emit_date,emit_ts,ticker,setup,grade,regime,entry,stop,t1,t2,rr,risk_per_share,status,exit_date,exit_price,realized_R,mfe_R,mae_R,hold_days,exit_reason,source
sig_20260530_VRT_b228dc,2026-05-30,2026-05-30 00:20:08.353305,VRT,PULLBACK,B,,315.48,302.43,379.93,409.17,6.06,13.050000000000011,open,,,,,,,,live
sig_20260530_NVDA_bff700,2026-05-30,2026-05-30 00:20:08.361627,NVDA,TREND_LEADER,B,,212.65,206.83,236.54,248.25,5.11,5.819999999999993,open,,,,,,,,live
sig_20260530_COHR_62cdde,2026-05-30,2026-05-30 00:20:08.370821,COHR,TREND_LEADER,B,,358.94,329.48,413.0,456.33,2.57,29.45999999999998,open,,,,,,,,live
rep_20250910_AAOI,2025-09-10,2026-05-30 02:57:38.825823,AAOI,TREND_LEADER,C,replay,27.72,22.25,28.03,44.5,0.06,5.4723,won,2025-09-16,27.88,0.028,0.38,-0.31,6,stop_after_t1,replay
rep_20250915_AAOI,2025-09-15,2026-05-30 02:57:38.851021,AAOI,TREND_LEADER,C,replay,29.56,24.3,29.8,44.5,0.05,5.263,won,2025-09-18,29.68,0.023,0.163,-0.43,3,stop_after_t1,replay
rep_20250918_AAOI,2025-09-18,2026-05-30 02:57:38.861674,AAOI,TREND_LEADER,C,replay,29.04,23.92,30.42,44.5,0.27,5.1225,won,2025-09-23,29.73,0.135,0.408,-0.277,5,stop_after_t1,replay
rep_20250923_AAOI,2025-09-23,2026-05-30 02:57:38.872848,AAOI,TREND_LEADER,C,replay,28.06,23.82,31.13,44.5,0.72,4.2442,won,2025-10-10,29.59,0.362,1.684,-0.771,17,stop_after_t1,replay
rep_20251001_AAOI,2025-10-01,2026-05-30 02:57:38.884434,AAOI,TREND_LEADER,C,replay,28.42,24.28,31.13,44.5,0.65,4.1435,won,2025-10-10,29.77,0.327,1.638,-0.374,9,stop_after_t1,replay
rep_20251006_AAOI,2025-10-06,2026-05-30 02:57:38.893034,AAOI,TREND_LEADER,C,replay,33.79,28.04,34.47,44.5,0.12,5.7466,won,2025-10-08,34.13,0.059,0.144,-0.7,2,stop_after_t1,replay
rep_20251009_AAOI,2025-10-09,2026-05-30 02:57:38.900932,AAOI,TREND_LEADER,C,replay,32.37,25.86,34.62,44.5,0.35,6.5086,won,2025-10-13,33.49,0.173,0.435,-0.806,4,stop_after_t1,replay
rep_20251017_AAOI,2025-10-17,2026-05-30 02:57:38.909848,AAOI,TREND_LEADER,C,replay,31.92,25.81,35.2,44.5,0.54,6.1119,won,2025-10-22,33.56,0.268,0.643,-0.502,5,stop_after_t1,replay
rep_20251022_AAOI,2025-10-22,2026-05-30 02:57:38.918203,AAOI,TREND_LEADER,C,replay,29.98,25.72,35.85,44.5,1.38,4.2504,won,2025-11-04,32.91,0.689,2.115,-0.418,13,stop_after_t1,replay
rep_20251027_AAOI,2025-10-27,2026-05-30 02:57:38.9268,AAOI,TREND_LEADER,C,replay,37.22,28.64,37.68,44.75,0.05,8.5832,won,2025-10-30,37.45,0.027,0.206,-0.364,3,stop_after_t1,replay
rep_20251030_AAOI,2025-10-30,2026-05-30 02:57:38.937676,AAOI,TREND_LEADER,C,replay,35.07,28.06,38.99,44.5,0.56,7.0139,lost,2025-11-07,28.06,-1.0,0.275,-1.471,8,stop,replay
rep_20251107_AAOI,2025-11-07,2026-05-30 02:57:38.947359,AAOI,PULLBACK,B,replay,28.57,23.91,38.99,44.5,2.24,4.6581,lost,2025-11-11,23.91,-1.0,-0.112,-1.084,4,stop,replay
rep_20251209_AAOI,2025-12-09,2026-05-30 02:57:38.957367,AAOI,TREND_LEADER,C,replay,30.38,25.37,41.29,44.29,2.18,5.0073,won,2026-01-08,37.15,1.351,2.311,-0.715,30,timeout_after_t1,replay
rep_20251212_AAOI,2025-12-12,2026-05-30 02:57:38.967909,AAOI,TREND_LEADER,C,replay,32.06,25.71,37.05,44.35,0.79,6.3493,won,2026-01-08,34.55,0.393,1.559,-0.828,27,stop_after_t1,replay
rep_20251222_AAOI,2025-12-22,2026-05-30 02:57:38.978758,AAOI,TREND_LEADER,C,replay,39.1,30.75,39.6,50.48,0.06,8.3471,won,2025-12-26,39.35,0.03,0.343,-0.24,4,stop_after_t1,replay
rep_20251226_AAOI,2025-12-26,2026-05-30 02:57:38.989101,AAOI,TREND_LEADER,C,replay,37.17,27.72,41.96,47.63,0.51,9.4509,won,2026-01-27,37.39,0.023,0.447,-0.582,32,timeout,replay
rep_20251231_AAOI,2025-12-31,2026-05-30 02:57:38.999387,AAOI,TREND_LEADER,C,replay,34.86,26.31,41.96,47.09,0.83,8.5491,won,2026-01-30,44.53,1.13,1.573,-0.373,30,t2,replay
rep_20260106_AAOI,2026-01-06,2026-05-30 02:57:39.010548,AAOI,TREND_LEADER,C,replay,38.61,31.35,41.96,47.71,0.46,7.2642,won,2026-01-29,40.28,0.231,1.059,-0.956,23,stop_after_t1,replay
rep_20260114_AAOI,2026-01-14,2026-05-30 02:57:39.022218,AAOI,TREND_LEADER,C,replay,34.47,30.86,41.96,46.81,2.08,3.6091,won,2026-01-30,44.39,2.747,3.834,0.019,16,t2,replay
rep_20260120_AAOI,2026-01-20,2026-05-30 02:57:39.033932,AAOI,TREND_LEADER,C,replay,39.26,30.8,41.96,47.17,0.32,8.4579,won,2026-01-29,40.61,0.16,0.832,-0.558,9,stop_after_t1,replay
rep_20260128_AAOI,2026-01-28,2026-05-30 02:57:39.0446,AAOI,TREND_LEADER,C,replay,45.23,36.23,46.3,54.01,0.12,9.0018,won,2026-02-02,45.77,0.059,0.431,-0.898,5,stop_after_t1,replay
rep_20260202_AAOI,2026-02-02,2026-05-30 02:57:39.065751,AAOI,TREND_LEADER,C,replay,44.16,33.41,49.11,55.91,0.46,10.7535,won,2026-02-12,46.63,0.23,0.618,-0.664,10,stop_after_t1,replay
rep_20260205_AAOI,2026-02-05,2026-05-30 02:57:39.074888,AAOI,TREND_LEADER,C,replay,38.13,33.22,49.11,57.0,2.24,4.9056,won,2026-02-25,53.05,3.04,4.301,0.308,20,t2,replay
rep_20260210_AAOI,2026-02-10,2026-05-30 02:57:39.083322,AAOI,TREND_LEADER,C,replay,48.49,35.64,50.1,58.67,0.13,12.8531,won,2026-02-12,49.3,0.063,0.18,-0.465,2,stop_after_t1,replay
rep_20260213_AAOI,2026-02-13,2026-05-30 02:57:39.246563,AAOI,TREND_LEADER,C,replay,44.46,35.49,50.8,60.0,0.71,8.9747,won,2026-02-27,55.4,1.22,4.443,-0.372,14,t2,replay
rep_20260219_AAOI,2026-02-19,2026-05-30 02:57:39.25819,AAOI,TREND_LEADER,C,replay,46.98,35.65,50.8,59.0,0.34,11.3282,won,2026-02-25,54.9,0.699,1.083,-0.09,6,t2,replay
rep_20260224_AAOI,2026-02-24,2026-05-30 02:57:39.267773,AAOI,TREND_LEADER,C,replay,56.27,42.96,56.61,69.18,0.03,13.315,won,2026-02-26,56.44,0.013,0.224,-0.257,2,stop_after_t1,replay
rep_20260227_AAOI,2026-02-27,2026-05-30 02:57:39.278914,AAOI,TREND_LEADER,C,replay,84.23,67.22,97.83,112.61,0.8,17.0057,won,2026-03-06,105.22,1.234,1.787,0.107,7,t2,replay
rep_20260304_AAOI,2026-03-04,2026-05-30 02:57:39.287627,AAOI,TREND_LEADER,C,replay,99.71,76.11,110.0,143.5,0.44,23.598,won,2026-03-09,104.85,0.218,0.632,-0.354,5,stop_after_t1,replay
rep_20260309_AAOI,2026-03-09,2026-05-30 02:57:39.301798,AAOI,TREND_LEADER,C,replay,110.62,81.27,114.63,154.73,0.14,29.3495,won,2026-03-12,112.62,0.068,0.625,-0.192,3,stop_after_t1,replay
rep_20260312_AAOI,2026-03-12,2026-05-30 02:57:39.311632,AAOI,TREND_LEADER,C,replay,106.19,69.85,128.96,158.89,0.63,36.3379,won,2026-04-10,139.78,0.924,1.336,-0.76,29,timeout_after_t1,replay
rep_20260317_AAOI,2026-03-17,2026-05-30 02:57:39.320725,AAOI,TREND_LEADER,C,replay,86.33,81.17,128.96,152.45,8.25,5.1646,lost,2026-03-31,81.17,-1.0,6.283,-1.503,14,stop,replay
rep_20260320_AAOI,2026-03-20,2026-05-30 02:57:39.329928,AAOI,TREND_LEADER,C,replay,87.54,80.99,128.96,150.62,6.32,6.5494,lost,2026-03-31,80.99,-1.0,4.765,-1.369,11,stop,replay
rep_20260325_AAOI,2026-03-25,2026-05-30 02:57:39.338114,AAOI,TREND_LEADER,C,replay,114.41,80.93,128.96,160.08,0.43,33.4811,lost,2026-03-31,80.93,-1.0,-0.082,-1.07,6,stop,replay
rep_20260402_AAOI,2026-04-02,2026-05-30 02:57:39.346791,AAOI,TREND_LEADER,C,replay,103.91,75.17,128.96,149.41,0.87,28.7431,won,2026-04-10,139.19,1.227,1.769,0.041,8,t2,replay
rep_20260408_AAOI,2026-04-08,2026-05-30 02:57:39.354229,AAOI,TREND_LEADER,C,replay,132.7,96.78,134.49,166.25,0.05,35.9152,won,2026-04-10,133.59,0.025,0.614,-0.156,2,stop_after_t1,replay
rep_20260413_AAOI,2026-04-13,2026-05-30 02:57:39.362868,AAOI,TREND_LEADER,C,replay,153.19,114.82,155.4,199.29,0.06,38.3723,won,2026-04-17,154.3,0.029,0.216,-0.471,4,stop_after_t1,replay
rep_20260416_AAOI,2026-04-16,2026-05-30 02:57:39.371753,AAOI,TREND_LEADER,C,replay,157.32,119.27,187.76,210.6,0.8,38.0546,won,2026-05-07,172.54,0.4,0.908,-0.649,21,stop_after_t1,replay
rep_20260421_AAOI,2026-04-21,2026-05-30 02:57:39.380565,AAOI,TREND_LEADER,C,replay,150.57,115.05,173.41,207.47,0.64,35.5192,won,2026-05-08,161.99,0.322,1.163,-0.505,17,stop_after_t1,replay
rep_20260424_AAOI,2026-04-24,2026-05-30 02:57:39.394556,AAOI,TREND_LEADER,C,replay,162.17,128.3,173.41,219.07,0.33,33.8699,won,2026-05-07,167.79,0.166,0.877,-0.79,13,stop_after_t1,replay
rep_20260429_AAOI,2026-04-29,2026-05-30 02:57:39.404085,AAOI,TREND_LEADER,C,replay,152.83,128.25,173.41,207.97,0.84,24.5846,won,2026-05-07,163.12,0.419,1.588,-0.126,8,stop_after_t1,replay
rep_20260504_AAOI,2026-05-04,2026-05-30 02:57:39.411791,AAOI,TREND_LEADER,C,replay,172.98,127.97,191.87,222.83,0.42,45.0133,won,2026-05-13,207.35,0.764,1.348,-0.653,9,t2,replay
rep_20250902_AAPL,2025-09-02,2026-05-30 02:57:39.459527,AAPL,TREND_LEADER,C,replay,229.72,222.81,235.12,260.1,0.78,6.9145,won,2025-09-10,232.42,0.391,1.679,-0.546,8,stop_after_t1,replay
rep_20250905_AAPL,2025-09-05,2026-05-30 02:57:39.473373,AAPL,TREND_LEADER,C,replay,239.69,229.85,241.32,260.1,0.17,9.8446,lost,2025-09-10,229.85,-1.0,0.047,-1.396,5,stop,replay
rep_20250918_AAPL,2025-09-18,2026-05-30 02:57:39.481171,AAPL,TREND_LEADER,C,replay,237.88,226.24,241.32,260.1,0.3,11.6357,won,2025-10-16,244.38,0.559,1.835,0.2,28,timeout_after_t1,replay
rep_20250923_AAPL,2025-09-23,2026-05-30 02:57:39.489111,AAPL,TREND_LEADER,C,replay,254.43,241.54,257.34,274.02,0.23,12.8875,won,2025-09-29,255.88,0.113,0.246,-0.263,6,stop_after_t1,replay
rep_20250926_AAPL,2025-09-26,2026-05-30 02:57:39.497429,AAPL,TREND_LEADER,C,replay,255.46,241.83,257.6,274.45,0.16,13.6339,won,2025-10-02,256.53,0.079,0.244,-0.18,6,stop_after_t1,replay
rep_20251001_AAPL,2025-10-01,2026-05-30 02:57:39.505035,AAPL,TREND_LEADER,C,replay,255.45,243.28,258.79,275.15,0.27,12.1696,won,2025-10-06,257.12,0.137,0.311,-0.123,5,stop_after_t1,replay
rep_20251006_AAPL,2025-10-06,2026-05-30 02:57:39.513045,AAPL,TREND_LEADER,C,replay,256.69,249.84,259.24,276.66,0.37,6.8461,lost,2025-10-10,249.84,-1.0,0.267,-1.853,4,stop,replay
rep_20251009_AAPL,2025-10-09,2026-05-30 02:57:39.521904,AAPL,TREND_LEADER,C,replay,254.04,251.92,259.24,272.17,2.45,2.1182,lost,2025-10-10,251.92,-1.0,1.104,-4.736,1,stop,replay
rep_20251014_AAPL,2025-10-14,2026-05-30 02:57:39.53175,AAPL,TREND_LEADER,C,replay,247.77,242.89,259.24,265.91,2.35,4.8823,won,2025-10-27,262.58,3.034,4.375,-0.541,13,t2,replay
rep_20251017_AAPL,2025-10-17,2026-05-30 02:57:39.541608,AAPL,TREND_LEADER,C,replay,252.29,242.84,259.24,266.23,0.74,9.4548,won,2025-10-27,262.74,1.105,1.781,0.332,10,t2,replay
rep_20251022_AAPL,2025-10-22,2026-05-30 02:57:39.549916,AAPL,TREND_LEADER,C,replay,258.45,244.66,265.29,273.56,0.5,13.7857,won,2025-10-30,269.43,0.796,1.138,-0.032,8,t2,replay
rep_20251027_AAPL,2025-10-27,2026-05-30 02:57:39.558373,AAPL,TREND_LEADER,C,replay,268.81,254.56,280.21,288.76,0.8,14.2464,won,2025-11-24,275.92,0.499,0.597,-0.245,28,timeout,replay
rep_20251030_AAPL,2025-10-30,2026-05-30 02:57:39.566611,AAPL,TREND_LEADER,C,replay,271.4,258.58,274.14,289.48,0.21,12.8161,won,2025-11-03,272.77,0.107,0.462,-0.402,4,stop_after_t1,replay
rep_20251104_AAPL,2025-11-04,2026-05-30 02:57:39.576833,AAPL,TREND_LEADER,C,replay,270.04,256.56,277.32,290.03,0.54,13.4786,won,2025-12-03,280.73,0.793,1.378,-0.35,29,timeout_after_t1,replay
rep_20251107_AAPL,2025-11-07,2026-05-30 02:57:39.587781,AAPL,TREND_LEADER,C,replay,268.47,263.42,277.32,288.04,1.75,5.0498,won,2025-12-03,282.68,2.814,3.99,-0.624,26,t2,replay
rep_20251112_AAPL,2025-11-12,2026-05-30 02:57:39.597581,AAPL,TREND_LEADER,C,replay,273.47,264.96,277.32,292.78,0.45,8.5086,won,2025-12-11,277.67,0.494,1.78,-0.958,29,timeout_after_t1,replay
rep_20251117_AAPL,2025-11-17,2026-05-30 02:57:39.605824,AAPL,TREND_LEADER,C,replay,267.46,264.36,277.32,285.55,3.18,3.1018,won,2025-12-02,281.44,4.508,6.432,-0.69,15,t2,replay
rep_20251120_AAPL,2025-11-20,2026-05-30 02:57:39.613525,AAPL,TREND_LEADER,C,replay,266.25,263.89,277.32,285.92,4.68,2.3641,won,2025-12-02,281.62,6.513,8.962,-0.246,12,t2,replay
rep_20251125_AAPL,2025-11-25,2026-05-30 02:57:39.621578,AAPL,TREND_LEADER,C,replay,276.97,263.79,280.38,289.59,0.26,13.185,won,2025-12-08,278.68,0.129,0.884,-0.074,13,stop_after_t1,replay
rep_20251201_AAPL,2025-12-01,2026-05-30 02:57:39.629082,AAPL,TREND_LEADER,C,replay,283.1,268.48,294.79,303.56,0.8,14.6161,lost,2025-12-18,268.48,-1.0,0.378,-1.105,17,stop,replay
rep_20251204_AAPL,2025-12-04,2026-05-30 02:57:39.637254,AAPL,TREND_LEADER,C,replay,280.7,265.89,288.62,297.51,0.53,14.8143,lost,2026-01-05,267.26,-0.907,0.03,-0.983,32,timeout,replay
rep_20251209_AAPL,2025-12-09,2026-05-30 02:57:39.659808,AAPL,TREND_LEADER,C,replay,277.18,273.92,288.62,296.58,3.51,3.2559,lost,2025-12-11,273.92,-1.0,0.788,-1.034,2,stop,replay
rep_20251212_AAPL,2025-12-12,2026-05-30 02:57:39.674275,AAPL,TREND_LEADER,C,replay,278.28,272.71,288.62,295.25,1.85,5.5746,lost,2025-12-16,272.71,-1.0,0.336,-1.165,4,stop,replay
rep_20251231_AAPL,2025-12-31,2026-05-30 02:57:39.686503,AAPL,VCP,A,replay,271.86,266.01,288.62,294.29,2.86,5.8544,lost,2026-01-06,266.01,-1.0,1.022,-1.665,6,stop,replay
rep_20260106_AAPL,2026-01-06,2026-05-30 02:57:39.696388,AAPL,MEAN_REVERSION,B,replay,262.36,261.1,280.15,288.62,14.14,1.2586,lost,2026-01-07,261.1,-1.0,1.048,-2.024,1,stop,replay
rep_20260120_AAPL,2026-01-20,2026-05-30 02:57:39.706136,AAPL,MEAN_REVERSION,B,replay,246.7,242.19,277.84,288.62,6.9,4.5114,won,2026-02-18,271.1,5.409,7.585,-0.448,29,timeout_after_t1,replay
rep_20260205_AAPL,2026-02-05,2026-05-30 02:57:39.715789,AAPL,TREND_LEADER,C,replay,275.91,258.73,279.5,303.03,0.21,17.1786,won,2026-02-09,277.7,0.104,0.291,-0.245,4,stop_after_t1,replay
rep_20260210_AAPL,2026-02-10,2026-05-30 02:57:39.725468,AAPL,TREND_LEADER,C,replay,273.68,258.02,280.91,300.8,0.46,15.6554,lost,2026-02-13,258.02,-1.0,0.415,-1.164,3,stop,replay
rep_20260224_AAPL,2026-02-24,2026-05-30 02:57:39.735486,AAPL,TREND_LEADER,C,replay,272.14,254.39,280.91,294.0,0.49,17.7482,lost,2026-03-06,254.39,-1.0,0.224,-1.001,10,stop,replay
rep_20260227_AAPL,2026-02-27,2026-05-30 02:57:39.746267,AAPL,PULLBACK,B,replay,264.18,253.7,280.91,291.4,1.6,10.4784,lost,2026-03-09,253.7,-1.0,0.224,-1.002,10,stop,replay
rep_20260106_ACN,2026-01-06,2026-05-30 02:57:39.794458,ACN,TREND_LEADER,C,replay,275.93,259.7,281.13,398.35,0.32,16.2321,won,2026-01-08,278.53,0.16,0.656,-0.249,2,stop_after_t1,replay
rep_20260109_ACN,2026-01-09,2026-05-30 02:57:39.804951,ACN,TREND_LEADER,C,replay,280.67,264.16,286.57,398.35,0.36,16.5143,won,2026-01-20,283.62,0.179,0.631,-0.512,11,stop_after_t1,replay
rep_20260114_ACN,2026-01-14,2026-05-30 02:57:39.815005,ACN,TREND_LEADER,C,replay,288.54,269.71,291.09,398.35,0.14,18.8286,lost,2026-01-28,269.71,-1.0,0.113,-1.098,14,stop,replay
rep_20260120_ACN,2026-01-20,2026-05-30 02:57:39.825403,ACN,TREND_LEADER,C,replay,272.71,259.83,291.09,398.35,1.43,12.8811,lost,2026-01-29,259.83,-1.0,1.265,-1.191,9,stop,replay
rep_20260123_ACN,2026-01-23,2026-05-30 02:57:39.836262,ACN,TREND_LEADER,C,replay,281.07,269.78,291.09,398.35,0.89,11.2896,lost,2026-01-28,269.78,-1.0,0.312,-1.17,5,stop,replay
rep_20250902_ALAB,2025-09-02,2026-05-30 02:57:39.933897,ALAB,TREND_LEADER,C,replay,174.24,158.71,199.47,215.57,1.62,15.5332,won,2025-09-08,207.52,2.143,2.991,-0.112,6,t2,replay
rep_20250905_ALAB,2025-09-05,2026-05-30 02:57:39.944516,ALAB,TREND_LEADER,C,replay,191.2,164.76,199.47,215.91,0.31,26.4408,won,2025-09-08,207.69,0.624,1.115,0.106,3,t2,replay
rep_20250910_ALAB,2025-09-10,2026-05-30 02:57:39.954101,ALAB,TREND_LEADER,C,replay,230.37,200.02,254.65,272.87,0.8,30.3545,won,2025-09-23,242.51,0.4,1.072,-0.366,13,stop_after_t1,replay
rep_20250915_ALAB,2025-09-15,2026-05-30 02:57:39.963353,ALAB,TREND_LEADER,C,replay,231.29,200.86,237.82,277.15,0.21,30.4347,won,2025-09-19,234.56,0.107,1.039,-0.004,4,stop_after_t1,replay
rep_20250918_ALAB,2025-09-18,2026-05-30 02:57:39.973465,ALAB,TREND_LEADER,C,replay,251.88,218.27,262.9,309.12,0.33,33.6098,lost,2025-09-24,218.27,-1.0,-0.068,-1.672,6,stop,replay
rep_20250923_ALAB,2025-09-23,2026-05-30 02:57:39.983429,ALAB,TREND_LEADER,C,replay,230.11,213.3,262.9,287.35,1.95,16.8105,lost,2025-09-24,213.3,-1.0,-0.977,-2.048,1,stop,replay
rep_20250926_ALAB,2025-09-26,2026-05-30 02:57:39.993086,ALAB,TREND_LEADER,C,replay,197.78,187.95,262.9,285.14,6.63,9.8273,lost,2025-10-01,187.95,-1.0,1.196,-1.186,5,stop,replay
rep_20251001_ALAB,2025-10-01,2026-05-30 02:57:40.252294,ALAB,PULLBACK,A,replay,194.5,182.37,262.9,285.39,5.64,12.1284,lost,2025-10-14,182.37,-1.0,3.092,-2.834,13,stop,replay
rep_20251014_ALAB,2025-10-14,2026-05-30 02:57:40.263373,ALAB,MEAN_REVERSION,B,replay,161.55,155.74,262.9,289.2,17.44,5.8129,lost,2025-10-17,155.74,-1.0,1.554,-1.213,3,stop,replay
rep_20251222_ALAB,2025-12-22,2026-05-30 02:57:40.27381,ALAB,TREND_LEADER,C,replay,172.62,140.91,182.53,262.9,0.31,31.7087,won,2026-01-05,177.57,0.156,0.396,-0.373,14,stop_after_t1,replay
rep_20251226_ALAB,2025-12-26,2026-05-30 02:57:40.283294,ALAB,TREND_LEADER,C,replay,167.26,137.09,182.53,262.9,0.51,30.1704,won,2026-01-05,174.89,0.253,0.594,-0.214,10,stop_after_t1,replay
rep_20251231_ALAB,2025-12-31,2026-05-30 02:57:40.291458,ALAB,TREND_LEADER,C,replay,166.36,137.27,176.65,262.9,0.35,29.0937,won,2026-01-05,171.5,0.177,0.647,-0.132,5,stop_after_t1,replay
rep_20260114_ALAB,2026-01-14,2026-05-30 02:57:40.299404,ALAB,TREND_LEADER,C,replay,172.14,148.08,185.18,262.9,0.54,24.0638,won,2026-01-21,178.66,0.271,0.734,-0.284,7,stop_after_t1,replay
rep_20260120_ALAB,2026-01-20,2026-05-30 02:57:40.307251,ALAB,TREND_LEADER,C,replay,183.75,150.09,189.8,262.9,0.18,33.6555,lost,2026-01-30,150.09,-1.0,0.034,-1.029,10,stop,replay
rep_20260123_ALAB,2026-01-23,2026-05-30 02:57:40.314927,ALAB,TREND_LEADER,C,replay,169.66,152.05,189.8,262.9,1.14,17.6102,lost,2026-01-30,152.05,-1.0,0.398,-1.166,7,stop,replay
rep_20260210_ALAB,2026-02-10,2026-05-30 02:57:40.322846,ALAB,TREND_LEADER,C,replay,182.86,149.17,192.86,262.9,0.3,33.6948,lost,2026-02-11,149.17,-1.0,-0.619,-1.223,1,stop,replay
rep_20260413_ALAB,2026-04-13,2026-05-30 02:57:40.331025,ALAB,TREND_LEADER,C,replay,166.79,142.0,262.9,277.77,3.88,24.7912,won,2026-05-11,207.35,1.636,2.62,-0.334,28,timeout,replay
rep_20260416_ALAB,2026-04-16,2026-05-30 02:57:40.338813,ALAB,TREND_LEADER,C,replay,170.81,143.14,175.6,262.9,0.17,27.668,won,2026-05-14,202.12,1.132,2.202,-0.129,28,timeout_after_t1,replay
rep_20260421_ALAB,2026-04-21,2026-05-30 02:57:40.352563,ALAB,TREND_LEADER,C,replay,191.97,162.84,196.77,262.9,0.16,29.1316,won,2026-04-23,194.37,0.082,0.43,-0.162,2,stop_after_t1,replay
rep_20260424_ALAB,2026-04-24,2026-05-30 02:57:40.364392,ALAB,TREND_LEADER,C,replay,212.84,180.78,214.24,282.65,0.04,32.0579,lost,2026-04-28,180.78,-1.0,-0.06,-1.039,4,stop,replay
rep_20260429_ALAB,2026-04-29,2026-05-30 02:57:40.372529,ALAB,TREND_LEADER,C,replay,196.85,159.48,214.24,264.48,0.47,37.3736,won,2026-05-07,205.55,0.233,0.933,-0.338,8,stop_after_t1,replay
rep_20260504_ALAB,2026-05-04,2026-05-30 02:57:40.379849,ALAB,TREND_LEADER,C,replay,201.25,176.08,214.24,262.9,0.52,25.1733,won,2026-05-07,207.75,0.258,1.211,-0.354,3,stop_after_t1,replay
rep_20250915_AMAT,2025-09-15,2026-05-30 02:57:40.422989,AMAT,VCP,B,replay,170.93,161.59,215.7,221.31,4.79,9.3446,won,2025-10-02,218.5,5.094,5.94,0.07,17,t2,replay
rep_20250918_AMAT,2025-09-18,2026-05-30 02:57:40.431562,AMAT,TREND_LEADER,C,replay,189.76,177.75,191.55,217.74,0.15,12.0143,won,2025-10-01,204.65,1.239,2.388,-0.092,13,t2,replay
rep_20250923_AMAT,2025-09-23,2026-05-30 02:57:40.441543,AMAT,TREND_LEADER,C,replay,200.87,187.9,204.1,230.65,0.25,12.9732,won,2025-10-16,217.38,1.273,2.406,-0.36,23,t2,replay
rep_20250926_AMAT,2025-09-26,2026-05-30 02:57:40.451025,AMAT,TREND_LEADER,C,replay,203.92,189.57,205.2,234.36,0.09,14.3518,won,2025-09-30,204.56,0.045,0.459,-0.073,4,stop_after_t1,replay
rep_20251001_AMAT,2025-10-01,2026-05-30 02:57:40.459005,AMAT,TREND_LEADER,C,replay,217.74,200.49,231.54,255.56,0.8,17.2464,won,2025-10-22,224.64,0.4,0.831,-0.507,21,stop_after_t1,replay
rep_20251006_AMAT,2025-10-06,2026-05-30 02:57:40.467917,AMAT,TREND_LEADER,C,replay,223.91,203.77,226.49,262.75,0.13,20.1429,won,2025-10-17,225.2,0.064,0.405,-0.74,11,stop_after_t1,replay
rep_20251009_AMAT,2025-10-09,2026-05-30 02:57:40.478317,AMAT,TREND_LEADER,C,replay,220.3,199.1,226.49,255.89,0.29,21.2036,won,2025-10-22,223.4,0.146,0.555,-0.499,13,stop_after_t1,replay
rep_20251014_AMAT,2025-10-14,2026-05-30 02:57:40.488162,AMAT,TREND_LEADER,C,replay,218.19,201.29,226.49,249.7,0.49,16.8996,won,2025-10-22,222.34,0.246,0.821,-0.125,8,stop_after_t1,replay
rep_20251017_AMAT,2025-10-17,2026-05-30 02:57:40.498821,AMAT,TREND_LEADER,C,replay,224.99,206.62,232.07,248.77,0.39,18.3693,won,2025-11-07,228.53,0.193,0.953,-0.486,21,stop_after_t1,replay
rep_20251022_AMAT,2025-10-22,2026-05-30 02:57:40.509106,AMAT,TREND_LEADER,C,replay,220.56,207.55,232.07,245.18,0.88,13.0145,won,2025-11-13,226.31,0.442,1.686,-0.188,22,stop_after_t1,replay
rep_20251027_AMAT,2025-10-27,2026-05-30 02:57:40.521218,AMAT,TREND_LEADER,C,replay,231.33,211.64,235.79,251.08,0.23,19.6864,won,2025-10-31,233.56,0.113,0.567,-0.216,4,stop_after_t1,replay
rep_20251030_AMAT,2025-10-30,2026-05-30 02:57:40.532774,AMAT,TREND_LEADER,C,replay,232.55,214.1,242.5,254.33,0.54,18.4514,lost,2025-11-14,214.1,-1.0,0.507,-1.58,15,stop,replay
rep_20251104_AMAT,2025-11-04,2026-05-30 02:57:40.542481,AMAT,TREND_LEADER,C,replay,230.19,214.22,242.5,253.59,0.77,15.9675,lost,2025-11-14,214.22,-1.0,0.734,-1.678,10,stop,replay
rep_20251107_AMAT,2025-11-07,2026-05-30 02:57:40.552569,AMAT,TREND_LEADER,C,replay,230.07,221.34,242.5,254.71,1.42,8.7254,lost,2025-11-13,221.34,-1.0,0.741,-1.196,6,stop,replay
rep_20251117_AMAT,2025-11-17,2026-05-30 02:57:40.56314,AMAT,TREND_LEADER,C,replay,228.71,205.1,242.5,256.67,0.58,23.6089,won,2025-12-02,249.59,0.884,1.624,-0.56,15,t2,replay
rep_20251120_AMAT,2025-11-20,2026-05-30 02:57:40.571556,AMAT,MEAN_REVERSION,C,replay,220.23,200.78,242.5,258.19,1.15,19.4454,won,2025-12-02,250.34,1.548,2.407,-0.243,12,t2,replay
rep_20251125_AMAT,2025-11-25,2026-05-30 02:57:40.57975,AMAT,TREND_LEADER,C,replay,242.46,214.47,244.62,267.19,0.08,27.9875,won,2025-12-03,255.91,0.48,0.954,0.013,8,t2,replay
rep_20251201_AMAT,2025-12-01,2026-05-30 02:57:40.587252,AMAT,TREND_LEADER,C,replay,254.75,227.21,276.78,293.31,0.8,27.5429,won,2025-12-30,259.97,0.19,0.775,-0.284,29,timeout,replay
rep_20251204_AMAT,2025-12-04,2026-05-30 02:57:40.595247,AMAT,TREND_LEADER,C,replay,269.44,240.8,272.76,311.06,0.12,28.6411,won,2025-12-08,271.1,0.058,0.145,-0.101,4,stop_after_t1,replay
rep_20251209_AMAT,2025-12-09,2026-05-30 02:57:40.604597,AMAT,TREND_LEADER,C,replay,267.14,242.9,273.59,309.25,0.27,24.2357,won,2025-12-11,270.37,0.133,0.37,-0.178,2,stop_after_t1,replay
rep_20251212_AMAT,2025-12-12,2026-05-30 02:57:40.615577,AMAT,TREND_LEADER,C,replay,259.21,246.28,276.1,302.83,1.31,12.9302,won,2026-01-12,289.47,2.34,3.889,-0.951,31,t2,replay
rep_20251217_AMAT,2025-12-17,2026-05-30 02:57:40.627399,AMAT,TREND_LEADER,C,replay,248.27,244.82,276.1,288.71,8.06,3.4518,won,2026-01-06,282.4,9.894,14.478,1.148,20,t2,replay
rep_20251222_AMAT,2025-12-22,2026-05-30 02:57:40.638697,AMAT,TREND_LEADER,C,replay,259.01,244.77,276.1,290.95,1.2,14.2382,won,2026-01-06,283.52,1.722,2.754,-0.214,15,t2,replay
rep_20251226_AMAT,2025-12-26,2026-05-30 02:57:40.650114,AMAT,TREND_LEADER,C,replay,261.9,245.04,276.1,287.39,0.84,16.8609,won,2026-01-05,281.75,1.177,1.533,-0.352,10,t2,replay
rep_20260106_AMAT,2026-01-06,2026-05-30 02:57:40.661231,AMAT,TREND_LEADER,C,replay,296.01,275.21,298.22,326.79,0.11,20.7982,won,2026-01-15,312.5,0.793,1.682,-0.796,9,t2,replay
rep_20260109_AMAT,2026-01-09,2026-05-30 02:57:40.671137,AMAT,TREND_LEADER,C,replay,301.18,278.97,302.78,334.7,0.07,22.2071,won,2026-01-14,301.98,0.036,0.426,-0.188,5,stop_after_t1,replay
rep_20260114_AMAT,2026-01-14,2026-05-30 02:57:40.679146,AMAT,TREND_LEADER,C,replay,301.89,278.25,310.64,340.12,0.37,23.6393,won,2026-01-28,325.38,0.994,1.783,0.388,14,t2,replay
rep_20260120_AMAT,2026-01-20,2026-05-30 02:57:40.687171,AMAT,TREND_LEADER,C,replay,318.23,287.09,331.0,364.68,0.41,31.1375,won,2026-01-23,324.62,0.205,0.475,-0.23,3,stop_after_t1,replay
rep_20260123_AMAT,2026-01-23,2026-05-30 02:57:40.715151,AMAT,TREND_LEADER,C,replay,322.38,288.64,333.03,368.62,0.32,33.7411,won,2026-01-30,327.7,0.158,0.659,-0.172,7,stop_after_t1,replay
rep_20260128_AMAT,2026-01-28,2026-05-30 02:57:40.725616,AMAT,TREND_LEADER,C,replay,336.75,303.84,344.04,389.6,0.22,32.9143,won,2026-01-30,340.39,0.111,0.239,-0.462,2,stop_after_t1,replay
rep_20260202_AMAT,2026-02-02,2026-05-30 02:57:40.734556,AMAT,TREND_LEADER,C,replay,328.4,307.72,344.6,369.49,0.78,20.6805,lost,2026-02-04,307.72,-1.0,0.485,-1.978,2,stop,replay
rep_20260205_AMAT,2026-02-05,2026-05-30 02:57:40.743914,AMAT,TREND_LEADER,C,replay,303.99,283.6,344.6,367.92,1.99,20.3861,won,2026-02-13,356.26,2.564,3.547,0.211,8,t2,replay
rep_20260210_AMAT,2026-02-10,2026-05-30 02:57:40.751838,AMAT,TREND_LEADER,C,replay,329.07,287.42,344.6,369.59,0.37,41.6464,won,2026-02-13,357.1,0.673,1.134,-0.084,3,t2,replay
rep_20260213_AMAT,2026-02-13,2026-05-30 02:57:40.760153,AMAT,TREND_LEADER,C,replay,354.91,305.27,376.32,408.21,0.43,49.6393,won,2026-03-03,365.62,0.216,0.827,-0.146,18,stop_after_t1,replay
rep_20260219_AMAT,2026-02-19,2026-05-30 02:57:40.767448,AMAT,TREND_LEADER,C,replay,369.83,321.0,376.32,423.13,0.13,48.8268,won,2026-02-23,373.07,0.066,0.185,-0.073,4,stop_after_t1,replay
rep_20260224_AMAT,2026-02-24,2026-05-30 02:57:40.774694,AMAT,TREND_LEADER,C,replay,377.93,333.45,380.51,433.74,0.06,44.4786,won,2026-02-26,379.22,0.029,0.405,-0.256,2,stop_after_t1,replay
rep_20260227_AMAT,2026-02-27,2026-05-30 02:57:40.783975,AMAT,TREND_LEADER,C,replay,372.3,343.38,395.95,437.38,0.82,28.9175,lost,2026-03-05,343.38,-1.0,0.052,-1.245,6,stop,replay
rep_20260304_AMAT,2026-03-04,2026-05-30 02:57:40.793867,AMAT,TREND_LEADER,C,replay,357.76,344.29,395.95,422.84,2.84,13.4672,lost,2026-03-05,344.29,-1.0,-0.223,-1.593,1,stop,replay
rep_20260309_AMAT,2026-03-09,2026-05-30 02:57:40.803407,AMAT,TREND_LEADER,C,replay,338.94,312.54,395.95,420.7,2.16,26.4046,won,2026-04-07,354.31,0.582,1.555,-0.691,29,timeout,replay
rep_20260312_AMAT,2026-03-12,2026-05-30 02:57:40.811692,AMAT,PULLBACK,B,replay,337.27,312.4,395.95,421.5,2.36,24.8684,won,2026-04-10,397.72,2.431,2.815,-0.667,29,timeout_after_t1,replay
rep_20260320_AMAT,2026-03-20,2026-05-30 02:57:40.82015,AMAT,TREND_LEADER,C,replay,357.06,317.28,395.95,419.82,0.98,39.7821,won,2026-04-20,393.78,0.923,1.263,-0.914,31,timeout_after_t1,replay
rep_20260402_AMAT,2026-04-02,2026-05-30 02:57:40.827527,AMAT,TREND_LEADER,C,replay,348.47,316.43,379.99,405.57,0.98,32.043,won,2026-04-10,392.78,1.383,1.836,-0.093,8,t2,replay
rep_20260408_AMAT,2026-04-08,2026-05-30 02:57:40.836856,AMAT,TREND_LEADER,C,replay,385.72,338.53,389.3,430.88,0.08,47.1857,won,2026-04-15,387.51,0.038,0.457,-0.128,7,stop_after_t1,replay
rep_20260413_AMAT,2026-04-13,2026-05-30 02:57:40.847566,AMAT,TREND_LEADER,C,replay,395.73,352.02,407.29,447.69,0.26,43.7054,won,2026-04-28,401.51,0.132,0.567,-0.41,15,stop_after_t1,replay
rep_20260416_AMAT,2026-04-16,2026-05-30 02:57:40.872184,AMAT,TREND_LEADER,C,replay,389.9,352.06,407.29,441.86,0.46,37.8375,won,2026-04-28,398.6,0.23,0.809,-0.32,12,stop_after_t1,replay
rep_20260421_AMAT,2026-04-21,2026-05-30 02:57:40.882881,AMAT,BREAKOUT,A,replay,394.33,374.51,407.29,446.29,0.65,19.8162,won,2026-04-28,400.81,0.327,1.32,-0.834,7,stop_after_t1,replay
rep_20260424_AMAT,2026-04-24,2026-05-30 02:57:40.897049,AMAT,BREAKOUT,A,replay,417.04,383.7,420.5,476.93,0.1,33.3393,lost,2026-04-28,383.7,-1.0,-0.001,-1.177,4,stop,replay
rep_20260429_AMAT,2026-04-29,2026-05-30 02:57:40.907909,AMAT,TREND_LEADER,C,replay,382.59,373.81,420.5,440.07,4.32,8.7814,won,2026-05-11,430.28,5.432,7.501,0.224,12,t2,replay
rep_20260504_AMAT,2026-05-04,2026-05-30 02:57:40.918216,AMAT,TREND_LEADER,C,replay,391.38,373.62,420.5,441.22,1.64,17.7639,won,2026-05-11,430.86,2.223,3.213,0.499,7,t2,replay
rep_20250905_AMD,2025-09-05,2026-05-30 02:57:40.963993,AMD,MEAN_REVERSION,C,replay,151.14,148.65,186.65,195.85,14.24,2.4932,won,2025-10-03,164.67,5.434,8.0,-0.771,28,timeout,replay
rep_20251001_AMD,2025-10-01,2026-05-30 02:57:41.262991,AMD,VCP,B,replay,164.01,151.23,165.1,186.65,0.09,12.7804,won,2025-10-03,164.56,0.043,0.552,-0.068,2,stop_after_t1,replay
rep_20251006_AMD,2025-10-06,2026-05-30 02:57:41.275178,AMD,TREND_LEADER,C,replay,203.71,179.55,226.71,249.83,0.95,24.1571,won,2025-10-24,238.27,1.43,2.056,0.231,18,t2,replay
rep_20251009_AMD,2025-10-09,2026-05-30 02:57:41.286498,AMD,TREND_LEADER,C,replay,232.89,203.05,240.1,287.04,0.24,29.8375,won,2025-10-17,236.5,0.121,0.278,-0.66,8,stop_after_t1,replay
rep_20251014_AMD,2025-10-14,2026-05-30 02:57:41.296085,AMD,TREND_LEADER,C,replay,218.09,184.1,240.1,272.24,0.65,33.9893,won,2025-11-11,238.81,0.61,1.441,0.079,28,timeout_after_t1,replay
rep_20251017_AMD,2025-10-17,2026-05-30 02:57:41.304881,AMD,TREND_LEADER,C,replay,233.08,199.24,241.2,284.93,0.24,33.8409,won,2025-10-22,237.14,0.12,0.29,-0.242,5,stop_after_t1,replay
rep_20251022_AMD,2025-10-22,2026-05-30 02:57:41.313716,AMD,TREND_LEADER,C,replay,230.23,209.08,242.88,283.09,0.6,21.1509,won,2025-11-07,236.55,0.299,1.742,-0.264,16,stop_after_t1,replay
rep_20251027_AMD,2025-10-27,2026-05-30 02:57:41.325337,AMD,TREND_LEADER,C,replay,259.67,227.1,285.72,320.32,0.8,32.5679,lost,2025-11-07,227.1,-1.0,0.228,-1.076,11,stop,replay
rep_20251030_AMD,2025-10-30,2026-05-30 02:57:41.335542,AMD,TREND_LEADER,C,replay,254.84,227.18,267.08,317.2,0.44,27.6607,lost,2025-11-07,227.18,-1.0,0.264,-1.092,8,stop,replay
rep_20251104_AMD,2025-11-04,2026-05-30 02:57:41.344902,AMD,TREND_LEADER,C,replay,250.05,224.45,267.08,283.88,0.67,25.6036,lost,2025-11-19,224.45,-1.0,0.526,-1.185,15,stop,replay
rep_20251107_AMD,2025-11-07,2026-05-30 02:57:41.354283,AMD,TREND_LEADER,C,replay,233.54,221.65,267.08,285.04,2.82,11.8936,lost,2025-11-19,221.65,-1.0,2.521,-1.163,12,stop,replay
rep_20251112_AMD,2025-11-12,2026-05-30 02:57:41.364296,AMD,TREND_LEADER,C,replay,258.89,224.61,267.08,287.65,0.24,34.2786,lost,2025-11-19,224.61,-1.0,0.022,-1.143,7,stop,replay
rep_20251117_AMD,2025-11-17,2026-05-30 02:57:41.374074,AMD,TREND_LEADER,C,replay,240.52,221.09,267.08,288.39,1.37,19.432,lost,2025-11-19,221.09,-1.0,-0.13,-1.071,2,stop,replay
rep_20251120_AMD,2025-11-20,2026-05-30 02:57:41.383132,AMD,MEAN_REVERSION,B,replay,206.02,200.43,267.08,291.68,10.92,5.5898,lost,2025-11-21,200.43,-1.0,0.503,-1.971,1,stop,replay
rep_20251217_AMD,2025-12-17,2026-05-30 02:57:41.392756,AMD,MEAN_REVERSION,B,replay,198.11,195.54,235.28,267.08,14.44,2.5734,won,2026-01-16,233.56,13.792,15.658,0.658,30,timeout_after_t1,replay
rep_20251231_AMD,2025-12-31,2026-05-30 02:57:41.401881,AMD,VCP,B,replay,214.16,195.64,224.84,267.08,0.58,18.5245,won,2026-01-06,219.5,0.288,1.072,-0.157,6,stop_after_t1,replay
rep_20260114_AMD,2026-01-14,2026-05-30 02:57:41.412043,AMD,TREND_LEADER,C,replay,223.6,203.74,234.02,267.08,0.52,19.8589,won,2026-02-04,228.81,0.262,2.183,-1.231,21,stop_after_t1,replay
rep_20260120_AMD,2026-01-20,2026-05-30 02:57:41.421189,AMD,TREND_LEADER,C,replay,231.92,208.09,239.5,272.29,0.32,23.8286,won,2026-02-04,235.71,0.159,1.47,-1.375,15,stop_after_t1,replay
rep_20260123_AMD,2026-01-23,2026-05-30 02:57:41.430099,AMD,TREND_LEADER,C,replay,259.68,231.5,266.96,300.05,0.26,28.175,lost,2026-02-04,231.5,-1.0,0.03,-2.148,12,stop,replay
rep_20260128_AMD,2026-01-28,2026-05-30 02:57:41.442577,AMD,TREND_LEADER,C,replay,252.74,226.03,266.96,293.04,0.53,26.7053,lost,2026-02-04,226.03,-1.0,0.292,-2.006,7,stop,replay
rep_20260202_AMD,2026-02-02,2026-05-30 02:57:41.451367,AMD,TREND_LEADER,C,replay,246.27,222.2,266.96,286.57,0.86,24.0716,lost,2026-02-04,222.2,-1.0,0.265,-1.958,2,stop,replay
rep_20260210_AMD,2026-02-10,2026-05-30 02:57:41.459454,AMD,PULLBACK,B,replay,213.57,187.02,266.96,289.18,2.01,26.5541,lost,2026-03-11,204.83,-0.329,0.229,-0.955,29,timeout,replay
rep_20260325_AMD,2026-03-25,2026-05-30 02:57:41.467999,AMD,TREND_LEADER,C,replay,220.27,199.23,267.08,279.71,2.22,21.0446,lost,2026-03-27,199.23,-1.0,0.035,-1.073,2,stop,replay
rep_20260402_AMD,2026-04-02,2026-05-30 02:57:41.475757,AMD,TREND_LEADER,C,replay,217.5,191.84,221.33,267.08,0.15,25.6607,won,2026-04-07,219.41,0.075,0.343,-0.083,5,stop_after_t1,replay
rep_20260408_AMD,2026-04-08,2026-05-30 02:57:41.483727,AMD,TREND_LEADER,C,replay,231.82,204.35,234.0,276.63,0.08,27.475,won,2026-04-16,255.31,0.855,1.73,-0.033,8,t2,replay
rep_20260413_AMD,2026-04-13,2026-05-30 02:57:41.491718,AMD,TREND_LEADER,C,replay,246.83,220.15,249.58,291.31,0.1,26.6821,won,2026-04-22,270.44,0.885,2.152,-0.042,9,t2,replay
rep_20260416_AMD,2026-04-16,2026-05-30 02:57:41.499827,AMD,TREND_LEADER,C,replay,278.26,252.03,299.25,330.17,0.8,26.2321,won,2026-04-24,314.71,1.39,2.849,-0.239,8,t2,replay
rep_20260421_AMD,2026-04-21,2026-05-30 02:57:41.508964,AMD,TREND_LEADER,C,replay,284.49,257.51,287.61,341.33,0.12,26.9768,won,2026-04-24,314.47,1.111,2.539,0.061,3,t2,replay
rep_20260424_AMD,2026-04-24,2026-05-30 02:57:41.519313,AMD,TREND_LEADER,C,replay,347.81,313.42,352.99,443.88,0.15,34.3893,lost,2026-04-28,313.42,-1.0,0.041,-1.099,4,stop,replay
rep_20260429_AMD,2026-04-29,2026-05-30 02:57:41.532053,AMD,TREND_LEADER,C,replay,337.11,295.41,352.99,428.53,0.38,41.7036,won,2026-05-06,390.76,1.287,2.242,-0.108,7,t2,replay
rep_20260504_AMD,2026-05-04,2026-05-30 02:57:41.543691,AMD,TREND_LEADER,C,replay,341.54,294.29,362.79,429.99,0.45,47.2482,won,2026-05-06,396.39,1.161,1.885,0.071,2,t2,replay
rep_20250902_AMZN,2025-09-02,2026-05-30 02:57:41.591069,AMZN,TREND_LEADER,C,replay,225.34,219.33,234.08,242.52,1.45,6.0146,won,2025-09-23,229.71,0.727,2.248,-0.877,21,stop_after_t1,replay
rep_20250905_AMZN,2025-09-05,2026-05-30 02:57:41.601154,AMZN,TREND_LEADER,C,replay,232.33,220.51,236.0,243.09,0.31,11.8161,won,2025-09-10,234.17,0.155,0.552,-0.273,5,stop_after_t1,replay
rep_20250910_AMZN,2025-09-10,2026-05-30 02:57:41.609479,AMZN,TREND_LEADER,C,replay,230.33,220.59,238.85,246.28,0.87,9.7377,lost,2025-09-23,220.59,-1.0,0.572,-1.053,13,stop,replay
rep_20250923_AMZN,2025-09-23,2026-05-30 02:57:41.6186,AMZN,MEAN_REVERSION,B,replay,220.71,218.73,238.85,246.91,9.14,1.9841,lost,2025-09-25,218.73,-1.0,1.944,-2.141,2,stop,replay
rep_20251104_AMZN,2025-11-04,2026-05-30 02:57:41.627641,AMZN,TREND_LEADER,C,replay,249.32,230.45,258.6,277.86,0.49,18.8679,lost,2025-11-17,230.45,-1.0,0.129,-1.067,13,stop,replay
rep_20251107_AMZN,2025-11-07,2026-05-30 02:57:41.636221,AMZN,TREND_LEADER,C,replay,244.41,224.42,258.6,272.95,0.71,19.9857,lost,2025-11-18,224.42,-1.0,0.367,-1.1,11,stop,replay
rep_20251112_AMZN,2025-11-12,2026-05-30 02:57:41.644989,AMZN,TREND_LEADER,C,replay,244.2,224.07,258.6,272.74,0.72,20.125,lost,2025-11-18,224.07,-1.0,-0.022,-1.082,6,stop,replay
rep_20251117_AMZN,2025-11-17,2026-05-30 02:57:41.656121,AMZN,TREND_LEADER,C,replay,232.87,227.08,258.6,271.24,4.45,5.7864,lost,2025-11-18,227.08,-1.0,-0.461,-1.805,1,stop,replay
rep_20251120_AMZN,2025-11-20,2026-05-30 02:57:41.667402,AMZN,PULLBACK,A,replay,217.14,214.88,258.6,269.75,18.36,2.258,won,2025-12-19,227.35,4.518,9.659,-0.867,29,timeout,replay
rep_20251125_AMZN,2025-11-25,2026-05-30 02:57:41.678194,AMZN,PULLBACK,A,replay,229.67,213.45,258.6,268.98,1.78,16.2198,won,2025-12-24,232.38,0.167,0.573,-0.535,29,timeout,replay
rep_20251212_AMZN,2025-12-12,2026-05-30 02:57:41.687472,AMZN,VCP,B,replay,226.19,223.97,238.97,258.6,5.76,2.2182,lost,2025-12-15,223.97,-1.0,0.784,-2.113,3,stop,replay
rep_20251217_AMZN,2025-12-17,2026-05-30 02:57:41.696662,AMZN,VCP,B,replay,221.27,219.91,238.97,258.6,13.0,1.3614,won,2026-01-16,239.04,13.07,20.346,2.309,30,timeout_after_t1,replay
rep_20251222_AMZN,2025-12-22,2026-05-30 02:57:41.708175,AMZN,VCP,B,replay,228.43,219.89,238.97,258.6,1.23,8.5425,won,2026-01-21,233.7,0.617,2.402,-0.437,30,stop_after_t1,replay
rep_20251226_AMZN,2025-12-26,2026-05-30 02:57:41.719025,AMZN,VCP,B,replay,232.52,222.52,238.97,258.6,0.65,9.9982,won,2026-01-20,235.75,0.322,1.642,-0.782,25,stop_after_t1,replay
rep_20251231_AMZN,2025-12-31,2026-05-30 02:57:41.729618,AMZN,VCP,A,replay,230.82,221.76,233.5,258.6,0.3,9.0607,won,2026-01-05,232.16,0.148,0.512,-0.675,5,stop_after_t1,replay
rep_20260106_AMZN,2026-01-06,2026-05-30 02:57:41.739675,AMZN,TREND_LEADER,C,replay,240.93,229.3,243.18,263.5,0.19,11.625,won,2026-01-13,242.06,0.097,0.689,-0.121,7,stop_after_t1,replay
rep_20260109_AMZN,2026-01-09,2026-05-30 02:57:41.751073,AMZN,BREAKOUT,A,replay,247.38,235.48,258.6,269.95,0.94,11.9018,lost,2026-01-20,235.48,-1.0,0.131,-1.516,11,stop,replay
rep_20260114_AMZN,2026-01-14,2026-05-30 02:57:41.759681,AMZN,TREND_LEADER,C,replay,236.65,223.6,248.94,259.22,0.94,13.05,lost,2026-02-05,223.6,-1.0,0.853,-1.247,22,stop,replay
rep_20260123_AMZN,2026-01-23,2026-05-30 02:57:41.76843,AMZN,TREND_LEADER,C,replay,239.16,225.36,248.94,259.5,0.71,13.7966,lost,2026-02-05,225.36,-1.0,0.625,-1.361,13,stop,replay
rep_20260128_AMZN,2026-01-28,2026-05-30 02:57:41.777703,AMZN,TREND_LEADER,C,replay,243.01,229.26,248.94,263.35,0.43,13.7518,lost,2026-02-05,229.26,-1.0,0.243,-1.646,8,stop,replay
rep_20260202_AMZN,2026-02-02,2026-05-30 02:57:41.787849,AMZN,TREND_LEADER,C,replay,242.96,228.14,248.94,258.6,0.4,14.8161,lost,2026-02-05,228.14,-1.0,0.229,-1.524,3,stop,replay
rep_20260413_AMZN,2026-04-13,2026-05-30 02:57:41.797241,AMZN,TREND_LEADER,C,replay,239.89,223.08,258.6,269.07,1.11,16.8125,won,2026-04-30,263.84,1.424,2.022,0.112,17,t2,replay
rep_20260416_AMZN,2026-04-16,2026-05-30 02:57:41.80725,AMZN,TREND_LEADER,C,replay,249.7,231.77,252.18,281.52,0.14,17.925,won,2026-04-20,250.94,0.069,0.361,-0.241,4,stop_after_t1,replay
rep_20260421_AMZN,2026-04-21,2026-05-30 02:57:41.815684,AMZN,TREND_LEADER,C,replay,249.91,232.65,256.18,284.13,0.36,17.2625,won,2026-05-19,257.76,0.455,1.66,0.024,28,timeout_after_t1,replay
rep_20260424_AMZN,2026-04-24,2026-05-30 02:57:41.824989,AMZN,TREND_LEADER,C,replay,263.99,245.81,278.53,303.21,0.8,18.175,won,2026-05-12,271.26,0.4,0.801,-0.431,18,stop_after_t1,replay
rep_20260429_AMZN,2026-04-29,2026-05-30 02:57:41.836112,AMZN,TREND_LEADER,C,replay,263.04,247.23,265.91,299.65,0.18,15.8071,won,2026-05-01,264.48,0.091,0.686,-0.435,2,stop_after_t1,replay
rep_20260504_AMZN,2026-05-04,2026-05-30 02:57:41.845934,AMZN,TREND_LEADER,C,replay,272.05,253.95,276.1,312.26,0.22,18.0964,won,2026-05-07,274.08,0.112,0.36,-0.086,3,stop_after_t1,replay
rep_20250902_ANET,2025-09-02,2026-05-30 02:57:41.883272,ANET,TREND_LEADER,C,replay,135.87,126.47,141.99,151.07,0.65,9.4004,won,2025-09-10,146.53,1.134,1.685,-0.108,8,t2,replay
rep_20250905_ANET,2025-09-05,2026-05-30 02:57:41.892818,ANET,TREND_LEADER,C,replay,142.85,132.08,145.46,153.58,0.24,10.7698,won,2025-09-11,149.52,0.619,1.251,-0.31,6,t2,replay
rep_20250910_ANET,2025-09-10,2026-05-30 02:57:41.901075,ANET,TREND_LEADER,C,replay,150.72,139.47,151.71,165.2,0.09,11.2513,won,2025-09-12,151.22,0.044,0.498,-1.04,2,stop_after_t1,replay
rep_20250915_ANET,2025-09-15,2026-05-30 02:57:41.910622,ANET,TREND_LEADER,C,replay,145.43,131.36,156.32,164.76,0.77,14.0727,won,2025-10-13,150.88,0.387,1.226,-0.493,28,stop_after_t1,replay
rep_20250918_ANET,2025-09-18,2026-05-30 02:57:41.919294,ANET,TREND_LEADER,C,replay,146.66,137.03,156.32,165.16,1.0,9.6331,won,2025-10-13,151.49,0.502,1.664,-0.772,25,stop_after_t1,replay
rep_20250923_ANET,2025-09-23,2026-05-30 02:57:41.927581,ANET,TREND_LEADER,C,replay,144.09,137.01,156.32,165.25,1.73,7.0781,won,2025-10-14,150.2,0.864,2.626,-1.031,21,stop_after_t1,replay
rep_20250926_ANET,2025-09-26,2026-05-30 02:57:42.248151,ANET,TREND_LEADER,C,replay,142.5,137.08,156.32,164.87,2.55,5.4247,won,2025-10-14,149.41,1.275,3.723,-1.054,18,stop_after_t1,replay
rep_20251001_ANET,2025-10-01,2026-05-30 02:57:42.262726,ANET,TREND_LEADER,C,replay,149.27,137.88,156.32,164.42,0.62,11.3893,won,2025-10-13,152.8,0.309,1.177,-0.704,12,stop_after_t1,replay
rep_20251006_ANET,2025-10-06,2026-05-30 02:57:42.27788,ANET,TREND_LEADER,C,replay,149.5,137.98,156.32,163.81,0.59,11.5191,won,2025-10-13,152.91,0.296,1.144,-0.54,7,stop_after_t1,replay
rep_20251009_ANET,2025-10-09,2026-05-30 02:57:42.289422,ANET,TREND_LEADER,C,replay,158.23,143.19,159.8,171.01,0.1,15.0436,won,2025-10-13,159.01,0.052,0.296,-0.874,4,stop_after_t1,replay
rep_20251022_ANET,2025-10-22,2026-05-30 02:57:42.300281,ANET,TREND_LEADER,C,replay,146.59,134.82,162.68,174.48,1.37,11.7664,won,2025-11-05,154.63,0.684,1.559,-0.558,14,stop_after_t1,replay
rep_20251027_ANET,2025-10-27,2026-05-30 02:57:42.310692,ANET,TREND_LEADER,C,replay,156.81,138.35,162.68,173.76,0.32,18.4646,won,2025-10-31,159.75,0.159,0.44,-0.243,4,stop_after_t1,replay
rep_20251030_ANET,2025-10-30,2026-05-30 02:57:42.322387,ANET,TREND_LEADER,C,replay,158.44,141.56,164.94,175.33,0.39,16.8827,lost,2025-11-05,141.56,-1.0,0.218,-1.091,6,stop,replay
rep_20251104_ANET,2025-11-04,2026-05-30 02:57:42.334085,ANET,TREND_LEADER,C,replay,153.55,140.27,164.94,173.39,0.86,13.2777,lost,2025-11-05,140.27,-1.0,-0.418,-1.019,1,stop,replay
rep_20251231_ANET,2025-12-31,2026-05-30 02:57:42.345055,ANET,VCP,B,replay,131.03,120.55,136.4,164.94,0.51,10.4792,won,2026-01-07,133.72,0.256,0.99,-0.228,7,stop_after_t1,replay
rep_20260123_ANET,2026-01-23,2026-05-30 02:57:42.355564,ANET,TREND_LEADER,C,replay,136.34,120.24,146.4,164.94,0.62,16.1045,won,2026-02-03,141.37,0.312,0.96,-0.063,11,stop_after_t1,replay
rep_20260128_ANET,2026-01-28,2026-05-30 02:57:42.366497,ANET,TREND_LEADER,C,replay,150.15,133.21,151.8,175.42,0.1,16.9375,lost,2026-02-04,133.21,-1.0,0.083,-1.234,7,stop,replay
rep_20260202_ANET,2026-02-02,2026-05-30 02:57:42.375276,ANET,TREND_LEADER,C,replay,138.37,123.29,151.8,164.94,0.89,15.0803,lost,2026-03-03,123.29,-1.0,0.69,-1.061,29,stop,replay
rep_20260210_ANET,2026-02-10,2026-05-30 02:57:42.383099,ANET,TREND_LEADER,C,replay,143.45,124.82,151.8,164.94,0.45,18.6298,lost,2026-02-24,124.82,-1.0,0.286,-1.024,14,stop,replay
rep_20260213_ANET,2026-02-13,2026-05-30 02:57:42.391834,ANET,TREND_LEADER,C,replay,141.59,123.66,151.8,164.94,0.57,17.9343,lost,2026-03-03,123.66,-1.0,0.19,-1.072,18,stop,replay
rep_20260219_ANET,2026-02-19,2026-05-30 02:57:42.401839,ANET,TREND_LEADER,C,replay,137.23,123.59,151.8,164.94,1.07,13.6449,lost,2026-03-03,123.59,-1.0,0.081,-1.089,12,stop,replay
rep_20260309_ANET,2026-03-09,2026-05-30 02:57:42.41262,ANET,TREND_LEADER,C,replay,137.17,120.87,148.77,164.94,0.71,16.2955,lost,2026-03-27,120.87,-1.0,0.282,-1.032,18,stop,replay
rep_20260408_ANET,2026-04-08,2026-05-30 02:57:42.422366,ANET,TREND_LEADER,C,replay,145.07,128.01,146.16,166.9,0.06,17.0566,won,2026-04-13,145.62,0.032,0.414,-0.232,5,stop_after_t1,replay
rep_20260413_ANET,2026-04-13,2026-05-30 02:57:42.431103,ANET,TREND_LEADER,C,replay,152.02,135.36,164.94,174.94,0.78,16.6627,won,2026-04-22,169.94,1.076,1.588,-0.09,9,t2,replay
rep_20260416_ANET,2026-04-16,2026-05-30 02:57:42.439461,ANET,TREND_LEADER,C,replay,161.01,145.54,164.94,188.36,0.25,15.4679,won,2026-05-06,162.97,0.127,1.215,-1.321,20,stop_after_t1,replay
rep_20260421_ANET,2026-04-21,2026-05-30 02:57:42.448957,ANET,TREND_LEADER,C,replay,172.86,157.95,173.85,207.92,0.07,14.9057,won,2026-04-23,173.36,0.033,0.377,-0.233,2,stop_after_t1,replay
rep_20260424_ANET,2026-04-24,2026-05-30 02:57:42.457911,ANET,TREND_LEADER,C,replay,176.91,160.56,179.8,215.54,0.18,16.3487,lost,2026-05-06,160.56,-1.0,0.134,-2.222,12,stop,replay
rep_20260429_ANET,2026-04-29,2026-05-30 02:57:42.465845,ANET,TREND_LEADER,C,replay,168.68,152.53,179.8,204.69,0.69,16.1487,lost,2026-05-06,152.53,-1.0,0.645,-1.74,7,stop,replay
rep_20260504_ANET,2026-05-04,2026-05-30 02:57:42.473979,ANET,TREND_LEADER,C,replay,172.62,160.6,179.8,203.97,0.6,12.0225,lost,2026-05-06,160.6,-1.0,0.383,-2.666,2,stop,replay
rep_20250902_APP,2025-09-02,2026-05-30 02:57:42.505898,APP,TREND_LEADER,C,replay,481.73,421.99,488.7,548.8,0.12,59.7425,won,2025-09-05,485.22,0.058,0.49,-0.2,3,stop_after_t1,replay
rep_20250905_APP,2025-09-05,2026-05-30 02:57:42.515219,APP,TREND_LEADER,C,replay,490.24,429.41,511.0,565.73,0.34,60.8282,won,2025-09-10,538.37,0.791,1.41,0.747,5,t2,replay
rep_20250910_APP,2025-09-10,2026-05-30 02:57:42.523288,APP,TREND_LEADER,C,replay,567.12,501.4,576.01,681.61,0.14,65.7188,won,2025-09-29,628.81,0.939,2.716,-0.096,19,t2,replay
rep_20250915_APP,2025-09-15,2026-05-30 02:57:42.531443,APP,TREND_LEADER,C,replay,593.14,531.84,642.18,719.19,0.8,61.2979,won,2025-09-29,680.68,1.428,2.487,-0.096,14,t2,replay
rep_20250918_APP,2025-09-18,2026-05-30 02:57:42.540527,APP,TREND_LEADER,C,replay,621.52,560.44,632.88,755.97,0.19,61.0784,won,2025-09-25,627.2,0.093,0.797,-0.065,7,stop_after_t1,replay
rep_20250923_APP,2025-09-23,2026-05-30 02:57:42.549861,APP,TREND_LEADER,C,replay,651.18,585.67,670.19,786.89,0.29,65.5081,won,2025-10-06,660.68,0.145,1.441,-1.621,13,stop_after_t1,replay
rep_20250926_APP,2025-09-26,2026-05-30 02:57:42.560362,APP,TREND_LEADER,C,replay,669.86,612.26,715.94,801.22,0.8,57.6015,won,2025-10-06,692.9,0.4,1.315,-2.168,10,stop_after_t1,replay
rep_20251001_APP,2025-10-01,2026-05-30 02:57:42.570747,APP,TREND_LEADER,C,replay,704.09,632.33,745.61,869.58,0.58,71.7563,lost,2025-10-06,632.33,-1.0,0.096,-2.217,5,stop,replay
rep_20251006_APP,2025-10-06,2026-05-30 02:57:42.579848,APP,TREND_LEADER,C,replay,587.0,535.2,745.61,804.38,3.06,51.7954,won,2025-11-03,632.14,0.871,1.312,-0.77,28,timeout,replay
rep_20251009_APP,2025-10-09,2026-05-30 02:57:42.590281,APP,TREND_LEADER,C,replay,600.32,534.38,745.61,809.34,2.2,65.9409,won,2025-11-06,621.36,0.319,0.849,-0.807,28,timeout,replay
rep_20251107_APP,2025-11-07,2026-05-30 02:57:42.602103,APP,TREND_LEADER,C,replay,619.93,568.75,656.3,745.61,0.71,51.1833,won,2025-11-11,638.12,0.355,1.076,-0.722,4,stop_after_t1,replay
rep_20251204_APP,2025-12-04,2026-05-30 02:57:42.613507,APP,TREND_LEADER,C,replay,683.78,599.02,698.47,837.57,0.17,84.7627,won,2025-12-08,691.12,0.087,0.27,-0.06,4,stop_after_t1,replay
rep_20251209_APP,2025-12-09,2026-05-30 02:57:42.62415,APP,TREND_LEADER,C,replay,724.62,639.65,745.61,878.41,0.25,84.9732,lost,2026-01-02,639.65,-1.0,0.158,-1.342,24,stop,replay
rep_20251212_APP,2025-12-12,2026-05-30 02:57:42.635519,APP,TREND_LEADER,C,replay,670.67,586.06,726.83,824.46,0.66,84.6107,won,2026-01-02,698.75,0.332,0.796,-0.71,21,stop_after_t1,replay
rep_20251217_APP,2025-12-17,2026-05-30 02:57:42.645395,APP,TREND_LEADER,C,replay,657.13,645.75,726.83,810.92,6.12,11.384,won,2026-01-02,691.98,3.062,7.107,-4.091,16,stop_after_t1,replay
rep_20251222_APP,2025-12-22,2026-05-30 02:57:42.663283,APP,TREND_LEADER,C,replay,733.6,654.59,738.01,867.17,0.06,79.0111,lost,2026-01-02,654.59,-1.0,0.043,-1.557,11,stop,replay
rep_20251226_APP,2025-12-26,2026-05-30 02:57:42.673031,APP,TREND_LEADER,C,replay,714.23,646.42,738.01,811.44,0.35,67.8063,lost,2026-01-02,646.42,-1.0,-0.13,-1.529,7,stop,replay
rep_20251231_APP,2025-12-31,2026-05-30 02:57:42.683213,APP,TREND_LEADER,C,replay,673.82,649.6,738.01,781.62,2.65,24.2183,lost,2026-01-02,649.6,-1.0,0.4,-2.611,2,stop,replay
rep_20250910_ARM,2025-09-10,2026-05-30 02:57:42.716319,ARM,TREND_LEADER,C,replay,154.14,141.62,182.88,190.39,2.3,12.5173,lost,2025-09-22,141.62,-1.0,0.379,-1.022,12,stop,replay
rep_20250915_ARM,2025-09-15,2026-05-30 02:57:42.725929,ARM,TREND_LEADER,C,replay,153.86,140.84,158.89,182.88,0.39,13.0205,lost,2025-09-23,140.84,-1.0,0.149,-1.043,8,stop,replay
rep_20250918_ARM,2025-09-18,2026-05-30 02:57:42.734111,ARM,TREND_LEADER,C,replay,146.54,133.89,158.89,182.88,0.98,12.6453,won,2025-10-16,165.04,1.462,2.672,-0.705,28,timeout_after_t1,replay
rep_20251001_ARM,2025-10-01,2026-05-30 02:57:42.743575,ARM,TREND_LEADER,C,replay,150.38,136.96,158.89,182.88,0.63,13.4234,won,2025-10-27,170.88,1.528,2.443,-0.072,26,t2,replay
rep_20251006_ARM,2025-10-06,2026-05-30 02:57:42.753253,ARM,TREND_LEADER,C,replay,156.22,142.7,160.54,182.88,0.32,13.5225,won,2025-10-10,158.38,0.16,1.157,-0.222,4,stop_after_t1,replay
rep_20251009_ARM,2025-10-09,2026-05-30 02:57:42.761355,ARM,TREND_LEADER,C,replay,170.66,155.49,171.86,191.2,0.08,15.1691,lost,2025-10-10,155.49,-1.0,0.061,-1.15,1,stop,replay
rep_20251014_ARM,2025-10-14,2026-05-30 02:57:42.769905,ARM,TREND_LEADER,C,replay,168.16,146.51,180.34,193.79,0.56,21.6459,won,2025-10-30,174.25,0.281,0.693,-0.338,16,stop_after_t1,replay
rep_20251017_ARM,2025-10-17,2026-05-30 02:57:42.778402,ARM,TREND_LEADER,C,replay,165.61,150.89,180.34,194.3,1.0,14.7172,won,2025-10-30,172.98,0.5,1.192,-0.323,13,stop_after_t1,replay
rep_20251022_ARM,2025-10-22,2026-05-30 02:57:42.786698,ARM,TREND_LEADER,C,replay,165.71,150.75,180.34,195.18,0.98,14.9628,won,2025-10-30,173.03,0.489,1.166,-0.11,8,stop_after_t1,replay
rep_20251027_ARM,2025-10-27,2026-05-30 02:57:42.794134,ARM,TREND_LEADER,C,replay,178.62,158.25,183.16,205.42,0.22,20.3678,lost,2025-11-05,158.25,-1.0,0.025,-1.094,9,stop,replay
rep_20251030_ARM,2025-10-30,2026-05-30 02:57:42.801618,ARM,TREND_LEADER,C,replay,165.45,158.64,183.16,196.42,2.6,6.8073,lost,2025-11-05,158.64,-1.0,1.188,-1.339,6,stop,replay
rep_20251107_ARM,2025-11-07,2026-05-30 02:57:42.809557,ARM,MEAN_REVERSION,B,replay,152.38,144.26,183.16,195.33,3.79,8.1191,lost,2025-11-13,144.26,-1.0,0.854,-1.724,6,stop,replay
rep_20251209_ARM,2025-12-09,2026-05-30 02:57:42.817753,ARM,VCP,B,replay,141.93,129.56,153.0,183.16,0.89,12.372,lost,2025-12-15,129.56,-1.0,0.07,-1.519,6,stop,replay
rep_20260325_ARM,2026-03-25,2026-05-30 02:57:42.830096,ARM,TREND_LEADER,C,replay,157.07,136.76,166.69,190.33,0.47,20.3114,lost,2026-03-30,136.76,-1.0,0.318,-1.037,5,stop,replay
rep_20260402_ARM,2026-04-02,2026-05-30 02:57:42.838306,ARM,TREND_LEADER,C,replay,149.11,128.87,166.69,183.16,0.87,20.2424,won,2026-04-22,174.93,1.275,2.349,-0.57,20,t2,replay
rep_20260408_ARM,2026-04-08,2026-05-30 02:57:42.848733,ARM,TREND_LEADER,C,replay,148.91,133.27,166.69,183.16,1.14,15.6416,won,2026-04-22,174.93,1.663,3.053,-0.233,14,t2,replay
rep_20260413_ARM,2026-04-13,2026-05-30 02:57:42.861035,ARM,TREND_LEADER,C,replay,157.58,133.2,166.69,186.57,0.37,24.3809,won,2026-04-22,176.63,0.781,1.603,-0.056,9,t2,replay
rep_20260416_ARM,2026-04-16,2026-05-30 02:57:42.871422,ARM,TREND_LEADER,C,replay,162.33,139.28,166.69,187.64,0.19,23.0464,won,2026-04-22,177.16,0.644,1.489,0.017,6,t2,replay
rep_20260421_ARM,2026-04-21,2026-05-30 02:57:42.882593,ARM,TREND_LEADER,C,replay,175.49,154.88,179.4,203.32,0.19,20.6116,won,2026-04-23,191.36,0.77,1.713,0.145,2,t2,replay
rep_20260424_ARM,2026-04-24,2026-05-30 02:57:42.891389,ARM,TREND_LEADER,C,replay,234.81,205.46,237.68,295.82,0.1,29.3509,lost,2026-04-28,205.46,-1.0,-0.256,-1.356,4,stop,replay
rep_20260429_ARM,2026-04-29,2026-05-30 02:57:42.89885,ARM,TREND_LEADER,C,replay,201.69,167.09,237.68,261.75,1.04,34.6009,won,2026-05-12,219.69,0.52,1.093,-0.097,13,stop_after_t1,replay
rep_20260504_ARM,2026-05-04,2026-05-30 02:57:42.90655,ARM,TREND_LEADER,C,replay,203.26,169.59,237.68,263.32,1.02,33.6689,won,2026-05-12,220.47,0.511,1.076,-0.07,8,stop_after_t1,replay
rep_20250905_ASML,2025-09-05,2026-05-30 02:57:42.949727,ASML,TREND_LEADER,C,replay,781.7,739.68,873.65,898.86,2.19,42.0232,won,2025-09-18,886.25,2.488,3.736,0.12,13,t2,replay
rep_20250910_ASML,2025-09-10,2026-05-30 02:57:42.958897,ASML,TREND_LEADER,C,replay,793.14,749.24,809.6,873.65,0.37,43.8982,won,2025-09-16,841.62,1.104,2.012,0.122,6,t2,replay
rep_20250915_ASML,2025-09-15,2026-05-30 02:57:42.969498,ASML,TREND_LEADER,C,replay,867.3,817.55,873.65,958.81,0.13,49.7482,won,2025-09-17,870.47,0.064,0.285,-0.123,2,stop_after_t1,replay
rep_20250918_ASML,2025-09-18,2026-05-30 02:57:43.255655,ASML,TREND_LEADER,C,replay,927.8,866.68,938.68,1061.29,0.18,61.1197,won,2025-10-16,979.14,0.84,2.147,-0.032,28,timeout_after_t1,replay
rep_20250923_ASML,2025-09-23,2026-05-30 02:57:43.265538,ASML,TREND_LEADER,C,replay,963.51,901.66,977.48,1120.28,0.23,61.8536,won,2025-10-10,970.5,0.113,1.544,-0.454,17,stop_after_t1,replay
rep_20250926_ASML,2025-09-26,2026-05-30 02:57:43.27579,ASML,TREND_LEADER,C,replay,951.52,892.8,977.48,1108.29,0.44,58.7161,won,2025-10-10,964.5,0.221,1.83,-0.274,14,stop_after_t1,replay
rep_20251001_ASML,2025-10-01,2026-05-30 02:57:43.286094,ASML,TREND_LEADER,C,replay,1003.27,939.77,1054.07,1165.23,0.8,63.5036,won,2025-10-07,1028.67,0.4,0.878,-0.036,6,stop_after_t1,replay
rep_20251006_ASML,2025-10-06,2026-05-30 02:57:43.296214,ASML,TREND_LEADER,C,replay,1043.3,980.24,1059.0,1204.09,0.25,63.0571,lost,2025-10-08,980.24,-1.0,0.025,-1.045,2,stop,replay
rep_20251009_ASML,2025-10-09,2026-05-30 02:57:43.304804,ASML,TREND_LEADER,C,replay,980.54,936.65,1059.0,1132.16,1.79,43.8921,lost,2025-10-10,936.65,-1.0,-0.099,-1.028,1,stop,replay
rep_20251014_ASML,2025-10-14,2026-05-30 02:57:43.314725,ASML,TREND_LEADER,C,replay,983.18,928.5,1059.0,1101.87,1.39,54.6788,won,2025-11-11,1040.71,1.052,1.882,0.189,28,timeout_after_t1,replay
rep_20251017_ASML,2025-10-17,2026-05-30 02:57:43.32206,ASML,TREND_LEADER,C,replay,1029.27,949.72,1059.0,1106.73,0.37,79.5518,won,2025-11-04,1044.13,0.187,0.715,-0.397,18,stop_after_t1,replay
rep_20251022_ASML,2025-10-22,2026-05-30 02:57:43.330063,ASML,TREND_LEADER,C,replay,1011.57,934.54,1059.0,1105.22,0.62,77.0304,won,2025-11-07,1035.29,0.308,0.968,-0.191,16,stop_after_t1,replay
rep_20251027_ASML,2025-10-27,2026-05-30 02:57:43.338132,ASML,TREND_LEADER,C,replay,1059.98,984.77,1120.15,1165.28,0.8,75.2143,lost,2025-11-14,984.77,-1.0,0.347,-1.05,18,stop,replay
rep_20251030_ASML,2025-10-30,2026-05-30 02:57:43.345834,ASML,TREND_LEADER,C,replay,1075.45,1006.77,1086.11,1165.87,0.16,68.675,lost,2025-11-07,1006.77,-1.0,-0.03,-1.145,8,stop,replay
rep_20251104_ASML,2025-11-04,2026-05-30 02:57:43.353397,ASML,TREND_LEADER,C,replay,1030.14,991.7,1086.11,1121.95,1.46,38.4432,lost,2025-11-14,991.7,-1.0,0.533,-1.278,10,stop,replay
rep_20251107_ASML,2025-11-07,2026-05-30 02:57:43.36087,ASML,TREND_LEADER,C,replay,1016.96,990.92,1086.11,1121.54,2.66,26.0445,lost,2025-11-14,990.92,-1.0,0.992,-1.381,7,stop,replay
rep_20251120_ASML,2025-11-20,2026-05-30 02:57:43.369058,ASML,MEAN_REVERSION,C,replay,981.04,969.42,1086.11,1131.56,9.05,11.6157,lost,2025-11-21,969.42,-1.0,-0.215,-3.006,1,stop,replay
rep_20251201_ASML,2025-12-01,2026-05-30 02:57:43.37707,ASML,TREND_LEADER,C,replay,1087.99,1002.28,1156.55,1207.98,0.8,85.7054,lost,2025-12-30,1072.14,-0.185,0.627,-0.91,29,timeout,replay
rep_20251204_ASML,2025-12-04,2026-05-30 02:57:43.384811,ASML,TREND_LEADER,C,replay,1110.08,1018.94,1141.72,1227.45,0.35,91.1393,lost,2025-12-17,1018.94,-1.0,0.264,-1.098,13,stop,replay
rep_20251209_ASML,2025-12-09,2026-05-30 02:57:43.393351,ASML,TREND_LEADER,C,replay,1111.44,1021.32,1141.72,1228.81,0.34,90.1232,lost,2025-12-17,1021.32,-1.0,0.181,-1.125,8,stop,replay
rep_20251212_ASML,2025-12-12,2026-05-30 02:57:43.401309,ASML,TREND_LEADER,C,replay,1080.85,1046.29,1141.72,1198.22,1.76,34.5613,lost,2025-12-17,1046.29,-1.0,0.488,-2.05,5,stop,replay
rep_20251222_ASML,2025-12-22,2026-05-30 02:57:43.411459,ASML,TREND_LEADER,C,replay,1056.98,1002.08,1141.72,1189.29,1.54,54.8978,won,2026-01-05,1165.51,1.977,3.295,-0.023,14,t2,replay
rep_20251226_ASML,2025-12-26,2026-05-30 02:57:43.422374,ASML,TREND_LEADER,C,replay,1072.75,1006.78,1141.72,1181.3,1.05,65.9679,won,2026-01-05,1161.51,1.345,2.503,-0.177,10,t2,replay
rep_20260106_ASML,2026-01-06,2026-05-30 02:57:43.430508,ASML,TREND_LEADER,C,replay,1242.19,1162.78,1305.72,1384.01,0.8,79.4126,won,2026-01-22,1344.87,1.293,1.972,-0.834,16,t2,replay
rep_20260109_ASML,2026-01-09,2026-05-30 02:57:43.438497,ASML,TREND_LEADER,C,replay,1273.88,1188.07,1282.0,1437.07,0.09,85.8054,won,2026-01-13,1277.94,0.047,0.205,-0.217,4,stop_after_t1,replay
rep_20260114_ASML,2026-01-14,2026-05-30 02:57:43.446198,ASML,TREND_LEADER,C,replay,1263.72,1173.86,1291.48,1432.6,0.31,89.8643,won,2026-01-27,1362.04,1.094,2.336,0.53,13,t2,replay
rep_20260120_ASML,2026-01-20,2026-05-30 02:57:43.456879,ASML,TREND_LEADER,C,replay,1326.07,1209.36,1375.37,1525.76,0.42,116.7143,won,2026-02-04,1350.72,0.211,1.434,-0.086,15,stop_after_t1,replay
rep_20260123_ASML,2026-01-23,2026-05-30 02:57:43.468137,ASML,TREND_LEADER,C,replay,1389.04,1275.15,1398.8,1593.86,0.09,113.8893,won,2026-02-03,1393.92,0.043,0.917,-0.15,11,stop_after_t1,replay
rep_20260128_ASML,2026-01-28,2026-05-30 02:57:43.478809,ASML,TREND_LEADER,C,replay,1422.92,1297.92,1493.48,1677.66,0.56,125.0018,won,2026-02-26,1478.64,0.446,0.994,-0.855,29,timeout_after_t1,replay
rep_20260202_ASML,2026-02-02,2026-05-30 02:57:43.489489,ASML,TREND_LEADER,C,replay,1441.39,1314.94,1493.48,1631.88,0.41,126.4518,won,2026-02-26,1467.43,0.206,0.837,-0.991,24,stop_after_t1,replay
rep_20260205_ASML,2026-02-05,2026-05-30 02:57:43.499587,ASML,TREND_LEADER,C,replay,1350.16,1302.13,1493.48,1577.06,2.98,48.0305,won,2026-03-03,1421.82,1.492,4.103,-0.44,26,stop_after_t1,replay
rep_20260210_ASML,2026-02-10,2026-05-30 02:57:43.509794,ASML,TREND_LEADER,C,replay,1413.62,1302.41,1493.48,1575.35,0.72,111.2053,won,2026-03-02,1453.55,0.359,1.201,-0.278,20,stop_after_t1,replay
rep_20260213_ASML,2026-02-13,2026-05-30 02:57:43.521123,ASML,TREND_LEADER,C,replay,1406.61,1302.06,1493.48,1577.46,0.83,104.5458,won,2026-03-03,1450.05,0.415,1.345,-0.742,18,stop_after_t1,replay
rep_20260219_ASML,2026-02-19,2026-05-30 02:57:43.531989,ASML,TREND_LEADER,C,replay,1458.93,1331.55,1493.48,1569.91,0.27,127.3768,won,2026-02-26,1476.2,0.136,0.693,-0.254,7,stop_after_t1,replay
rep_20260224_ASML,2026-02-24,2026-05-30 02:57:43.542339,ASML,TREND_LEADER,C,replay,1497.8,1384.52,1507.35,1612.57,0.08,113.2768,won,2026-02-26,1502.57,0.042,0.436,-0.629,2,stop_after_t1,replay
rep_20260227_ASML,2026-02-27,2026-05-30 02:57:43.552819,ASML,TREND_LEADER,C,replay,1450.56,1371.72,1547.22,1613.41,1.23,78.8424,lost,2026-03-03,1371.72,-1.0,-0.1,-1.541,4,stop,replay
rep_20260304_ASML,2026-03-04,2026-05-30 02:57:43.563577,ASML,TREND_LEADER,C,replay,1399.37,1316.59,1547.22,1621.85,1.79,82.7784,lost,2026-03-06,1316.59,-1.0,0.097,-1.361,2,stop,replay
rep_20260330_ASML,2026-03-30,2026-05-30 02:57:43.574701,ASML,MEAN_REVERSION,B,replay,1253.96,1234.96,1413.28,1547.22,8.38,19.0021,won,2026-04-28,1398.92,7.629,14.633,0.961,29,timeout_after_t1,replay
rep_20260408_ASML,2026-04-08,2026-05-30 02:57:43.585035,ASML,TREND_LEADER,C,replay,1421.05,1260.48,1429.29,1600.52,0.05,160.5661,won,2026-04-15,1425.17,0.026,0.691,-0.056,7,stop_after_t1,replay
rep_20260413_ASML,2026-04-13,2026-05-30 02:57:43.595186,ASML,TREND_LEADER,C,replay,1500.2,1355.54,1547.22,1679.67,0.33,144.6608,won,2026-05-11,1556.52,0.389,0.657,-0.936,28,timeout_after_t1,replay
rep_20250905_AVGO,2025-09-05,2026-05-30 02:57:43.632959,AVGO,TREND_LEADER,C,replay,334.89,303.8,356.34,379.57,0.69,31.0857,won,2025-09-24,345.62,0.345,1.265,-0.035,19,stop_after_t1,replay
rep_20250910_AVGO,2025-09-10,2026-05-30 02:57:43.642967,AVGO,TREND_LEADER,C,replay,369.57,331.98,372.97,424.23,0.09,37.5857,won,2025-09-12,371.27,0.045,0.124,-0.33,2,stop_after_t1,replay
rep_20250915_AVGO,2025-09-15,2026-05-30 02:57:43.653839,AVGO,TREND_LEADER,C,replay,364.09,325.1,374.23,419.51,0.26,38.9911,lost,2025-09-30,325.1,-1.0,0.041,-1.013,15,stop,replay
rep_20250918_AVGO,2025-09-18,2026-05-30 02:57:43.663609,AVGO,TREND_LEADER,C,replay,345.35,327.35,374.23,398.66,1.6,18.0023,lost,2025-09-25,327.35,-1.0,0.073,-1.003,7,stop,replay
rep_20250923_AVGO,2025-09-23,2026-05-30 02:57:43.675411,AVGO,TREND_LEADER,C,replay,338.94,332.5,374.23,397.83,5.48,6.4429,lost,2025-09-25,332.5,-1.0,0.177,-1.807,2,stop,replay
rep_20250926_AVGO,2025-09-26,2026-05-30 02:57:43.685782,AVGO,TREND_LEADER,C,replay,334.53,324.25,374.23,392.55,3.86,10.283,lost,2025-10-10,324.25,-1.0,1.563,-1.019,14,stop,replay
rep_20251001_AVGO,2025-10-01,2026-05-30 02:57:43.69648,AVGO,TREND_LEADER,C,replay,333.39,322.05,374.23,388.96,3.6,11.3443,won,2025-10-29,380.11,4.119,4.682,-0.824,28,timeout_after_t1,replay
rep_20251017_AVGO,2025-10-17,2026-05-30 02:57:43.706331,AVGO,TREND_LEADER,C,replay,349.33,320.38,363.24,385.25,0.48,28.9486,won,2025-10-29,374.25,0.861,1.283,-0.477,12,t2,replay
rep_20251027_AVGO,2025-10-27,2026-05-30 02:57:43.71466,AVGO,TREND_LEADER,C,replay,362.05,331.91,374.23,395.82,0.4,30.1384,won,2025-11-03,368.14,0.202,0.811,-0.002,7,stop_after_t1,replay
rep_20251030_AVGO,2025-10-30,2026-05-30 02:57:43.722402,AVGO,TREND_LEADER,C,replay,376.47,341.47,386.48,413.93,0.29,34.9982,lost,2025-11-07,341.47,-1.0,0.067,-1.12,8,stop,replay
rep_20251104_AVGO,2025-11-04,2026-05-30 02:57:43.729956,AVGO,TREND_LEADER,C,replay,351.94,332.41,386.48,405.07,1.77,19.5275,lost,2025-11-14,332.41,-1.0,0.662,-1.172,10,stop,replay
rep_20251107_AVGO,2025-11-07,2026-05-30 02:57:43.73705,AVGO,TREND_LEADER,C,replay,349.43,334.03,386.48,405.92,2.41,15.4007,lost,2025-11-14,334.03,-1.0,0.809,-1.323,7,stop,replay
rep_20251120_AVGO,2025-11-20,2026-05-30 02:57:43.744428,AVGO,PULLBACK,B,replay,346.82,325.11,386.48,410.2,1.83,21.7129,won,2025-12-10,398.34,2.373,3.123,-0.692,20,t2,replay
rep_20251125_AVGO,2025-11-25,2026-05-30 02:57:43.752069,AVGO,TREND_LEADER,C,replay,385.03,340.25,388.13,420.47,0.07,44.775,won,2025-12-02,386.58,0.035,0.401,-0.117,7,stop_after_t1,replay
rep_20251201_AVGO,2025-12-01,2026-05-30 02:57:43.759526,AVGO,TREND_LEADER,C,replay,386.08,341.19,403.0,430.44,0.38,44.8875,won,2025-12-12,394.54,0.188,0.636,-0.689,11,stop_after_t1,replay
rep_20251204_AVGO,2025-12-04,2026-05-30 02:57:43.76709,AVGO,TREND_LEADER,C,replay,381.03,337.53,403.0,429.1,0.51,43.5036,won,2025-12-12,392.01,0.253,0.772,-0.595,8,stop_after_t1,replay
rep_20251209_AVGO,2025-12-09,2026-05-30 02:57:43.774504,AVGO,TREND_LEADER,C,replay,406.29,366.33,440.83,466.73,0.86,39.9573,lost,2025-12-12,366.33,-1.0,0.208,-1.28,3,stop,replay
rep_20260120_AVGO,2026-01-20,2026-05-30 02:57:43.782718,AVGO,MEAN_REVERSION,C,replay,332.6,327.33,360.66,414.61,5.33,5.2668,lost,2026-01-21,327.33,-1.0,0.607,-1.594,1,stop,replay
rep_20260123_AVGO,2026-01-23,2026-05-30 02:57:43.790294,AVGO,MEAN_REVERSION,B,replay,320.05,310.73,360.66,414.61,4.36,9.3236,lost,2026-02-03,310.73,-1.0,2.139,-1.223,11,stop,replay
rep_20260309_AVGO,2026-03-09,2026-05-30 02:57:43.798379,AVGO,TREND_LEADER,C,replay,345.75,309.99,352.34,414.61,0.18,35.7589,won,2026-03-11,349.04,0.092,0.207,-0.211,2,stop_after_t1,replay
rep_20260312_AVGO,2026-03-12,2026-05-30 02:57:43.805879,AVGO,TREND_LEADER,C,replay,335.97,303.64,353.14,414.61,0.53,32.3345,lost,2026-03-27,303.64,-1.0,0.073,-1.148,15,stop,replay
rep_20260408_AVGO,2026-04-08,2026-05-30 02:57:43.813436,AVGO,TREND_LEADER,C,replay,350.63,319.1,354.14,414.61,0.11,31.5339,won,2026-04-22,384.38,1.07,2.302,0.028,14,t2,replay
rep_20260413_AVGO,2026-04-13,2026-05-30 02:57:43.820786,AVGO,TREND_LEADER,C,replay,379.75,348.44,414.61,434.29,1.11,31.3143,won,2026-05-06,424.45,1.428,1.85,-0.11,23,t2,replay
rep_20260416_AVGO,2026-04-16,2026-05-30 02:57:43.828265,AVGO,TREND_LEADER,C,replay,398.47,366.65,414.61,464.3,0.51,31.8161,won,2026-04-28,406.54,0.254,0.969,-0.123,12,stop_after_t1,replay
rep_20260421_AVGO,2026-04-21,2026-05-30 02:57:43.835273,AVGO,TREND_LEADER,C,replay,402.17,372.91,406.73,472.23,0.16,29.2571,won,2026-04-28,404.45,0.078,0.928,-0.257,7,stop_after_t1,replay
rep_20260424_AVGO,2026-04-24,2026-05-30 02:57:43.84267,AVGO,TREND_LEADER,C,replay,422.76,389.34,429.31,506.37,0.2,33.425,won,2026-05-06,426.03,0.098,0.446,-0.841,12,stop_after_t1,replay
rep_20260429_AVGO,2026-04-29,2026-05-30 02:57:43.850772,AVGO,TREND_LEADER,C,replay,405.45,389.14,429.31,481.99,1.46,16.31,won,2026-05-13,417.38,0.731,1.976,-0.075,14,stop_after_t1,replay
rep_20260504_AVGO,2026-05-04,2026-05-30 02:57:43.860447,AVGO,TREND_LEADER,C,replay,416.5,391.37,429.31,481.01,0.51,25.1286,won,2026-05-07,422.9,0.255,0.843,-0.406,3,stop_after_t1,replay
rep_20250902_BWXT,2025-09-02,2026-05-30 02:57:43.899358,BWXT,TREND_LEADER,C,replay,160.03,156.27,189.25,196.13,7.78,3.7568,won,2025-09-30,184.37,6.473,6.745,-0.391,28,timeout,replay
rep_20250918_BWXT,2025-09-18,2026-05-30 02:57:43.910309,BWXT,TREND_LEADER,C,replay,174.03,161.03,179.07,193.13,0.39,13.0036,won,2025-09-25,176.55,0.194,0.613,-0.242,7,stop_after_t1,replay
rep_20250923_BWXT,2025-09-23,2026-05-30 02:57:43.921466,BWXT,TREND_LEADER,C,replay,178.02,164.53,182.0,197.12,0.3,13.4911,won,2025-10-08,189.56,0.855,1.446,-0.529,15,t2,replay
rep_20250926_BWXT,2025-09-26,2026-05-30 02:57:43.931875,BWXT,TREND_LEADER,C,replay,180.62,166.73,182.0,199.72,0.1,13.8893,won,2025-10-09,190.86,0.737,1.375,0.03,13,t2,replay
rep_20251001_BWXT,2025-10-01,2026-05-30 02:57:43.941538,BWXT,TREND_LEADER,C,replay,187.18,173.21,188.4,205.59,0.09,13.9696,won,2025-10-03,187.79,0.044,0.203,-0.283,2,stop_after_t1,replay
rep_20251006_BWXT,2025-10-06,2026-05-30 02:57:43.950433,BWXT,TREND_LEADER,C,replay,191.38,176.99,193.25,211.41,0.13,14.3893,won,2025-10-10,192.31,0.065,0.58,-0.126,4,stop_after_t1,replay
rep_20251009_BWXT,2025-10-09,2026-05-30 02:57:44.253329,BWXT,TREND_LEADER,C,replay,195.6,181.62,199.72,214.69,0.29,13.9839,won,2025-10-14,197.66,0.147,0.67,-0.408,5,stop_after_t1,replay
rep_20251014_BWXT,2025-10-14,2026-05-30 02:57:44.265708,BWXT,TREND_LEADER,C,replay,202.46,186.07,204.96,224.69,0.15,16.3911,won,2025-10-17,203.71,0.076,0.748,-0.334,3,stop_after_t1,replay
rep_20251017_BWXT,2025-10-17,2026-05-30 02:57:44.275596,BWXT,TREND_LEADER,C,replay,203.12,186.0,214.72,229.42,0.68,17.1239,won,2025-11-04,208.92,0.339,0.898,-0.737,18,stop_after_t1,replay
rep_20251022_BWXT,2025-10-22,2026-05-30 02:57:44.288567,BWXT,TREND_LEADER,C,replay,191.17,187.66,214.72,228.12,6.7,3.5137,won,2025-11-06,202.94,3.355,7.786,-0.219,15,stop_after_t1,replay
rep_20251027_BWXT,2025-10-27,2026-05-30 02:57:44.298747,BWXT,TREND_LEADER,C,replay,204.03,188.26,214.72,228.14,0.68,15.7659,won,2025-11-04,209.38,0.339,0.918,-0.55,8,stop_after_t1,replay
rep_20251030_BWXT,2025-10-30,2026-05-30 02:57:44.307105,BWXT,TREND_LEADER,C,replay,213.8,190.24,218.5,234.67,0.2,23.5607,lost,2025-11-07,190.24,-1.0,0.133,-1.222,8,stop,replay
rep_20251104_BWXT,2025-11-04,2026-05-30 02:57:44.315043,BWXT,TREND_LEADER,C,replay,200.39,188.2,218.5,232.32,1.49,12.1939,lost,2025-11-07,188.2,-1.0,0.132,-1.263,3,stop,replay
rep_20251217_BWXT,2025-12-17,2026-05-30 02:57:44.323788,BWXT,MEAN_REVERSION,B,replay,168.12,165.52,187.04,218.5,7.27,2.6023,won,2026-01-15,202.77,13.327,19.527,0.669,29,t2,replay
rep_20251226_BWXT,2025-12-26,2026-05-30 02:57:44.333538,BWXT,VCP,B,replay,175.88,165.64,183.94,218.5,0.79,10.2371,won,2026-01-15,201.22,2.475,4.2,-0.319,20,t2,replay
rep_20251231_BWXT,2025-12-31,2026-05-30 02:57:44.344491,BWXT,VCP,B,replay,172.84,165.76,183.94,218.5,1.57,7.0754,won,2026-01-15,201.22,4.008,6.504,0.129,15,t2,replay
rep_20260106_BWXT,2026-01-06,2026-05-30 02:57:44.353265,BWXT,TREND_LEADER,C,replay,195.3,183.26,218.5,226.18,1.93,12.0375,won,2026-02-04,206.9,0.963,2.099,-0.979,29,stop_after_t1,replay
rep_20260109_BWXT,2026-01-09,2026-05-30 02:57:44.361608,BWXT,TREND_LEADER,C,replay,201.46,187.69,203.0,232.34,0.11,13.7732,won,2026-01-14,202.23,0.056,0.736,-0.082,5,stop_after_t1,replay
rep_20260114_BWXT,2026-01-14,2026-05-30 02:57:44.369909,BWXT,TREND_LEADER,C,replay,204.08,188.97,211.6,234.96,0.5,15.1054,won,2026-01-21,207.84,0.249,1.091,-0.075,7,stop_after_t1,replay
rep_20260120_BWXT,2026-01-20,2026-05-30 02:57:44.380954,BWXT,TREND_LEADER,C,replay,206.07,185.99,220.57,235.97,0.72,20.0788,lost,2026-02-04,185.99,-1.0,0.686,-1.124,15,stop,replay
rep_20260123_BWXT,2026-01-23,2026-05-30 02:57:44.388661,BWXT,TREND_LEADER,C,replay,207.75,193.85,220.57,236.53,0.92,13.897,lost,2026-02-04,193.85,-1.0,0.871,-1.744,12,stop,replay
rep_20260128_BWXT,2026-01-28,2026-05-30 02:57:44.396965,BWXT,TREND_LEADER,C,replay,216.3,198.11,220.57,245.08,0.23,18.1888,lost,2026-02-04,198.11,-1.0,0.195,-1.803,7,stop,replay
rep_20260202_BWXT,2026-02-02,2026-05-30 02:57:44.404953,BWXT,TREND_LEADER,C,replay,206.04,198.82,220.57,234.27,2.01,7.223,lost,2026-02-04,198.82,-1.0,0.963,-3.12,2,stop,replay
rep_20260205_BWXT,2026-02-05,2026-05-30 02:57:44.414972,BWXT,MEAN_REVERSION,B,replay,187.42,180.98,220.57,235.77,5.14,6.4434,won,2026-03-06,195.23,1.213,4.849,0.298,29,timeout,replay
rep_20260309_BWXT,2026-03-09,2026-05-30 02:57:44.423484,BWXT,TREND_LEADER,C,replay,200.39,186.77,218.65,234.06,1.34,13.6186,won,2026-03-30,209.52,0.67,1.608,-0.848,21,stop_after_t1,replay
rep_20260317_BWXT,2026-03-17,2026-05-30 02:57:44.432708,BWXT,TREND_LEADER,C,replay,207.48,186.4,218.65,233.28,0.53,21.0786,won,2026-03-26,213.06,0.265,0.703,-0.487,9,stop_after_t1,replay
rep_20260320_BWXT,2026-03-20,2026-05-30 02:57:44.440422,BWXT,PULLBACK,B,replay,199.75,186.33,218.65,233.7,1.41,13.4177,won,2026-03-30,209.2,0.704,1.68,-0.801,10,stop_after_t1,replay
rep_20260325_BWXT,2026-03-25,2026-05-30 02:57:44.449762,BWXT,TREND_LEADER,C,replay,222.13,198.14,241.32,255.72,0.8,23.9911,lost,2026-03-30,198.14,-1.0,-0.097,-1.381,5,stop,replay
rep_20260402_BWXT,2026-04-02,2026-05-30 02:57:44.457919,BWXT,TREND_LEADER,C,replay,214.98,186.1,222.29,239.67,0.25,28.8766,won,2026-04-15,230.98,0.554,0.881,-0.114,13,t2,replay
rep_20260408_BWXT,2026-04-08,2026-05-30 02:57:44.465738,BWXT,TREND_LEADER,C,replay,231.78,201.66,233.17,258.38,0.05,30.1161,won,2026-04-10,232.47,0.023,0.203,-0.11,2,stop_after_t1,replay
rep_20260413_BWXT,2026-04-13,2026-05-30 02:57:44.473563,BWXT,TREND_LEADER,C,replay,232.83,205.92,237.9,262.17,0.19,26.9125,won,2026-04-16,235.37,0.094,0.334,-0.089,3,stop_after_t1,replay
rep_20260416_BWXT,2026-04-16,2026-05-30 02:57:44.481114,BWXT,TREND_LEADER,C,replay,230.8,207.09,241.82,262.49,0.46,23.7089,lost,2026-04-29,207.09,-1.0,0.314,-1.061,13,stop,replay
rep_20250918_CDNS,2025-09-18,2026-05-30 02:57:44.524681,CDNS,TREND_LEADER,C,replay,364.88,335.08,376.45,394.94,0.39,29.8018,lost,2025-10-10,335.08,-1.0,0.316,-1.309,22,stop,replay
rep_20250923_CDNS,2025-09-23,2026-05-30 02:57:44.53352,CDNS,TREND_LEADER,C,replay,366.3,336.08,374.3,396.36,0.26,30.2214,lost,2025-10-10,336.08,-1.0,0.014,-1.338,17,stop,replay
rep_20251204_CDNS,2025-12-04,2026-05-30 02:57:44.542278,CDNS,TREND_LEADER,C,replay,337.3,315.36,339.59,384.77,0.1,21.9446,won,2025-12-08,338.44,0.052,0.17,-0.052,4,stop_after_t1,replay
rep_20251209_CDNS,2025-12-09,2026-05-30 02:57:44.550385,CDNS,TREND_LEADER,C,replay,335.07,315.01,341.04,382.54,0.3,20.0571,won,2025-12-11,338.06,0.149,0.311,-0.285,2,stop_after_t1,replay
rep_20251226_CDNS,2025-12-26,2026-05-30 02:57:44.558753,CDNS,PULLBACK,A,replay,318.89,309.32,341.31,376.45,2.34,9.5713,lost,2026-01-02,309.32,-1.0,0.293,-1.304,7,stop,replay
rep_20260421_CDNS,2026-04-21,2026-05-30 02:57:44.568062,CDNS,TREND_LEADER,C,replay,325.84,297.25,331.23,376.45,0.19,28.5929,won,2026-04-23,328.53,0.094,0.285,-0.519,2,stop_after_t1,replay
rep_20260424_CDNS,2026-04-24,2026-05-30 02:57:44.575885,CDNS,TREND_LEADER,C,replay,332.89,299.1,334.81,376.45,0.06,33.7893,won,2026-04-28,333.85,0.028,0.168,-0.468,4,stop_after_t1,replay
rep_20260429_CDNS,2026-04-29,2026-05-30 02:57:44.583436,CDNS,TREND_LEADER,C,replay,329.95,299.65,338.55,376.45,0.28,30.2957,won,2026-05-22,357.5,0.909,1.703,-0.336,23,t2,replay
rep_20260504_CDNS,2026-05-04,2026-05-30 02:57:44.591443,CDNS,TREND_LEADER,C,replay,349.51,315.93,376.45,402.09,0.8,33.5839,won,2026-05-29,375.69,0.78,1.021,-0.535,25,timeout_after_t1,replay
rep_20250923_CEG,2025-09-23,2026-05-30 02:57:44.621819,CEG,TREND_LEADER,C,replay,336.65,305.51,348.44,374.96,0.38,31.1436,won,2025-10-03,361.7,0.804,1.289,-0.452,10,t2,replay
rep_20250926_CEG,2025-09-26,2026-05-30 02:57:44.63078,CEG,TREND_LEADER,C,replay,331.26,313.14,348.44,369.57,0.95,18.1244,won,2025-10-03,359.0,1.531,2.512,-0.48,7,t2,replay
rep_20251001_CEG,2025-10-01,2026-05-30 02:57:44.638814,CEG,TREND_LEADER,C,replay,350.9,318.03,357.0,389.21,0.19,32.8664,won,2025-10-10,373.11,0.676,1.256,-0.234,9,t2,replay
rep_20251006_CEG,2025-10-06,2026-05-30 02:57:44.64695,CEG,TREND_LEADER,C,replay,364.1,328.3,376.78,412.36,0.35,35.8002,won,2025-10-15,394.57,0.851,1.358,-0.244,9,t2,replay
rep_20251009_CEG,2025-10-09,2026-05-30 02:57:44.655882,CEG,TREND_LEADER,C,replay,383.23,344.31,386.86,426.18,0.09,38.9204,won,2025-10-13,385.05,0.047,0.23,-0.407,4,stop_after_t1,replay
rep_20251014_CEG,2025-10-14,2026-05-30 02:57:44.663824,CEG,TREND_LEADER,C,replay,389.56,345.24,395.14,436.93,0.13,44.3239,won,2025-10-17,392.35,0.063,0.522,-0.152,3,stop_after_t1,replay
rep_20251017_CEG,2025-10-17,2026-05-30 02:57:44.671225,CEG,TREND_LEADER,C,replay,386.5,348.2,412.7,441.51,0.68,38.3025,lost,2025-10-22,348.2,-1.0,0.313,-1.123,5,stop,replay
rep_20251022_CEG,2025-10-22,2026-05-30 02:57:44.679071,CEG,TREND_LEADER,C,replay,350.06,338.45,412.7,442.83,5.39,11.6109,lost,2025-11-07,338.45,-1.0,4.822,-1.545,16,stop,replay
rep_20251027_CEG,2025-10-27,2026-05-30 02:57:44.686759,CEG,TREND_LEADER,C,replay,391.15,340.31,412.7,444.44,0.42,50.838,lost,2025-11-07,340.31,-1.0,0.293,-1.161,11,stop,replay
rep_20251030_CEG,2025-10-30,2026-05-30 02:57:44.694327,CEG,TREND_LEADER,C,replay,382.48,338.18,412.7,444.43,0.68,44.298,lost,2025-11-07,338.18,-1.0,0.135,-1.137,8,stop,replay
rep_20251104_CEG,2025-11-04,2026-05-30 02:57:44.701584,CEG,PULLBACK,B,replay,362.82,338.67,412.7,441.51,2.07,24.1513,lost,2025-11-07,338.67,-1.0,0.338,-1.271,3,stop,replay
rep_20251204_CEG,2025-12-04,2026-05-30 02:57:44.709638,CEG,TREND_LEADER,C,replay,368.62,329.27,379.2,420.14,0.27,39.3523,won,2025-12-12,373.91,0.134,0.309,-0.565,8,stop_after_t1,replay
rep_20260227_CEG,2026-02-27,2026-05-30 02:57:44.718213,CEG,TREND_LEADER,C,replay,329.88,293.95,412.7,434.26,2.3,35.9339,lost,2026-03-20,293.95,-1.0,0.109,-1.448,21,stop,replay
rep_20250905_CIEN,2025-09-05,2026-05-30 02:57:44.760449,CIEN,TREND_LEADER,C,replay,116.69,104.4,122.0,139.24,0.43,12.2911,won,2025-09-17,130.62,1.133,1.86,0.027,12,t2,replay
rep_20250910_CIEN,2025-09-10,2026-05-30 02:57:44.768917,CIEN,TREND_LEADER,C,replay,129.86,116.3,131.4,158.05,0.11,13.5554,won,2025-10-06,144.73,1.096,2.181,0.01,26,t2,replay
rep_20250915_CIEN,2025-09-15,2026-05-30 02:57:44.777015,CIEN,TREND_LEADER,C,replay,135.9,120.89,138.35,168.26,0.16,15.0071,won,2025-09-25,137.12,0.082,0.368,-0.198,10,stop_after_t1,replay
rep_20250918_CIEN,2025-09-18,2026-05-30 02:57:44.784735,CIEN,TREND_LEADER,C,replay,138.04,122.49,139.74,170.28,0.11,15.5536,won,2025-09-24,138.89,0.055,0.218,-0.129,6,stop_after_t1,replay
rep_20250923_CIEN,2025-09-23,2026-05-30 02:57:44.79232,CIEN,TREND_LEADER,C,replay,139.48,124.26,141.43,170.34,0.13,15.225,won,2025-10-15,155.88,1.078,2.197,-0.382,22,t2,replay
rep_20250926_CIEN,2025-09-26,2026-05-30 02:57:44.800059,CIEN,TREND_LEADER,C,replay,141.93,130.26,143.79,174.2,0.16,11.6716,won,2025-10-16,159.0,1.462,2.995,0.092,20,t2,replay
rep_20251001_CIEN,2025-10-01,2026-05-30 02:57:44.807569,CIEN,TREND_LEADER,C,replay,151.72,140.15,160.98,176.31,0.8,11.5696,won,2025-10-16,168.64,1.463,2.175,-0.377,15,t2,replay
rep_20251006_CIEN,2025-10-06,2026-05-30 02:57:44.815257,CIEN,TREND_LEADER,C,replay,153.25,141.08,159.43,178.14,0.51,12.175,won,2025-10-24,168.78,1.276,2.284,-0.484,18,t2,replay
rep_20251009_CIEN,2025-10-09,2026-05-30 02:57:44.823292,CIEN,TREND_LEADER,C,replay,163.61,149.61,174.81,183.94,0.8,13.9964,won,2025-10-22,169.21,0.4,1.013,-0.739,13,stop_after_t1,replay
rep_20251014_CIEN,2025-10-14,2026-05-30 02:57:44.831498,CIEN,TREND_LEADER,C,replay,164.82,147.06,167.34,185.47,0.14,17.7571,won,2025-10-22,166.08,0.071,0.73,-0.296,8,stop_after_t1,replay
rep_20251017_CIEN,2025-10-17,2026-05-30 02:57:44.838938,CIEN,TREND_LEADER,C,replay,170.95,151.71,176.88,196.88,0.31,19.2393,won,2025-10-21,173.91,0.154,0.356,-0.096,4,stop_after_t1,replay
rep_20251022_CIEN,2025-10-22,2026-05-30 02:57:44.846555,CIEN,TREND_LEADER,C,replay,164.48,151.19,177.79,190.95,1.0,13.2886,won,2025-10-29,184.37,1.497,2.155,-0.026,7,t2,replay
rep_20251027_CIEN,2025-10-27,2026-05-30 02:57:44.870686,CIEN,TREND_LEADER,C,replay,182.54,160.7,186.32,208.42,0.17,21.8375,won,2025-11-04,184.43,0.087,0.543,-0.4,8,stop_after_t1,replay
rep_20251030_CIEN,2025-10-30,2026-05-30 02:57:44.879568,CIEN,TREND_LEADER,C,replay,188.96,166.82,193.74,216.79,0.22,22.1357,won,2025-11-04,191.35,0.108,0.246,-0.522,5,stop_after_t1,replay
rep_20251104_CIEN,2025-11-04,2026-05-30 02:57:44.889256,CIEN,TREND_LEADER,C,replay,182.87,160.98,194.41,207.99,0.53,21.8893,won,2025-11-10,201.2,0.837,1.43,-0.017,6,t2,replay
rep_20251107_CIEN,2025-11-07,2026-05-30 02:57:44.899983,CIEN,TREND_LEADER,C,replay,199.26,175.41,203.4,225.89,0.17,23.8482,won,2025-11-13,201.33,0.087,0.625,-0.312,6,stop_after_t1,replay
rep_20251112_CIEN,2025-11-12,2026-05-30 02:57:44.908256,CIEN,TREND_LEADER,C,replay,209.52,185.8,214.17,242.29,0.2,23.7232,lost,2025-11-14,185.8,-1.0,-0.071,-1.115,2,stop,replay
rep_20251117_CIEN,2025-11-17,2026-05-30 02:57:44.9166,CIEN,TREND_LEADER,C,replay,191.78,174.82,214.17,229.69,1.32,16.9562,lost,2025-11-21,174.82,-1.0,0.638,-1.389,4,stop,replay
rep_20251120_CIEN,2025-11-20,2026-05-30 02:57:44.924195,CIEN,TREND_LEADER,C,replay,176.45,172.52,214.17,231.65,9.59,3.9339,lost,2025-11-21,172.52,-1.0,0.649,-2.094,1,stop,replay
rep_20251125_CIEN,2025-11-25,2026-05-30 02:57:44.931949,CIEN,TREND_LEADER,C,replay,196.24,166.28,214.17,232.15,0.6,29.9607,won,2025-12-11,223.16,0.899,1.728,-0.329,16,t2,replay
rep_20251201_CIEN,2025-12-01,2026-05-30 02:57:44.939447,CIEN,TREND_LEADER,C,replay,200.92,172.87,214.17,231.0,0.47,28.0482,won,2025-12-11,222.58,0.772,1.678,-0.518,10,t2,replay
rep_20251209_CIEN,2025-12-09,2026-05-30 02:57:44.947293,CIEN,TREND_LEADER,C,replay,214.35,186.29,219.88,245.35,0.2,28.0572,won,2025-12-11,232.62,0.651,1.199,0.002,2,t2,replay
rep_20251212_CIEN,2025-12-12,2026-05-30 02:57:44.956407,CIEN,TREND_LEADER,C,replay,218.44,186.88,248.0,266.93,0.94,31.5571,won,2026-01-09,233.22,0.468,1.353,-0.53,28,stop_after_t1,replay
rep_20251217_CIEN,2025-12-17,2026-05-30 02:57:44.963892,CIEN,TREND_LEADER,C,replay,203.9,186.86,248.0,266.91,2.59,17.0414,won,2026-01-16,245.71,2.454,3.359,0.299,30,timeout_after_t1,replay
rep_20251222_CIEN,2025-12-22,2026-05-30 02:57:44.971901,CIEN,TREND_LEADER,C,replay,236.75,202.78,248.0,276.24,0.33,33.9714,won,2026-01-05,242.38,0.166,0.467,-0.397,14,stop_after_t1,replay
rep_20251226_CIEN,2025-12-26,2026-05-30 02:57:44.979673,CIEN,TREND_LEADER,C,replay,241.68,210.28,248.0,278.65,0.2,31.4036,won,2026-01-05,244.84,0.101,0.348,-0.586,10,stop_after_t1,replay
rep_20251231_CIEN,2025-12-31,2026-05-30 02:57:44.987051,CIEN,TREND_LEADER,C,replay,233.87,203.91,248.0,270.84,0.47,29.9571,won,2026-01-05,240.94,0.236,0.625,-0.354,5,stop_after_t1,replay
rep_20260106_CIEN,2026-01-06,2026-05-30 02:57:45.258461,CIEN,TREND_LEADER,C,replay,254.19,221.75,280.14,299.61,0.8,32.4393,lost,2026-01-08,221.75,-1.0,0.214,-1.019,2,stop,replay
rep_20260109_CIEN,2026-01-09,2026-05-30 02:57:45.267895,CIEN,TREND_LEADER,C,replay,230.56,212.29,261.13,283.79,1.67,18.267,won,2026-02-03,272.46,2.293,2.968,-0.55,25,t2,replay
rep_20260114_CIEN,2026-01-14,2026-05-30 02:57:45.278196,CIEN,TREND_LEADER,C,replay,238.38,212.26,261.13,283.98,0.87,26.1189,won,2026-02-03,272.56,1.308,1.777,-0.684,20,t2,replay
rep_20260120_CIEN,2026-01-20,2026-05-30 02:57:45.289289,CIEN,TREND_LEADER,C,replay,241.21,211.81,261.13,286.7,0.68,29.4009,won,2026-02-05,251.17,0.339,1.522,-0.704,16,stop_after_t1,replay
rep_20260128_CIEN,2026-01-28,2026-05-30 02:57:45.30308,CIEN,TREND_LEADER,C,replay,257.3,216.93,261.13,285.35,0.09,40.3732,won,2026-02-02,259.22,0.047,0.345,-0.387,5,stop_after_t1,replay
rep_20260202_CIEN,2026-02-02,2026-05-30 02:57:45.314489,CIEN,TREND_LEADER,C,replay,268.49,227.75,271.21,301.57,0.07,40.7428,won,2026-02-04,269.85,0.033,0.429,-0.479,2,stop_after_t1,replay
rep_20260210_CIEN,2026-02-10,2026-05-30 02:57:45.325665,CIEN,TREND_LEADER,C,replay,298.7,247.25,339.86,370.73,0.8,51.4518,won,2026-03-05,319.28,0.4,1.306,-0.558,23,stop_after_t1,replay
rep_20260213_CIEN,2026-02-13,2026-05-30 02:57:45.337686,CIEN,TREND_LEADER,C,replay,303.92,246.53,308.81,356.89,0.09,57.3875,won,2026-02-19,306.37,0.043,0.288,-0.298,6,stop_after_t1,replay
rep_20260219_CIEN,2026-02-19,2026-05-30 02:57:45.346125,CIEN,TREND_LEADER,C,replay,318.41,259.66,320.42,378.35,0.03,58.7536,won,2026-03-05,319.42,0.017,0.808,-0.681,14,stop_after_t1,replay
rep_20260224_CIEN,2026-02-24,2026-05-30 02:57:45.353852,CIEN,TREND_LEADER,C,replay,342.7,285.89,348.28,409.96,0.1,56.8071,won,2026-02-26,345.49,0.049,0.408,-0.281,2,stop_after_t1,replay
rep_20260227_CIEN,2026-02-27,2026-05-30 02:57:45.361667,CIEN,TREND_LEADER,C,replay,348.7,293.61,365.9,425.1,0.31,55.0857,lost,2026-03-05,293.61,-1.0,0.279,-1.276,6,stop,replay
rep_20260304_CIEN,2026-03-04,2026-05-30 02:57:45.36942,CIEN,TREND_LEADER,C,replay,343.55,298.01,365.9,419.95,0.49,45.5354,lost,2026-03-05,298.01,-1.0,-0.616,-1.431,1,stop,replay
rep_20260309_CIEN,2026-03-09,2026-05-30 02:57:45.377195,CIEN,TREND_LEADER,C,replay,318.54,272.07,365.9,403.83,1.02,46.4725,won,2026-03-19,384.87,1.427,2.114,0.139,10,t2,replay
rep_20260312_CIEN,2026-03-12,2026-05-30 02:57:45.384961,CIEN,TREND_LEADER,C,replay,336.83,272.02,365.9,404.78,0.45,64.8071,won,2026-03-19,385.34,0.748,1.233,-0.036,7,t2,replay
rep_20260317_CIEN,2026-03-17,2026-05-30 02:57:45.392881,CIEN,TREND_LEADER,C,replay,370.05,300.79,379.42,430.67,0.14,69.2643,won,2026-03-24,405.05,0.505,0.927,0.014,7,t2,replay
rep_20260320_CIEN,2026-03-20,2026-05-30 02:57:45.402033,CIEN,TREND_LEADER,C,replay,383.89,305.65,419.8,468.74,0.46,78.2375,won,2026-03-30,401.85,0.229,0.805,-0.284,10,stop_after_t1,replay
rep_20260325_CIEN,2026-03-25,2026-05-30 02:57:45.409925,CIEN,TREND_LEADER,C,replay,437.7,365.78,446.89,538.8,0.13,71.9214,lost,2026-03-30,365.78,-1.0,-0.125,-1.057,5,stop,replay
rep_20260330_CIEN,2026-03-30,2026-05-30 02:57:45.417443,CIEN,TREND_LEADER,C,replay,365.0,342.44,446.89,494.42,3.63,22.5618,won,2026-04-08,470.65,4.683,5.957,-0.037,9,t2,replay
rep_20260402_CIEN,2026-04-02,2026-05-30 02:57:45.425362,CIEN,TREND_LEADER,C,replay,447.76,358.69,453.0,547.21,0.06,89.0697,won,2026-04-07,450.38,0.029,0.135,-0.297,5,stop_after_t1,replay
rep_20260408_CIEN,2026-04-08,2026-05-30 02:57:45.433378,CIEN,TREND_LEADER,C,replay,494.01,402.2,499.39,596.0,0.06,91.8071,won,2026-04-10,496.7,0.029,0.212,-0.221,2,stop_after_t1,replay
rep_20260413_CIEN,2026-04-13,2026-05-30 02:57:45.441153,CIEN,TREND_LEADER,C,replay,479.9,391.71,513.49,581.0,0.38,88.1911,won,2026-04-22,496.69,0.19,0.483,-0.29,9,stop_after_t1,replay
rep_20260416_CIEN,2026-04-16,2026-05-30 02:57:45.450696,CIEN,TREND_LEADER,C,replay,495.17,409.2,513.49,586.24,0.21,85.9661,won,2026-04-21,504.33,0.107,0.318,-0.019,5,stop_after_t1,replay
rep_20260421_CIEN,2026-04-21,2026-05-30 02:57:45.465945,CIEN,TREND_LEADER,C,replay,505.93,446.34,522.5,602.41,0.28,59.593,won,2026-04-24,514.22,0.139,0.368,-0.65,3,stop_after_t1,replay
rep_20260424_CIEN,2026-04-24,2026-05-30 02:57:45.47449,CIEN,TREND_LEADER,C,replay,520.8,446.52,527.86,620.5,0.1,74.2825,won,2026-05-01,524.33,0.048,0.393,-0.804,7,stop_after_t1,replay
rep_20260429_CIEN,2026-04-29,2026-05-30 02:57:45.484357,CIEN,TREND_LEADER,C,replay,475.39,453.68,527.86,572.22,2.42,21.7138,won,2026-05-06,550.04,3.439,4.993,0.5,7,t2,replay
rep_20260504_CIEN,2026-05-04,2026-05-30 02:57:45.494554,CIEN,TREND_LEADER,C,replay,538.51,461.2,550.0,615.73,0.15,77.3143,won,2026-05-07,544.25,0.074,0.586,-0.298,3,stop_after_t1,replay
rep_20250905_CLS,2025-09-05,2026-05-30 02:57:45.540157,CLS,TREND_LEADER,C,replay,242.68,211.32,257.4,293.18,0.47,31.3643,won,2025-09-17,250.04,0.235,0.494,-0.158,12,stop_after_t1,replay
rep_20250910_CLS,2025-09-10,2026-05-30 02:57:45.550882,CLS,TREND_LEADER,C,replay,253.03,220.78,257.4,303.53,0.14,32.2464,won,2025-09-17,255.21,0.068,0.159,-0.474,7,stop_after_t1,replay
rep_20250915_CLS,2025-09-15,2026-05-30 02:57:45.561296,CLS,TREND_LEADER,C,replay,248.99,215.09,257.4,299.49,0.25,33.8982,won,2025-09-17,253.19,0.124,0.271,-0.271,2,stop_after_t1,replay
rep_20250918_CLS,2025-09-18,2026-05-30 02:57:45.569508,CLS,TREND_LEADER,C,replay,252.04,230.55,258.16,299.53,0.28,21.4925,won,2025-09-24,255.1,0.142,0.456,-0.57,6,stop_after_t1,replay
rep_20250923_CLS,2025-09-23,2026-05-30 02:57:45.577342,CLS,TREND_LEADER,C,replay,257.64,234.53,261.83,304.54,0.18,23.1095,lost,2025-09-25,234.53,-1.0,-0.068,-1.326,2,stop,replay
rep_20250926_CLS,2025-09-26,2026-05-30 02:57:45.584965,CLS,TREND_LEADER,C,replay,243.79,223.95,261.83,290.69,0.91,19.8368,won,2025-10-14,252.81,0.455,1.329,-0.683,18,stop_after_t1,replay
rep_20251001_CLS,2025-10-01,2026-05-30 02:57:45.592409,CLS,TREND_LEADER,C,replay,251.69,223.98,261.83,282.42,0.37,27.7113,won,2025-10-13,256.76,0.183,0.666,-0.774,12,stop_after_t1,replay
rep_20251009_CLS,2025-10-09,2026-05-30 02:57:45.600425,CLS,TREND_LEADER,C,replay,259.78,226.95,261.83,281.54,0.06,32.8255,won,2025-10-13,260.8,0.031,0.316,-0.489,4,stop_after_t1,replay
rep_20251017_CLS,2025-10-17,2026-05-30 02:57:45.608431,CLS,TREND_LEADER,C,replay,276.46,232.91,296.85,322.98,0.47,43.5464,won,2025-10-28,309.92,0.768,1.815,-0.344,11,t2,replay
rep_20251022_CLS,2025-10-22,2026-05-30 02:57:45.616353,CLS,TREND_LEADER,C,replay,270.89,233.63,296.85,324.46,0.7,37.2614,won,2025-10-28,310.65,1.067,2.271,-0.026,6,t2,replay
rep_20251027_CLS,2025-10-27,2026-05-30 02:57:45.624256,CLS,TREND_LEADER,C,replay,301.82,254.57,314.29,352.25,0.26,47.25,won,2025-10-28,333.27,0.666,1.136,0.27,1,t2,replay
rep_20251030_CLS,2025-10-30,2026-05-30 02:57:45.632142,CLS,TREND_LEADER,C,replay,340.13,284.49,355.5,415.29,0.28,55.6429,won,2025-11-03,347.81,0.138,0.375,-0.124,4,stop_after_t1,replay
rep_20251104_CLS,2025-11-04,2026-05-30 02:57:45.63977,CLS,TREND_LEADER,C,replay,335.79,281.91,360.99,409.45,0.47,53.8768,won,2025-11-06,348.39,0.234,0.512,-0.057,2,stop_after_t1,replay
rep_20251107_CLS,2025-11-07,2026-05-30 02:57:45.647733,CLS,TREND_LEADER,C,replay,322.1,295.65,363.4,399.63,1.56,26.4479,lost,2025-11-13,295.65,-1.0,0.911,-1.478,6,stop,replay
rep_20251112_CLS,2025-11-12,2026-05-30 02:57:45.659513,CLS,TREND_LEADER,C,replay,334.57,297.37,363.4,400.19,0.77,37.2011,lost,2025-11-13,297.37,-1.0,-0.192,-1.386,1,stop,replay
rep_20251117_CLS,2025-11-17,2026-05-30 02:57:45.667197,CLS,TREND_LEADER,C,replay,309.37,269.31,363.4,402.16,1.35,40.0595,lost,2025-11-21,269.31,-1.0,0.527,-1.156,4,stop,replay
rep_20251120_CLS,2025-11-20,2026-05-30 02:57:45.674997,CLS,PULLBACK,B,replay,282.28,268.87,363.4,404.81,6.05,13.4111,lost,2025-11-21,268.87,-1.0,0.169,-1.432,1,stop,replay
rep_20251125_CLS,2025-11-25,2026-05-30 02:57:45.682842,CLS,TREND_LEADER,C,replay,327.75,256.26,363.4,406.29,0.5,71.4857,lost,2025-12-24,308.59,-0.268,0.359,-0.864,29,timeout,replay
rep_20251212_CLS,2025-12-12,2026-05-30 02:57:45.690677,CLS,TREND_LEADER,C,replay,306.5,291.6,353.38,387.89,3.15,14.9012,lost,2025-12-16,291.6,-1.0,0.342,-1.359,4,stop,replay
rep_20260128_CLS,2026-01-28,2026-05-30 02:57:45.699042,CLS,TREND_LEADER,C,replay,345.23,289.17,352.2,399.66,0.12,56.0571,lost,2026-01-29,289.17,-1.0,-0.195,-1.063,1,stop,replay
rep_20260325_CLS,2026-03-25,2026-05-30 02:57:45.708348,CLS,TREND_LEADER,C,replay,302.22,262.46,309.38,366.83,0.18,39.7607,lost,2026-03-30,262.46,-1.0,-0.188,-1.235,5,stop,replay
rep_20260402_CLS,2026-04-02,2026-05-30 02:57:45.716175,CLS,TREND_LEADER,C,replay,294.84,248.2,309.38,363.4,0.31,46.6437,won,2026-04-13,336.39,0.891,1.587,-0.186,11,t2,replay
rep_20260408_CLS,2026-04-08,2026-05-30 02:57:45.723747,CLS,TREND_LEADER,C,replay,320.7,269.6,363.4,394.06,0.84,51.1036,won,2026-04-17,378.73,1.136,1.539,-0.137,9,t2,replay
rep_20260413_CLS,2026-04-13,2026-05-30 02:57:45.731238,CLS,TREND_LEADER,C,replay,365.46,314.06,368.88,434.92,0.07,51.4036,won,2026-04-28,367.17,0.033,1.124,-0.301,15,stop_after_t1,replay
rep_20260416_CLS,2026-04-16,2026-05-30 02:57:45.738668,CLS,TREND_LEADER,C,replay,382.32,330.53,393.0,466.25,0.21,51.7929,won,2026-04-28,387.66,0.103,0.79,-0.624,12,stop_after_t1,replay
rep_20260421_CLS,2026-04-21,2026-05-30 02:57:45.74626,CLS,TREND_LEADER,C,replay,403.03,355.15,407.68,495.77,0.1,47.8839,won,2026-04-23,405.36,0.049,0.197,-0.294,2,stop_after_t1,replay
rep_20260424_CLS,2026-04-24,2026-05-30 02:57:45.753783,CLS,TREND_LEADER,C,replay,410.21,360.77,420.63,510.72,0.21,49.4357,won,2026-04-28,415.42,0.105,0.264,-1.218,4,stop_after_t1,replay
rep_20260429_CLS,2026-04-29,2026-05-30 02:57:45.76255,CLS,TREND_LEADER,C,replay,376.54,344.03,423.25,467.59,1.44,32.5082,won,2026-05-07,399.89,0.718,1.798,-0.047,8,stop_after_t1,replay
rep_20260504_CLS,2026-05-04,2026-05-30 02:57:45.77335,CLS,TREND_LEADER,C,replay,420.73,360.6,426.55,504.67,0.1,60.1321,won,2026-05-06,423.64,0.048,0.237,-0.374,2,stop_after_t1,replay
rep_20250915_COHR,2025-09-15,2026-05-30 02:57:45.82062,COHR,TREND_LEADER,C,replay,106.34,94.8,108.05,129.68,0.15,11.5411,won,2025-09-24,107.2,0.074,0.78,-0.495,9,stop_after_t1,replay
rep_20250918_COHR,2025-09-18,2026-05-30 02:57:45.833073,COHR,TREND_LEADER,C,replay,108.05,95.93,123.25,130.69,1.25,12.1196,won,2025-10-16,115.96,0.653,1.228,-0.488,28,timeout,replay
rep_20250923_COHR,2025-09-23,2026-05-30 02:57:45.843283,COHR,TREND_LEADER,C,replay,109.29,99.36,115.34,131.68,0.61,9.9334,won,2025-10-14,112.31,0.305,1.374,-0.72,21,stop_after_t1,replay
rep_20250926_COHR,2025-09-26,2026-05-30 02:57:45.855175,COHR,TREND_LEADER,C,replay,106.99,99.41,115.34,129.38,1.1,7.5843,won,2025-10-24,122.36,2.028,3.299,-0.26,28,t2,replay
rep_20251001_COHR,2025-10-01,2026-05-30 02:57:45.865867,COHR,TREND_LEADER,C,replay,114.65,102.07,115.34,134.6,0.05,12.5786,won,2025-10-03,115.0,0.027,0.309,-0.304,2,stop_after_t1,replay
rep_20251006_COHR,2025-10-06,2026-05-30 02:57:45.876053,COHR,TREND_LEADER,C,replay,114.77,101.4,118.55,131.42,0.28,13.3732,won,2025-10-10,116.66,0.141,0.61,-0.355,4,stop_after_t1,replay
rep_20251009_COHR,2025-10-09,2026-05-30 02:57:45.887256,COHR,TREND_LEADER,C,replay,122.35,107.91,123.25,135.92,0.06,14.4375,won,2025-10-21,122.8,0.031,0.184,-0.981,12,stop_after_t1,replay
rep_20251014_COHR,2025-10-14,2026-05-30 02:57:45.895972,COHR,TREND_LEADER,C,replay,109.37,103.47,122.93,132.23,2.3,5.9004,won,2025-10-27,127.58,3.086,4.514,-0.2,13,t2,replay
rep_20251017_COHR,2025-10-17,2026-05-30 02:57:45.903917,COHR,TREND_LEADER,C,replay,116.35,106.54,122.93,132.85,0.67,9.8129,won,2025-10-22,119.64,0.335,0.882,-0.346,5,stop_after_t1,replay
rep_20251022_COHR,2025-10-22,2026-05-30 02:57:45.911645,COHR,TREND_LEADER,C,replay,115.37,106.53,125.0,134.96,1.09,8.8395,won,2025-10-27,129.98,1.653,2.334,-0.042,5,t2,replay
rep_20251027_COHR,2025-10-27,2026-05-30 02:57:45.919482,COHR,TREND_LEADER,C,replay,134.99,117.51,136.0,153.58,0.06,17.4821,won,2025-10-30,135.5,0.029,0.368,-0.203,3,stop_after_t1,replay
rep_20251030_COHR,2025-10-30,2026-05-30 02:57:45.92735,COHR,TREND_LEADER,C,replay,132.71,115.96,141.43,152.65,0.52,16.7518,won,2025-11-06,147.04,0.856,1.779,-0.535,7,t2,replay
rep_20251104_COHR,2025-11-04,2026-05-30 02:57:45.934626,COHR,TREND_LEADER,C,replay,128.7,111.34,141.43,151.85,0.73,17.3589,won,2025-11-06,146.64,1.033,1.947,-0.156,2,t2,replay
rep_20251107_COHR,2025-11-07,2026-05-30 02:57:45.942258,COHR,TREND_LEADER,C,replay,154.51,131.0,162.5,187.1,0.34,23.5071,won,2025-11-13,158.5,0.17,0.598,-0.756,6,stop_after_t1,replay
rep_20251112_COHR,2025-11-12,2026-05-30 02:57:45.949401,COHR,TREND_LEADER,C,replay,156.67,130.92,168.57,190.42,0.46,25.75,lost,2025-11-21,130.92,-1.0,-0.038,-1.019,9,stop,replay
rep_20251117_COHR,2025-11-17,2026-05-30 02:57:45.956964,COHR,TREND_LEADER,C,replay,139.07,120.83,168.57,186.1,1.62,18.242,won,2025-12-04,177.33,2.098,2.599,-0.474,17,t2,replay
rep_20251120_COHR,2025-11-20,2026-05-30 02:57:46.250719,COHR,TREND_LEADER,C,replay,135.61,129.28,168.57,187.97,5.2,6.3341,won,2025-12-05,178.27,6.739,8.333,-0.82,15,t2,replay
rep_20251125_COHR,2025-11-25,2026-05-30 02:57:46.261546,COHR,TREND_LEADER,C,replay,148.85,126.98,168.57,189.21,0.9,21.8697,won,2025-12-08,178.89,1.374,1.92,-0.085,13,t2,replay
rep_20251201_COHR,2025-12-01,2026-05-30 02:57:46.271735,COHR,TREND_LEADER,C,replay,163.5,134.12,168.57,190.39,0.17,29.3768,won,2025-12-03,166.03,0.086,0.309,-0.18,2,stop_after_t1,replay
rep_20251204_COHR,2025-12-04,2026-05-30 02:57:46.28234,COHR,TREND_LEADER,C,replay,177.35,147.63,186.48,210.99,0.31,29.7196,won,2025-12-12,181.91,0.154,0.769,-0.024,8,stop_after_t1,replay
rep_20251209_COHR,2025-12-09,2026-05-30 02:57:46.29726,COHR,TREND_LEADER,C,replay,192.73,161.33,195.0,231.48,0.07,31.4036,won,2025-12-11,193.87,0.036,0.238,-0.127,2,stop_after_t1,replay
rep_20251212_COHR,2025-12-12,2026-05-30 02:57:46.308936,COHR,TREND_LEADER,C,replay,178.34,155.12,200.19,220.2,0.94,23.222,won,2026-01-13,190.03,0.503,0.941,-0.467,32,timeout,replay
rep_20251217_COHR,2025-12-17,2026-05-30 02:57:46.320892,COHR,TREND_LEADER,C,replay,170.44,166.25,200.19,218.93,7.09,4.1932,won,2026-01-16,195.61,6.008,9.656,-0.702,30,timeout_after_t1,replay
rep_20251222_COHR,2025-12-22,2026-05-30 02:57:46.331231,COHR,TREND_LEADER,C,replay,190.98,166.93,200.19,225.62,0.38,24.0529,won,2026-01-16,195.58,0.191,0.828,-0.976,25,stop_after_t1,replay
rep_20251226_COHR,2025-12-26,2026-05-30 02:57:46.341095,COHR,TREND_LEADER,C,replay,191.72,167.35,200.19,218.07,0.35,24.367,won,2026-01-16,195.95,0.174,0.787,-0.994,21,stop_after_t1,replay
rep_20251231_COHR,2025-12-31,2026-05-30 02:57:46.352623,COHR,TREND_LEADER,C,replay,184.57,167.68,200.19,214.82,0.92,16.8879,lost,2026-01-09,167.68,-1.0,0.924,-1.011,9,stop,replay
rep_20260106_COHR,2026-01-06,2026-05-30 02:57:46.364047,COHR,TREND_LEADER,C,replay,194.11,174.44,200.19,215.5,0.31,19.6714,lost,2026-01-08,174.44,-1.0,-0.026,-1.134,2,stop,replay
rep_20260114_COHR,2026-01-14,2026-05-30 02:57:46.37398,COHR,TREND_LEADER,C,replay,184.11,164.7,200.18,216.97,0.83,19.4091,won,2026-01-28,208.57,1.26,2.002,0.099,14,t2,replay
rep_20260120_COHR,2026-01-20,2026-05-30 02:57:46.385826,COHR,TREND_LEADER,C,replay,193.46,164.13,210.9,231.09,0.59,29.3257,won,2026-01-23,202.18,0.297,0.676,-0.135,3,stop_after_t1,replay
rep_20260123_COHR,2026-01-23,2026-05-30 02:57:46.397365,COHR,TREND_LEADER,C,replay,196.94,163.69,213.3,236.15,0.49,33.2489,won,2026-01-30,224.73,0.836,1.21,-0.137,7,t2,replay
rep_20260128_COHR,2026-01-28,2026-05-30 02:57:46.409095,COHR,TREND_LEADER,C,replay,221.14,183.67,222.97,254.42,0.05,37.4714,won,2026-02-02,222.06,0.024,0.428,-0.4,5,stop_after_t1,replay
rep_20260202_COHR,2026-02-02,2026-05-30 02:57:46.419492,COHR,TREND_LEADER,C,replay,222.44,181.95,237.18,264.25,0.36,40.4925,won,2026-02-04,229.81,0.182,0.471,-0.472,2,stop_after_t1,replay
rep_20260205_COHR,2026-02-05,2026-05-30 02:57:46.42889,COHR,TREND_LEADER,C,replay,209.24,170.41,241.5,270.45,0.83,38.8254,won,2026-02-12,225.37,0.415,0.976,-0.0,7,stop_after_t1,replay
rep_20260210_COHR,2026-02-10,2026-05-30 02:57:46.439163,COHR,TREND_LEADER,C,replay,228.37,175.16,247.15,279.08,0.35,53.2089,won,2026-03-02,263.12,0.653,1.329,-0.447,20,t2,replay
rep_20260213_COHR,2026-02-13,2026-05-30 02:57:46.449224,COHR,TREND_LEADER,C,replay,217.23,169.76,247.15,280.04,0.63,47.4723,won,2026-03-02,263.6,0.977,1.724,-0.267,17,t2,replay
rep_20260219_COHR,2026-02-19,2026-05-30 02:57:46.457576,COHR,TREND_LEADER,C,replay,232.48,177.85,247.15,279.93,0.27,54.6339,won,2026-03-02,263.54,0.569,1.219,-0.054,11,t2,replay
rep_20260224_COHR,2026-02-24,2026-05-30 02:57:46.465817,COHR,TREND_LEADER,C,replay,254.86,204.4,261.33,306.51,0.13,50.4607,won,2026-02-26,258.1,0.064,0.429,-0.162,2,stop_after_t1,replay
rep_20260227_COHR,2026-02-27,2026-05-30 02:57:46.47342,COHR,TREND_LEADER,C,replay,258.93,214.35,276.5,319.69,0.39,44.5768,won,2026-03-05,267.72,0.197,0.926,-0.277,6,stop_after_t1,replay
rep_20260304_COHR,2026-03-04,2026-05-30 02:57:46.48131,COHR,TREND_LEADER,C,replay,274.86,222.53,300.2,349.84,0.48,52.3321,lost,2026-03-30,222.53,-1.0,0.12,-1.133,26,stop,replay
rep_20260309_COHR,2026-03-09,2026-05-30 02:57:46.490243,COHR,TREND_LEADER,C,replay,252.32,224.43,300.2,334.22,1.72,27.8895,lost,2026-03-30,224.43,-1.0,1.034,-1.318,21,stop,replay
rep_20260312_COHR,2026-03-12,2026-05-30 02:57:46.498324,COHR,TREND_LEADER,C,replay,241.27,224.4,300.2,334.38,3.49,16.8661,lost,2026-03-30,224.4,-1.0,2.365,-1.525,18,stop,replay
rep_20260317_COHR,2026-03-17,2026-05-30 02:57:46.506165,COHR,TREND_LEADER,C,replay,245.8,224.24,300.2,335.34,2.52,21.557,lost,2026-03-30,224.24,-1.0,1.64,-1.403,13,stop,replay
rep_20260320_COHR,2026-03-20,2026-05-30 02:57:46.513963,COHR,TREND_LEADER,C,replay,253.63,224.18,300.2,336.34,1.58,29.4541,lost,2026-03-30,224.18,-1.0,0.855,-1.293,10,stop,replay
rep_20260325_COHR,2026-03-25,2026-05-30 02:57:46.525082,COHR,TREND_LEADER,C,replay,272.04,224.87,300.2,332.18,0.6,47.1693,lost,2026-03-30,224.87,-1.0,-0.192,-1.198,5,stop,replay
rep_20260330_COHR,2026-03-30,2026-05-30 02:57:46.5363,COHR,MEAN_REVERSION,C,replay,219.65,210.04,300.2,333.27,8.38,9.6111,won,2026-04-17,316.74,10.102,13.056,0.057,18,t2,replay
rep_20260402_COHR,2026-04-02,2026-05-30 02:57:46.547048,COHR,TREND_LEADER,C,replay,258.16,209.55,281.16,317.15,0.47,48.6086,won,2026-04-14,299.16,0.843,1.272,-0.23,12,t2,replay
rep_20260408_COHR,2026-04-08,2026-05-30 02:57:46.558291,COHR,TREND_LEADER,C,replay,281.79,222.09,284.98,332.58,0.05,59.7018,won,2026-04-10,283.38,0.027,0.489,-0.102,2,stop_after_t1,replay
rep_20260413_COHR,2026-04-13,2026-05-30 02:57:46.568382,COHR,TREND_LEADER,C,replay,307.93,251.93,313.0,366.4,0.09,55.9982,won,2026-04-15,310.47,0.045,0.26,-0.159,2,stop_after_t1,replay
rep_20260416_COHR,2026-04-16,2026-05-30 02:57:46.578446,COHR,TREND_LEADER,C,replay,328.0,272.87,332.0,397.87,0.07,55.1304,won,2026-04-23,330.0,0.036,0.668,-0.032,7,stop_after_t1,replay
rep_20260421_COHR,2026-04-21,2026-05-30 02:57:46.589185,COHR,TREND_LEADER,C,replay,343.79,291.21,362.54,431.98,0.36,52.5786,won,2026-04-23,353.17,0.178,0.4,-0.334,2,stop_after_t1,replay
rep_20260424_COHR,2026-04-24,2026-05-30 02:57:46.601062,COHR,TREND_LEADER,C,replay,336.09,293.6,364.8,425.64,0.68,42.493,lost,2026-04-28,293.6,-1.0,-0.051,-1.061,4,stop,replay
rep_20260429_COHR,2026-04-29,2026-05-30 02:57:46.610286,COHR,TREND_LEADER,C,replay,304.93,285.53,364.8,397.64,3.09,19.4027,won,2026-05-13,381.22,3.932,5.571,-0.193,14,t2,replay
rep_20260504_COHR,2026-05-04,2026-05-30 02:57:46.620068,COHR,TREND_LEADER,C,replay,329.89,285.47,364.8,400.57,0.79,44.4227,won,2026-05-13,382.69,1.189,1.871,-0.489,9,t2,replay
rep_20250902_CRDO,2025-09-02,2026-05-30 02:57:46.652562,CRDO,TREND_LEADER,C,replay,124.27,104.07,134.35,146.47,0.5,20.1995,won,2025-09-08,140.41,0.799,1.228,-0.107,6,t2,replay
rep_20250905_CRDO,2025-09-05,2026-05-30 02:57:46.661634,CRDO,TREND_LEADER,C,replay,140.82,119.48,142.57,166.33,0.08,21.3423,won,2025-09-11,154.45,0.639,1.293,0.008,6,t2,replay
rep_20250910_CRDO,2025-09-10,2026-05-30 02:57:46.672263,CRDO,TREND_LEADER,C,replay,163.96,142.22,181.35,202.36,0.8,21.7423,lost,2025-09-25,142.22,-1.0,0.586,-1.194,15,stop,replay
rep_20250915_CRDO,2025-09-15,2026-05-30 02:57:46.681753,CRDO,TREND_LEADER,C,replay,163.98,141.72,168.42,205.0,0.2,22.2611,won,2025-09-22,166.2,0.1,0.571,-0.279,7,stop_after_t1,replay
rep_20250918_CRDO,2025-09-18,2026-05-30 02:57:46.690517,CRDO,TREND_LEADER,C,replay,172.31,148.99,176.7,215.33,0.19,23.3186,lost,2025-09-24,148.99,-1.0,0.18,-1.094,6,stop,replay
rep_20250923_CRDO,2025-09-23,2026-05-30 02:57:46.698788,CRDO,TREND_LEADER,C,replay,162.26,152.1,176.7,199.23,1.42,10.1562,lost,2025-09-24,152.1,-1.0,-0.322,-1.522,1,stop,replay
rep_20250926_CRDO,2025-09-26,2026-05-30 02:57:46.707779,CRDO,TREND_LEADER,C,replay,142.93,135.5,176.7,191.71,4.54,7.4319,lost,2025-10-07,135.5,-1.0,1.879,-1.094,11,stop,replay
rep_20251001_CRDO,2025-10-01,2026-05-30 02:57:46.716746,CRDO,TREND_LEADER,C,replay,144.91,135.62,176.7,191.0,3.42,9.2926,lost,2025-10-07,135.62,-1.0,1.29,-1.088,6,stop,replay
rep_20251027_CRDO,2025-10-27,2026-05-30 02:57:46.724667,CRDO,TREND_LEADER,C,replay,154.96,125.78,163.51,183.7,0.29,29.1832,won,2025-10-31,173.6,0.639,1.321,-0.021,4,t2,replay
rep_20251030_CRDO,2025-10-30,2026-05-30 02:57:46.732723,CRDO,TREND_LEADER,C,replay,166.62,136.09,179.13,197.45,0.41,30.528,won,2025-11-04,172.88,0.205,0.88,-0.091,5,stop_after_t1,replay
rep_20251104_CRDO,2025-11-04,2026-05-30 02:57:46.741256,CRDO,TREND_LEADER,C,replay,164.23,131.19,193.5,213.33,0.89,33.0439,lost,2025-11-21,131.19,-1.0,0.447,-1.222,17,stop,replay
rep_20251107_CRDO,2025-11-07,2026-05-30 02:57:46.753347,CRDO,TREND_LEADER,C,replay,163.61,142.82,193.5,215.05,1.44,20.7924,lost,2025-11-13,142.82,-1.0,0.464,-1.266,6,stop,replay
rep_20251112_CRDO,2025-11-12,2026-05-30 02:57:46.766096,CRDO,TREND_LEADER,C,replay,160.34,143.0,193.5,213.94,1.91,17.3358,lost,2025-11-13,143.0,-1.0,-0.13,-1.329,1,stop,replay
rep_20251204_CRDO,2025-12-04,2026-05-30 02:57:46.777169,CRDO,TREND_LEADER,C,replay,180.92,140.43,213.8,238.1,0.81,40.4918,lost,2025-12-16,140.43,-1.0,0.138,-1.078,12,stop,replay
rep_20251222_CRDO,2025-12-22,2026-05-30 02:57:46.787868,CRDO,PULLBACK,A,replay,149.94,130.01,213.8,230.28,3.2,19.9267,lost,2026-01-06,130.01,-1.0,0.118,-1.025,15,stop,replay
rep_20260114_CRDO,2026-01-14,2026-05-30 02:57:46.797602,CRDO,TREND_LEADER,C,replay,156.84,132.16,164.74,213.8,0.32,24.6825,won,2026-01-16,160.79,0.16,0.323,-0.325,2,stop_after_t1,replay
rep_20260413_CRDO,2026-04-13,2026-05-30 02:57:46.808628,CRDO,TREND_LEADER,C,replay,134.36,114.57,135.87,213.8,0.08,19.7941,won,2026-05-11,173.05,1.955,3.871,0.74,28,timeout_after_t1,replay
rep_20260416_CRDO,2026-04-16,2026-05-30 02:57:46.818365,CRDO,TREND_LEADER,C,replay,158.93,132.91,168.97,213.8,0.39,26.0155,won,2026-05-14,176.75,0.685,2.0,-0.263,28,timeout_after_t1,replay
rep_20260421_CRDO,2026-04-21,2026-05-30 02:57:46.827479,CRDO,TREND_LEADER,C,replay,183.32,154.18,184.46,242.11,0.04,29.1379,won,2026-04-23,183.89,0.02,0.34,-0.144,2,stop_after_t1,replay
rep_20260424_CRDO,2026-04-24,2026-05-30 02:57:46.83616,CRDO,TREND_LEADER,C,replay,195.04,163.28,198.97,262.53,0.12,31.7607,won,2026-05-06,197.0,0.062,0.15,-0.952,12,stop_after_t1,replay
rep_20260429_CRDO,2026-04-29,2026-05-30 02:57:46.84556,CRDO,TREND_LEADER,C,replay,175.77,148.46,198.97,240.5,0.85,27.3075,won,2026-05-15,187.37,0.425,1.289,-0.303,16,stop_after_t1,replay
rep_20260504_CRDO,2026-05-04,2026-05-30 02:57:46.854311,CRDO,TREND_LEADER,C,replay,180.06,161.61,198.97,238.45,1.02,18.4549,won,2026-05-14,189.51,0.512,1.675,-0.064,10,stop_after_t1,replay
rep_20251209_CRM,2025-12-09,2026-05-30 02:57:46.894213,CRM,TREND_LEADER,C,replay,261.02,242.96,264.28,367.15,0.18,18.0589,won,2025-12-11,262.65,0.09,0.381,-0.104,2,stop_after_t1,replay
rep_20251212_CRM,2025-12-12,2026-05-30 02:57:46.902961,CRM,TREND_LEADER,C,replay,262.23,245.14,267.9,367.09,0.33,17.0875,won,2026-01-02,265.06,0.166,0.403,-0.592,21,stop_after_t1,replay
rep_20251217_CRM,2025-12-17,2026-05-30 02:57:46.911702,CRM,TREND_LEADER,C,replay,258.14,241.06,267.9,367.09,0.57,17.0821,won,2026-01-02,263.02,0.286,0.642,-0.331,16,stop_after_t1,replay
rep_20251222_CRM,2025-12-22,2026-05-30 02:57:46.920174,CRM,TREND_LEADER,C,replay,264.63,250.37,267.9,367.09,0.23,14.2564,won,2025-12-31,266.26,0.115,0.314,-0.288,9,stop_after_t1,replay
rep_20251226_CRM,2025-12-26,2026-05-30 02:57:46.928506,CRM,VCP,B,replay,266.08,252.45,267.91,367.09,0.13,13.6286,won,2025-12-30,267.0,0.067,0.222,-0.101,4,stop_after_t1,replay
rep_20251231_CRM,2025-12-31,2026-05-30 02:57:46.936362,CRM,VCP,A,replay,264.91,254.3,269.11,367.09,0.4,10.6138,lost,2026-01-02,254.3,-1.0,0.044,-1.172,2,stop,replay
rep_20260106_CRM,2026-01-06,2026-05-30 02:57:46.944203,CRM,TREND_LEADER,C,replay,262.9,250.95,269.11,367.09,0.52,11.9514,lost,2026-01-13,250.95,-1.0,0.413,-1.886,7,stop,replay
rep_20260109_CRM,2026-01-09,2026-05-30 02:57:46.952582,CRM,VCP,B,replay,259.94,250.94,269.11,367.09,1.02,8.9993,lost,2026-01-13,250.94,-1.0,0.18,-2.176,4,stop,replay
rep_20250918_CRWD,2025-09-18,2026-05-30 02:57:47.261715,CRWD,TREND_LEADER,C,replay,502.63,459.81,517.98,571.82,0.36,42.8243,lost,2025-10-16,482.23,-0.476,0.345,-0.785,28,timeout,replay
rep_20250923_CRWD,2025-09-23,2026-05-30 02:57:47.271407,CRWD,TREND_LEADER,C,replay,484.1,443.46,507.2,553.29,0.57,40.637,won,2025-10-16,495.65,0.284,0.82,-0.372,23,stop_after_t1,replay
rep_20250926_CRWD,2025-09-26,2026-05-30 02:57:47.279831,CRWD,TREND_LEADER,C,replay,481.42,440.4,507.2,550.61,0.63,41.0179,won,2025-10-16,494.31,0.314,0.877,-0.147,20,stop_after_t1,replay
rep_20251001_CRWD,2025-10-01,2026-05-30 02:57:47.287466,CRWD,TREND_LEADER,C,replay,499.96,458.8,507.2,567.06,0.18,41.1571,won,2025-10-10,503.58,0.088,0.424,-0.569,9,stop_after_t1,replay
rep_20251006_CRWD,2025-10-06,2026-05-30 02:57:47.296413,CRWD,TREND_LEADER,C,replay,495.95,464.83,507.2,547.89,0.36,31.123,won,2025-10-10,501.57,0.181,0.69,-0.624,4,stop_after_t1,replay
rep_20251009_CRWD,2025-10-09,2026-05-30 02:57:47.305451,CRWD,TREND_LEADER,C,replay,509.13,473.38,517.98,555.4,0.25,35.7491,won,2025-11-03,536.69,0.771,1.306,-0.944,25,t2,replay
rep_20251014_CRWD,2025-10-14,2026-05-30 02:57:47.316103,CRWD,TREND_LEADER,C,replay,488.94,472.59,517.41,541.0,1.74,16.3521,won,2025-10-28,529.2,2.463,3.957,-0.829,14,t2,replay
rep_20251022_CRWD,2025-10-22,2026-05-30 02:57:47.324441,CRWD,TREND_LEADER,C,replay,500.11,471.19,517.41,542.6,0.6,28.9199,won,2025-10-28,530.0,1.034,1.851,-0.004,6,t2,replay
rep_20251027_CRWD,2025-10-27,2026-05-30 02:57:47.332207,CRWD,TREND_LEADER,C,replay,529.7,488.67,535.52,565.78,0.14,41.0286,won,2025-11-05,532.61,0.071,0.636,-0.09,9,stop_after_t1,replay
rep_20251030_CRWD,2025-10-30,2026-05-30 02:57:47.339593,CRWD,TREND_LEADER,C,replay,538.68,498.28,553.64,585.63,0.37,40.395,won,2025-11-04,546.16,0.185,0.424,-0.188,5,stop_after_t1,replay
rep_20251104_CRWD,2025-11-04,2026-05-30 02:57:47.346992,CRWD,TREND_LEADER,C,replay,533.92,494.14,555.81,582.17,0.55,39.7807,won,2025-11-13,544.87,0.275,0.829,-0.423,9,stop_after_t1,replay
rep_20251107_CRWD,2025-11-07,2026-05-30 02:57:47.35481,CRWD,TREND_LEADER,C,replay,539.81,513.09,555.81,588.06,0.6,26.723,won,2025-11-13,547.81,0.299,1.014,-0.512,6,stop_after_t1,replay
rep_20251112_CRWD,2025-11-12,2026-05-30 02:57:47.362437,CRWD,TREND_LEADER,C,replay,545.86,513.03,566.9,600.77,0.64,32.826,lost,2025-11-14,513.03,-1.0,-0.055,-1.121,2,stop,replay
rep_20251117_CRWD,2025-11-17,2026-05-30 02:57:47.369997,CRWD,TREND_LEADER,C,replay,529.78,504.59,566.9,593.66,1.47,25.1908,lost,2025-11-20,504.59,-1.0,0.379,-1.177,3,stop,replay
rep_20251120_CRWD,2025-11-20,2026-05-30 02:57:47.377786,CRWD,MEAN_REVERSION,B,replay,501.31,495.13,566.9,596.93,10.61,6.1843,lost,2025-11-21,495.13,-1.0,-0.05,-3.845,1,stop,replay
rep_20251217_CRWD,2025-12-17,2026-05-30 02:57:47.385671,CRWD,MEAN_REVERSION,B,replay,470.02,465.45,539.32,566.9,15.18,4.565,lost,2026-01-02,465.45,-1.0,4.198,-4.5,16,stop,replay
rep_20251231_CRWD,2025-12-31,2026-05-30 02:57:47.393808,CRWD,VCP,B,replay,468.76,465.39,529.9,566.9,18.13,3.3714,lost,2026-01-02,465.39,-1.0,1.555,-5.728,2,stop,replay
rep_20260504_CRWD,2026-05-04,2026-05-30 02:57:47.403501,CRWD,TREND_LEADER,C,replay,469.24,428.3,471.81,566.9,0.06,40.935,won,2026-05-06,470.52,0.031,0.279,-0.288,2,stop_after_t1,replay
rep_20250910_DDOG,2025-09-10,2026-05-30 02:57:47.434635,DDOG,TREND_LEADER,C,replay,139.13,127.77,145.15,170.08,0.53,11.3636,won,2025-10-08,154.63,1.365,2.29,-0.603,28,timeout_after_t1,replay
rep_20250915_DDOG,2025-09-15,2026-05-30 02:57:47.443229,DDOG,TREND_LEADER,C,replay,138.65,127.93,145.15,170.08,0.61,10.7229,won,2025-10-13,154.67,1.495,2.634,-0.594,28,timeout_after_t1,replay
rep_20250918_DDOG,2025-09-18,2026-05-30 02:57:47.451687,DDOG,TREND_LEADER,C,replay,136.81,131.23,145.15,170.08,1.5,5.5792,won,2025-10-16,148.16,2.034,5.391,-0.658,28,timeout_after_t1,replay
rep_20250923_DDOG,2025-09-23,2026-05-30 02:57:47.45947,DDOG,VCP,B,replay,137.49,131.3,145.15,170.08,1.24,6.189,won,2025-10-21,150.7,2.134,4.75,-0.703,28,timeout_after_t1,replay
rep_20251001_DDOG,2025-10-01,2026-05-30 02:57:47.467562,DDOG,TREND_LEADER,C,replay,152.7,140.48,154.37,170.08,0.14,12.2205,won,2025-10-03,153.53,0.068,0.207,-0.177,2,stop_after_t1,replay
rep_20251006_DDOG,2025-10-06,2026-05-30 02:57:47.47562,DDOG,TREND_LEADER,C,replay,157.36,144.69,159.68,173.8,0.18,12.6745,won,2025-10-16,158.52,0.092,0.752,-0.658,10,stop_after_t1,replay
rep_20251009_DDOG,2025-10-09,2026-05-30 02:57:47.483281,DDOG,TREND_LEADER,C,replay,164.07,149.89,165.63,184.08,0.11,14.1834,won,2025-10-13,164.85,0.055,0.199,-0.417,4,stop_after_t1,replay
rep_20251014_DDOG,2025-10-14,2026-05-30 02:57:47.491001,DDOG,TREND_LEADER,C,replay,160.88,145.04,166.89,181.65,0.38,15.8423,won,2025-11-06,174.27,0.845,2.146,-0.749,23,t2,replay
rep_20251017_DDOG,2025-10-17,2026-05-30 02:57:47.498468,DDOG,TREND_LEADER,C,replay,152.87,147.26,166.89,177.43,2.5,5.6066,won,2025-11-06,172.16,3.439,7.487,-0.053,20,t2,replay
rep_20251022_DDOG,2025-10-22,2026-05-30 02:57:47.506205,DDOG,TREND_LEADER,C,replay,154.21,147.41,166.89,176.55,1.86,6.8007,won,2025-11-06,171.72,2.575,5.979,-0.178,15,t2,replay
rep_20251027_DDOG,2025-10-27,2026-05-30 02:57:47.513772,DDOG,TREND_LEADER,C,replay,157.62,147.52,166.89,175.9,0.92,10.1019,won,2025-11-06,171.39,1.364,3.688,-0.457,10,t2,replay
rep_20251030_DDOG,2025-10-30,2026-05-30 02:57:47.521298,DDOG,TREND_LEADER,C,replay,157.07,150.36,166.89,174.91,1.46,6.7072,won,2025-11-06,170.9,2.061,5.633,-0.355,7,t2,replay
rep_20251104_DDOG,2025-11-04,2026-05-30 02:57:47.52874,DDOG,TREND_LEADER,C,replay,157.51,151.2,166.89,175.13,1.49,6.3134,won,2025-11-06,171.01,2.139,5.921,-0.447,2,t2,replay
rep_20251107_DDOG,2025-11-07,2026-05-30 02:57:47.536445,DDOG,TREND_LEADER,C,replay,191.24,172.33,194.87,218.75,0.19,18.9125,won,2025-11-12,193.06,0.096,0.553,-0.144,5,stop_after_t1,replay
rep_20251112_DDOG,2025-11-12,2026-05-30 02:57:47.544288,DDOG,TREND_LEADER,C,replay,190.89,169.32,201.69,222.49,0.5,21.568,lost,2025-11-20,169.32,-1.0,-0.014,-1.485,8,stop,replay
rep_20251117_DDOG,2025-11-17,2026-05-30 02:57:47.551972,DDOG,TREND_LEADER,C,replay,180.26,156.89,201.69,215.71,0.92,23.3743,lost,2025-11-21,156.89,-1.0,-0.002,-1.211,4,stop,replay
rep_20251120_DDOG,2025-11-20,2026-05-30 02:57:47.559475,DDOG,TREND_LEADER,C,replay,159.57,156.32,201.69,216.86,12.96,3.249,lost,2025-11-21,156.32,-1.0,0.082,-2.343,1,stop,replay
rep_20251222_DDOG,2025-12-22,2026-05-30 02:57:47.56745,DDOG,VCP,B,replay,141.84,135.41,163.43,201.69,3.36,6.4288,lost,2025-12-24,135.41,-1.0,0.1,-1.047,2,stop,replay
rep_20251231_DDOG,2025-12-31,2026-05-30 02:57:47.57522,DDOG,VCP,B,replay,135.99,134.23,156.39,201.69,11.61,1.7568,lost,2026-01-02,134.23,-1.0,0.773,-2.114,2,stop,replay
rep_20260106_DDOG,2026-01-06,2026-05-30 02:57:47.582826,DDOG,VCP,B,replay,137.1,130.69,156.1,201.69,2.97,6.4072,lost,2026-01-08,130.69,-1.0,1.373,-1.022,2,stop,replay
rep_20260504_DDOG,2026-05-04,2026-05-30 02:57:47.591904,DDOG,TREND_LEADER,C,replay,146.69,129.15,201.69,212.22,3.14,17.542,won,2026-05-19,206.95,3.436,3.933,-0.341,15,t2,replay
rep_20250902_DELL,2025-09-02,2026-05-30 02:57:47.623323,DELL,MEAN_REVERSION,C,replay,120.96,116.6,142.11,148.72,4.85,4.3614,won,2025-09-30,141.77,4.773,4.773,-0.644,28,timeout,replay
rep_20251001_DELL,2025-10-01,2026-05-30 02:57:47.633467,DELL,TREND_LEADER,C,replay,149.68,138.44,158.67,168.6,0.8,11.2375,won,2025-10-14,154.18,0.4,1.461,-0.825,13,stop_after_t1,replay
rep_20251006_DELL,2025-10-06,2026-05-30 02:57:47.641819,DELL,TREND_LEADER,C,replay,145.76,131.65,152.1,166.13,0.45,14.1054,won,2025-10-21,148.93,0.225,1.442,-0.096,15,stop_after_t1,replay
rep_20251009_DELL,2025-10-09,2026-05-30 02:57:47.649973,DELL,TREND_LEADER,C,replay,155.95,137.44,166.1,180.63,0.55,18.5089,won,2025-11-04,161.02,0.274,0.655,-0.587,26,stop_after_t1,replay
rep_20251014_DELL,2025-10-14,2026-05-30 02:57:47.657464,DELL,TREND_LEADER,C,replay,148.77,138.46,166.1,177.75,1.68,10.3118,won,2025-11-07,157.44,0.84,1.873,-0.552,24,stop_after_t1,replay
rep_20251017_DELL,2025-10-17,2026-05-30 02:57:47.66486,DELL,TREND_LEADER,C,replay,149.59,142.18,166.1,178.56,2.23,7.4066,won,2025-11-05,157.84,1.114,2.495,-0.607,19,stop_after_t1,replay
rep_20251022_DELL,2025-10-22,2026-05-30 02:57:47.672249,DELL,TREND_LEADER,C,replay,150.13,143.16,166.1,177.7,2.29,6.9736,won,2025-11-05,158.12,1.146,2.575,-0.141,14,stop_after_t1,replay
rep_20251027_DELL,2025-10-27,2026-05-30 02:57:47.680111,DELL,TREND_LEADER,C,replay,162.19,145.08,166.1,181.45,0.23,17.1125,won,2025-10-29,164.14,0.114,0.336,-0.088,2,stop_after_t1,replay
rep_20251030_DELL,2025-10-30,2026-05-30 02:57:47.68793,DELL,TREND_LEADER,C,replay,161.01,147.06,167.94,177.53,0.5,13.9464,won,2025-11-04,164.47,0.248,0.507,-0.552,5,stop_after_t1,replay
rep_20251104_DELL,2025-11-04,2026-05-30 02:57:47.695844,DELL,TREND_LEADER,C,replay,154.64,143.8,168.08,176.78,1.24,10.8402,lost,2025-11-07,143.8,-1.0,0.033,-1.066,3,stop,replay
rep_20251117_DELL,2025-11-17,2026-05-30 02:57:47.703792,DELL,MEAN_REVERSION,B,replay,122.48,118.25,168.08,178.65,10.77,4.2323,lost,2025-11-20,118.25,-1.0,0.842,-1.355,3,stop,replay
rep_20251226_DELL,2025-12-26,2026-05-30 02:57:47.71236,DELL,VCP,B,replay,129.24,120.94,142.34,168.08,1.58,8.2997,lost,2026-01-07,120.94,-1.0,0.235,-1.264,12,stop,replay
rep_20251231_DELL,2025-12-31,2026-05-30 02:57:47.720102,DELL,VCP,B,replay,125.88,121.04,142.34,168.08,3.4,4.8418,lost,2026-01-07,121.04,-1.0,1.097,-1.473,7,stop,replay
rep_20260227_DELL,2026-02-27,2026-05-30 02:57:47.728295,DELL,TREND_LEADER,C,replay,148.08,129.34,148.86,170.68,0.04,18.7393,won,2026-03-03,148.47,0.021,0.301,-0.377,4,stop_after_t1,replay
rep_20260304_DELL,2026-03-04,2026-05-30 02:57:47.738955,DELL,TREND_LEADER,C,replay,147.1,126.77,153.72,172.61,0.33,20.3286,won,2026-03-19,150.41,0.163,0.526,-0.472,15,stop_after_t1,replay
rep_20260309_DELL,2026-03-09,2026-05-30 02:57:47.750109,DELL,TREND_LEADER,C,replay,146.51,127.26,153.72,172.02,0.37,19.2464,won,2026-03-24,162.87,0.85,1.652,-0.468,15,t2,replay
rep_20260312_DELL,2026-03-12,2026-05-30 02:57:47.761411,DELL,TREND_LEADER,C,replay,149.91,134.09,153.72,175.42,0.24,15.8229,won,2026-03-18,151.81,0.12,0.499,-0.195,6,stop_after_t1,replay
rep_20260317_DELL,2026-03-17,2026-05-30 02:57:47.77052,DELL,TREND_LEADER,C,replay,153.01,135.47,157.8,179.97,0.27,17.5366,won,2026-03-25,168.88,0.905,1.816,-0.367,8,t2,replay
rep_20260320_DELL,2026-03-20,2026-05-30 02:57:47.780197,DELL,TREND_LEADER,C,replay,157.67,139.38,169.9,189.29,0.67,18.2857,won,2026-03-31,163.78,0.334,1.57,-0.126,11,stop_after_t1,replay
rep_20260325_DELL,2026-03-25,2026-05-30 02:57:47.790156,DELL,TREND_LEADER,C,replay,184.01,164.52,199.6,222.74,0.8,19.4857,lost,2026-03-30,164.52,-1.0,0.122,-1.105,5,stop,replay
rep_20260330_DELL,2026-03-30,2026-05-30 02:57:47.798577,DELL,TREND_LEADER,C,replay,164.66,144.5,186.39,198.83,1.08,20.1641,won,2026-04-20,192.61,1.386,2.04,-0.461,21,t2,replay
rep_20260402_DELL,2026-04-02,2026-05-30 02:57:47.805953,DELL,TREND_LEADER,C,replay,174.37,153.1,186.39,203.7,0.57,21.2729,won,2026-04-20,195.04,0.972,1.477,-0.101,18,t2,replay
rep_20260408_DELL,2026-04-08,2026-05-30 02:57:47.813851,DELL,TREND_LEADER,C,replay,185.47,161.78,189.75,212.23,0.18,23.6893,won,2026-04-14,187.61,0.09,0.249,-0.356,6,stop_after_t1,replay
rep_20260413_DELL,2026-04-13,2026-05-30 02:57:47.821146,DELL,TREND_LEADER,C,replay,189.79,166.54,191.37,216.67,0.07,23.2518,won,2026-04-22,204.02,0.612,1.187,-0.55,9,t2,replay
rep_20260416_DELL,2026-04-16,2026-05-30 02:57:47.828677,DELL,TREND_LEADER,C,replay,193.09,169.84,211.69,225.64,0.8,23.25,won,2026-05-06,218.66,1.1,1.994,-0.058,20,t2,replay
rep_20260421_DELL,2026-04-21,2026-05-30 02:57:47.836347,DELL,TREND_LEADER,C,replay,212.36,190.03,214.33,247.74,0.09,22.3286,won,2026-04-23,213.35,0.044,0.309,-0.128,2,stop_after_t1,replay
rep_20260424_DELL,2026-04-24,2026-05-30 02:57:47.843939,DELL,TREND_LEADER,C,replay,216.09,192.48,219.26,254.42,0.13,23.6125,won,2026-04-28,217.68,0.067,0.229,-0.615,4,stop_after_t1,replay
rep_20260429_DELL,2026-04-29,2026-05-30 02:57:47.853144,DELL,TREND_LEADER,C,replay,205.66,181.86,221.5,239.7,0.67,23.7982,won,2026-05-08,230.6,1.048,2.451,-0.203,9,t2,replay
rep_20260504_DELL,2026-05-04,2026-05-30 02:57:47.875935,DELL,TREND_LEADER,C,replay,211.64,198.58,221.5,241.21,0.75,13.062,won,2026-05-08,231.36,1.51,4.008,-0.054,4,t2,replay
rep_20250910_DLR,2025-09-10,2026-05-30 02:57:47.916358,DLR,TREND_LEADER,C,replay,173.89,163.8,174.93,198.0,0.1,10.0875,won,2025-09-12,174.41,0.052,0.168,-0.059,2,stop_after_t1,replay
rep_20250915_DLR,2025-09-15,2026-05-30 02:57:47.925338,DLR,TREND_LEADER,C,replay,175.04,165.38,198.0,203.8,2.38,9.6625,lost,2025-10-13,171.56,-0.36,0.337,-0.682,28,timeout,replay
rep_20250923_DLR,2025-09-23,2026-05-30 02:57:47.933331,DLR,TREND_LEADER,C,replay,174.12,165.55,176.15,198.0,0.24,8.5721,won,2025-10-08,175.13,0.118,0.488,-0.567,15,stop_after_t1,replay
rep_20251001_DLR,2025-10-01,2026-05-30 02:57:47.941274,DLR,TREND_LEADER,C,replay,171.45,168.48,176.15,198.0,1.58,2.9673,won,2025-10-10,173.8,0.791,2.306,-1.01,9,stop_after_t1,replay
rep_20251006_DLR,2025-10-06,2026-05-30 02:57:47.949532,DLR,TREND_LEADER,C,replay,176.96,168.71,178.3,198.0,0.16,8.2482,lost,2025-10-10,168.71,-1.0,0.01,-1.032,4,stop,replay
rep_20251017_DLR,2025-10-17,2026-05-30 02:57:47.957759,DLR,TREND_LEADER,C,replay,172.73,167.5,178.3,198.0,1.07,5.2254,won,2025-10-29,175.52,0.533,1.864,-1.291,12,stop_after_t1,replay
rep_20251027_DLR,2025-10-27,2026-05-30 02:57:47.965622,DLR,TREND_LEADER,C,replay,178.14,167.66,182.48,198.0,0.41,10.4793,lost,2025-10-29,167.66,-1.0,-0.078,-1.16,2,stop,replay
rep_20260210_DLR,2026-02-10,2026-05-30 02:57:47.974578,DLR,TREND_LEADER,C,replay,172.53,161.35,173.9,182.58,0.12,11.1786,won,2026-02-12,178.24,0.511,1.097,-0.113,2,t2,replay
rep_20260213_DLR,2026-02-13,2026-05-30 02:57:47.98221,DLR,TREND_LEADER,C,replay,180.97,168.64,184.79,197.55,0.31,12.3286,won,2026-03-16,181.25,0.023,0.207,-0.654,31,timeout,replay
rep_20260219_DLR,2026-02-19,2026-05-30 02:57:48.248099,DLR,TREND_LEADER,C,replay,176.9,164.97,184.79,193.48,0.66,11.925,won,2026-03-19,179.85,0.247,0.555,-0.334,28,timeout,replay
rep_20260224_DLR,2026-02-24,2026-05-30 02:57:48.26174,DLR,TREND_LEADER,C,replay,178.24,167.49,184.79,193.11,0.61,10.7461,lost,2026-03-24,174.71,-0.328,0.491,-0.496,28,timeout,replay
rep_20260227_DLR,2026-02-27,2026-05-30 02:57:48.273312,DLR,TREND_LEADER,C,replay,177.2,173.08,184.79,191.01,1.84,4.1166,lost,2026-03-09,173.08,-1.0,1.451,-1.041,10,stop,replay
rep_20260304_DLR,2026-03-04,2026-05-30 02:57:48.282066,DLR,TREND_LEADER,C,replay,182.62,172.71,184.79,195.93,0.22,9.9075,lost,2026-04-01,180.45,-0.219,0.091,-0.98,28,timeout,replay
rep_20260309_DLR,2026-03-09,2026-05-30 02:57:48.289955,DLR,TREND_LEADER,C,replay,179.65,171.82,184.79,191.32,0.66,7.8291,won,2026-04-07,182.42,0.354,0.494,-0.839,29,timeout,replay
rep_20260312_DLR,2026-03-12,2026-05-30 02:57:48.298096,DLR,TREND_LEADER,C,replay,180.4,171.79,184.79,191.54,0.51,8.6143,won,2026-04-10,186.83,0.747,1.124,-0.85,29,timeout_after_t1,replay
rep_20260317_DLR,2026-03-17,2026-05-30 02:57:48.305579,DLR,TREND_LEADER,C,replay,180.39,171.79,183.52,190.25,0.36,8.6012,won,2026-04-13,186.88,0.755,1.338,-0.85,27,t2,replay
rep_20260320_DLR,2026-03-20,2026-05-30 02:57:48.313724,DLR,MEAN_REVERSION,B,replay,173.3,171.81,183.52,190.1,6.88,1.4861,won,2026-04-13,186.81,9.067,12.483,0.134,24,t2,replay
rep_20260325_DLR,2026-03-25,2026-05-30 02:57:48.32363,DLR,TREND_LEADER,C,replay,176.43,172.04,183.52,189.74,1.62,4.3866,won,2026-04-09,186.63,2.323,3.109,-0.667,15,t2,replay
rep_20260330_DLR,2026-03-30,2026-05-30 02:57:48.334012,DLR,PULLBACK,B,replay,175.18,172.15,183.52,189.07,2.76,3.0252,won,2026-04-09,186.29,3.668,4.917,0.452,10,t2,replay
rep_20260402_DLR,2026-04-02,2026-05-30 02:57:48.345061,DLR,TREND_LEADER,C,replay,181.69,172.09,183.52,189.47,0.19,9.6016,won,2026-04-09,186.5,0.501,0.874,-0.259,7,t2,replay
rep_20260408_DLR,2026-04-08,2026-05-30 02:57:48.355183,DLR,TREND_LEADER,C,replay,185.63,175.47,193.76,199.85,0.8,10.1571,won,2026-04-17,196.81,1.1,1.829,-0.022,9,t2,replay
rep_20260413_DLR,2026-04-13,2026-05-30 02:57:48.363179,DLR,TREND_LEADER,C,replay,191.85,182.54,199.3,204.89,0.8,9.3125,won,2026-04-21,202.09,1.1,1.406,-0.006,8,t2,replay
rep_20260416_DLR,2026-04-16,2026-05-30 02:57:48.372989,DLR,TREND_LEADER,C,replay,199.05,189.66,206.56,214.63,0.8,9.3911,won,2026-04-27,202.81,0.4,0.968,-0.511,11,stop_after_t1,replay
rep_20260421_DLR,2026-04-21,2026-05-30 02:57:48.38228,DLR,BREAKOUT,A,replay,201.27,192.43,204.94,220.13,0.42,8.8375,won,2026-04-27,203.11,0.208,0.777,-0.794,6,stop_after_t1,replay
rep_20260424_DLR,2026-04-24,2026-05-30 02:57:48.394373,DLR,TREND_LEADER,C,replay,200.0,189.62,208.14,220.78,0.78,10.3839,lost,2026-05-15,189.62,-1.0,0.152,-1.171,21,stop,replay
rep_20260504_DLR,2026-05-04,2026-05-30 02:57:48.402793,DLR,TREND_LEADER,C,replay,198.51,190.44,208.14,215.87,1.19,8.0661,lost,2026-05-15,190.44,-1.0,0.341,-1.321,11,stop,replay
rep_20250915_ENTG,2025-09-15,2026-05-30 02:57:48.447493,ENTG,TREND_LEADER,C,replay,90.18,82.05,117.88,122.76,3.41,8.1268,won,2025-10-13,91.91,0.213,1.39,-0.806,28,timeout,replay
rep_20250918_ENTG,2025-09-18,2026-05-30 02:57:48.456116,ENTG,TREND_LEADER,C,replay,95.97,87.19,97.63,117.88,0.19,8.7786,won,2025-09-24,96.8,0.095,0.35,-0.351,6,stop_after_t1,replay
rep_20250923_ENTG,2025-09-23,2026-05-30 02:57:48.469555,ENTG,TREND_LEADER,C,replay,95.77,86.73,99.04,117.88,0.36,9.0357,won,2025-10-07,97.41,0.181,0.632,-0.648,14,stop_after_t1,replay
rep_20250926_ENTG,2025-09-26,2026-05-30 02:57:48.477664,ENTG,TREND_LEADER,C,replay,93.09,86.84,99.04,117.88,0.95,6.2471,won,2025-10-07,96.06,0.476,1.342,-0.494,11,stop_after_t1,replay
rep_20251001_ENTG,2025-10-01,2026-05-30 02:57:48.487385,ENTG,TREND_LEADER,C,replay,93.96,88.99,99.04,114.19,1.02,4.9723,won,2025-10-07,96.5,0.511,1.513,-0.376,6,stop_after_t1,replay
rep_20251006_ENTG,2025-10-06,2026-05-30 02:57:48.497044,ENTG,TREND_LEADER,C,replay,100.26,91.02,101.48,114.25,0.13,9.2393,lost,2025-10-10,91.02,-1.0,0.13,-1.8,4,stop,replay
rep_20251009_ENTG,2025-10-09,2026-05-30 02:57:48.506445,ENTG,TREND_LEADER,C,replay,94.23,89.04,101.48,112.36,1.4,5.1895,lost,2025-10-10,89.04,-1.0,0.089,-2.042,1,stop,replay
rep_20251209_ENTG,2025-12-09,2026-05-30 02:57:48.515383,ENTG,TREND_LEADER,C,replay,92.59,82.95,93.13,112.7,0.06,9.6429,won,2025-12-12,92.86,0.028,0.364,-0.144,3,stop_after_t1,replay
rep_20251212_ENTG,2025-12-12,2026-05-30 02:57:48.525137,ENTG,TREND_LEADER,C,replay,92.55,83.48,96.1,112.66,0.39,9.0679,lost,2025-12-19,83.48,-1.0,-0.164,-1.006,7,stop,replay
rep_20251226_ENTG,2025-12-26,2026-05-30 02:57:48.534201,ENTG,TREND_LEADER,C,replay,86.27,82.57,96.1,110.46,2.66,3.6982,won,2026-01-15,103.28,4.597,8.576,-0.584,20,t2,replay
rep_20251231_ENTG,2025-12-31,2026-05-30 02:57:48.544888,ENTG,VCP,B,replay,84.25,82.68,96.1,110.46,7.54,1.5712,won,2026-01-15,103.28,12.121,21.497,0.707,15,t2,replay
rep_20260106_ENTG,2026-01-06,2026-05-30 02:57:48.555839,ENTG,TREND_LEADER,C,replay,99.56,91.1,110.46,115.54,1.29,8.4607,won,2026-01-15,113.0,1.589,2.18,-0.437,9,t2,replay
rep_20260109_ENTG,2026-01-09,2026-05-30 02:57:48.567108,ENTG,TREND_LEADER,C,replay,102.99,94.51,103.63,115.11,0.08,8.4786,won,2026-01-15,109.37,0.752,1.77,-0.37,6,t2,replay
rep_20260114_ENTG,2026-01-14,2026-05-30 02:57:48.579574,ENTG,TREND_LEADER,C,replay,104.09,95.12,110.46,116.77,0.71,8.9679,won,2026-01-15,113.61,1.062,1.551,0.689,1,t2,replay
rep_20260120_ENTG,2026-01-20,2026-05-30 02:57:48.589335,ENTG,TREND_LEADER,C,replay,115.0,102.51,119.61,136.71,0.37,12.4893,won,2026-01-23,117.31,0.185,0.596,-0.155,3,stop_after_t1,replay
rep_20260123_ENTG,2026-01-23,2026-05-30 02:57:48.599977,ENTG,TREND_LEADER,C,replay,114.71,101.25,122.44,137.77,0.57,13.4625,won,2026-02-03,118.57,0.287,0.69,-0.24,11,stop_after_t1,replay
rep_20260128_ENTG,2026-01-28,2026-05-30 02:57:48.610741,ENTG,TREND_LEADER,C,replay,120.65,107.66,124.0,144.58,0.26,12.9929,won,2026-02-26,128.1,0.574,1.682,-0.931,29,timeout_after_t1,replay
rep_20260202_ENTG,2026-02-02,2026-05-30 02:57:48.621055,ENTG,TREND_LEADER,C,replay,119.48,111.04,124.0,139.87,0.54,8.4432,lost,2026-02-04,111.04,-1.0,0.289,-1.294,2,stop,replay
rep_20260205_ENTG,2026-02-05,2026-05-30 02:57:48.630605,ENTG,TREND_LEADER,C,replay,110.33,107.1,124.0,132.79,4.23,3.2346,won,2026-02-10,128.39,5.593,8.272,0.557,5,t2,replay
rep_20260210_ENTG,2026-02-10,2026-05-30 02:57:48.640362,ENTG,TREND_LEADER,C,replay,133.44,116.22,137.05,155.56,0.21,17.2214,won,2026-02-12,135.25,0.105,0.322,-0.423,2,stop_after_t1,replay
rep_20260213_ENTG,2026-02-13,2026-05-30 02:57:48.655157,ENTG,TREND_LEADER,C,replay,131.43,112.01,138.99,150.64,0.39,19.4232,won,2026-02-26,135.21,0.195,0.57,-0.303,13,stop_after_t1,replay
rep_20260219_ENTG,2026-02-19,2026-05-30 02:57:48.665401,ENTG,TREND_LEADER,C,replay,132.67,113.61,138.99,150.93,0.33,19.0571,won,2026-02-26,135.83,0.166,0.516,-0.163,7,stop_after_t1,replay
rep_20260224_ENTG,2026-02-24,2026-05-30 02:57:48.675536,ENTG,TREND_LEADER,C,replay,136.27,118.4,142.5,156.63,0.35,17.8739,lost,2026-03-06,118.4,-1.0,0.2,-1.344,10,stop,replay
rep_20260227_ENTG,2026-02-27,2026-05-30 02:57:48.685834,ENTG,TREND_LEADER,C,replay,132.45,123.88,142.5,152.81,1.17,8.5698,lost,2026-03-05,123.88,-1.0,0.384,-1.189,6,stop,replay
rep_20260304_ENTG,2026-03-04,2026-05-30 02:57:48.696386,ENTG,TREND_LEADER,C,replay,129.0,123.44,142.5,152.19,2.43,5.5643,lost,2026-03-05,123.44,-1.0,0.079,-1.212,1,stop,replay
rep_20260312_ENTG,2026-03-12,2026-05-30 02:57:48.706987,ENTG,MEAN_REVERSION,C,replay,109.98,106.4,142.5,153.0,9.08,3.5796,won,2026-04-10,135.32,7.078,7.458,-0.763,29,timeout,replay
rep_20260408_ENTG,2026-04-08,2026-05-30 02:57:48.717926,ENTG,TREND_LEADER,C,replay,129.6,113.09,130.82,150.75,0.07,16.5107,won,2026-04-21,140.78,0.677,1.351,-0.136,13,t2,replay
rep_20260413_ENTG,2026-04-13,2026-05-30 02:57:48.729661,ENTG,TREND_LEADER,C,replay,138.07,122.21,142.5,159.22,0.28,15.8571,won,2026-05-04,140.28,0.14,1.329,-0.253,21,stop_after_t1,replay
rep_20260416_ENTG,2026-04-16,2026-05-30 02:57:48.739091,ENTG,TREND_LEADER,C,replay,135.92,121.63,140.82,157.07,0.34,14.2893,won,2026-04-24,148.94,0.911,1.626,0.244,8,t2,replay
rep_20260421_ENTG,2026-04-21,2026-05-30 02:57:48.74986,ENTG,TREND_LEADER,C,replay,146.99,132.96,151.9,173.78,0.35,14.0304,won,2026-04-23,149.44,0.175,0.356,-0.182,2,stop_after_t1,replay
rep_20260424_ENTG,2026-04-24,2026-05-30 02:57:48.758696,ENTG,TREND_LEADER,C,replay,155.98,140.77,159.15,187.12,0.21,15.2107,lost,2026-04-30,140.77,-1.0,0.108,-1.138,6,stop,replay
rep_20260429_ENTG,2026-04-29,2026-05-30 02:57:48.769957,ENTG,TREND_LEADER,C,replay,149.37,133.63,159.15,177.13,0.62,15.7398,lost,2026-05-15,133.63,-1.0,0.449,-1.104,16,stop,replay
rep_20260504_ENTG,2026-05-04,2026-05-30 02:57:48.77784,ENTG,TREND_LEADER,C,replay,138.96,133.05,159.15,169.99,3.42,5.9071,lost,2026-05-15,133.05,-1.0,2.956,-1.178,11,stop,replay
rep_20251027_EQIX,2025-10-27,2026-05-30 02:57:48.82023,EQIX,TREND_LEADER,C,replay,842.77,802.46,851.08,994.03,0.21,40.3072,lost,2025-10-29,802.46,-1.0,-0.009,-1.194,2,stop,replay
rep_20260128_EQIX,2026-01-28,2026-05-30 02:57:48.830962,EQIX,TREND_LEADER,C,replay,816.15,776.85,831.72,953.41,0.4,39.3041,won,2026-02-12,892.57,1.944,4.497,-0.626,15,t2,replay
rep_20260202_EQIX,2026-02-02,2026-05-30 02:57:48.840422,EQIX,TREND_LEADER,C,replay,810.38,777.46,831.72,953.41,0.65,32.9191,won,2026-02-12,892.57,2.497,5.544,-0.572,10,t2,replay
rep_20260205_EQIX,2026-02-05,2026-05-30 02:57:48.848148,EQIX,TREND_LEADER,C,replay,807.56,779.67,831.72,953.41,0.87,27.8881,won,2026-02-12,892.57,3.048,6.645,0.218,7,t2,replay
rep_20260210_EQIX,2026-02-10,2026-05-30 02:57:48.856687,EQIX,TREND_LEADER,C,replay,856.74,806.55,864.62,953.41,0.16,50.1875,won,2026-02-12,909.01,1.042,2.713,-0.098,2,t2,replay
rep_20260213_EQIX,2026-02-13,2026-05-30 02:57:48.864581,EQIX,TREND_LEADER,C,replay,956.19,884.97,992.9,1082.72,0.52,71.2232,won,2026-03-16,984.46,0.397,0.488,-0.629,31,timeout,replay
rep_20260219_EQIX,2026-02-19,2026-05-30 02:57:48.872877,EQIX,TREND_LEADER,C,replay,918.03,843.84,992.9,1043.16,1.01,74.1929,won,2026-03-19,974.76,0.765,0.983,-0.089,28,timeout,replay
rep_20260224_EQIX,2026-02-24,2026-05-30 02:57:48.883302,EQIX,TREND_LEADER,C,replay,951.9,878.61,992.9,1072.72,0.56,73.2857,won,2026-03-24,964.53,0.172,0.533,-0.459,28,timeout,replay
rep_20260227_EQIX,2026-02-27,2026-05-30 02:57:48.891685,EQIX,TREND_LEADER,C,replay,974.26,904.2,992.9,1095.08,0.27,70.0568,lost,2026-03-27,963.0,-0.161,0.239,-0.799,28,timeout,replay
rep_20260304_EQIX,2026-03-04,2026-05-30 02:57:48.89927,EQIX,TREND_LEADER,C,replay,969.04,903.84,992.9,1089.07,0.37,65.1996,won,2026-04-01,994.44,0.39,0.47,-0.779,28,timeout_after_t1,replay
rep_20260309_EQIX,2026-03-09,2026-05-30 02:57:48.906531,EQIX,TREND_LEADER,C,replay,944.91,912.52,992.9,1036.29,1.48,32.3885,won,2026-04-07,1000.09,1.704,2.207,-0.165,29,timeout_after_t1,replay
rep_20260312_EQIX,2026-03-12,2026-05-30 02:57:48.914398,EQIX,TREND_LEADER,C,replay,971.47,912.25,992.9,1029.1,0.36,59.2226,won,2026-04-09,1011.0,0.668,1.156,-0.308,28,t2,replay
rep_20260317_EQIX,2026-03-17,2026-05-30 02:57:48.922767,EQIX,TREND_LEADER,C,replay,976.88,916.81,990.98,1027.02,0.23,60.0714,won,2026-04-09,1009.0,0.535,1.049,-0.394,23,t2,replay
rep_20260320_EQIX,2026-03-20,2026-05-30 02:57:48.931994,EQIX,TREND_LEADER,C,replay,959.16,912.6,990.98,1025.07,0.68,46.5623,won,2026-04-09,1008.02,1.05,1.734,-0.128,20,t2,replay
rep_20260325_EQIX,2026-03-25,2026-05-30 02:57:48.941862,EQIX,TREND_LEADER,C,replay,965.95,947.97,990.98,1022.47,1.39,17.9777,won,2026-04-08,1006.73,2.268,3.199,-0.661,14,t2,replay
rep_20260330_EQIX,2026-03-30,2026-05-30 02:57:48.950742,EQIX,BREAKOUT,A,replay,964.05,948.45,990.98,1019.61,1.73,15.6018,won,2026-04-08,1005.3,2.644,3.809,-0.043,9,t2,replay
rep_20260402_EQIX,2026-04-02,2026-05-30 02:57:48.960193,EQIX,BREAKOUT,A,replay,1000.37,954.15,1006.56,1053.34,0.13,46.2178,won,2026-04-07,1003.46,0.067,0.347,-0.352,5,stop_after_t1,replay
rep_20260408_EQIX,2026-04-08,2026-05-30 02:57:48.97206,EQIX,TREND_LEADER,C,replay,1017.66,967.29,1023.47,1059.81,0.12,50.3714,won,2026-04-14,1041.64,0.476,0.842,0.006,6,t2,replay
rep_20260413_EQIX,2026-04-13,2026-05-30 02:57:49.253178,EQIX,TREND_LEADER,C,replay,1056.84,1006.08,1097.45,1127.9,0.8,50.7607,won,2026-04-24,1112.68,1.1,1.415,-0.267,11,t2,replay
rep_20260416_EQIX,2026-04-16,2026-05-30 02:57:49.265779,EQIX,TREND_LEADER,C,replay,1070.9,1018.86,1112.53,1143.76,0.8,52.0411,won,2026-04-28,1091.72,0.4,1.11,-0.146,12,stop_after_t1,replay
rep_20260421_EQIX,2026-04-21,2026-05-30 02:57:49.275172,EQIX,TREND_LEADER,C,replay,1094.34,1041.34,1108.19,1186.82,0.26,52.9964,won,2026-04-27,1101.26,0.131,0.648,-0.179,6,stop_after_t1,replay
rep_20260424_EQIX,2026-04-24,2026-05-30 02:57:49.283689,EQIX,TREND_LEADER,C,replay,1108.76,1054.99,1128.68,1211.01,0.37,53.7732,lost,2026-04-30,1054.99,-1.0,-0.005,-1.186,6,stop,replay
rep_20260429_EQIX,2026-04-29,2026-05-30 02:57:49.296628,EQIX,TREND_LEADER,C,replay,1089.07,1045.58,1128.68,1179.47,0.91,43.4859,lost,2026-04-30,1045.58,-1.0,-0.097,-1.013,1,stop,replay
rep_20250915_ETN,2025-09-15,2026-05-30 02:57:49.346389,ETN,TREND_LEADER,C,replay,375.54,354.97,378.16,411.72,0.13,20.5661,won,2025-09-17,376.85,0.064,0.167,-0.79,2,stop_after_t1,replay
rep_20250918_ETN,2025-09-18,2026-05-30 02:57:49.358114,ETN,TREND_LEADER,C,replay,371.27,347.96,378.98,407.21,0.33,23.3089,won,2025-09-23,375.12,0.165,0.5,-0.224,5,stop_after_t1,replay
rep_20250923_ETN,2025-09-23,2026-05-30 02:57:49.368118,ETN,TREND_LEADER,C,replay,368.52,354.57,382.92,404.46,1.03,13.9475,won,2025-10-07,375.72,0.516,1.229,-0.591,14,stop_after_t1,replay
rep_20250926_ETN,2025-09-26,2026-05-30 02:57:49.376644,ETN,TREND_LEADER,C,replay,365.58,356.8,382.92,401.52,1.97,8.7816,won,2025-10-14,374.25,0.987,2.51,-0.139,18,stop_after_t1,replay
rep_20251001_ETN,2025-10-01,2026-05-30 02:57:49.38528,ETN,TREND_LEADER,C,replay,373.84,357.91,382.92,408.61,0.57,15.9288,won,2025-10-07,378.38,0.285,0.743,-0.399,6,stop_after_t1,replay
rep_20251006_ETN,2025-10-06,2026-05-30 02:57:49.394038,ETN,TREND_LEADER,C,replay,380.02,357.93,385.67,413.57,0.26,22.0896,won,2025-10-13,382.85,0.128,0.344,-0.567,7,stop_after_t1,replay
rep_20251009_ETN,2025-10-09,2026-05-30 02:57:49.402237,ETN,TREND_LEADER,C,replay,377.19,357.82,385.67,401.66,0.44,19.3739,won,2025-10-13,381.43,0.219,0.538,-0.419,4,stop_after_t1,replay
rep_20251014_ETN,2025-10-14,2026-05-30 02:57:49.410843,ETN,TREND_LEADER,C,replay,374.35,361.71,387.62,403.53,1.05,12.6422,lost,2025-10-22,361.71,-1.0,0.975,-1.645,8,stop,replay
rep_20251022_ETN,2025-10-22,2026-05-30 02:57:49.418673,ETN,MEAN_REVERSION,B,replay,360.6,350.52,387.62,405.88,2.68,10.0827,won,2025-11-04,374.11,1.34,3.273,-0.843,13,stop_after_t1,replay
rep_20251027_ETN,2025-10-27,2026-05-30 02:57:49.42664,ETN,TREND_LEADER,C,replay,379.74,350.95,387.62,404.89,0.27,28.7893,won,2025-10-30,383.68,0.137,0.36,-0.219,3,stop_after_t1,replay
rep_20251030_ETN,2025-10-30,2026-05-30 02:57:49.435254,ETN,TREND_LEADER,C,replay,383.09,354.9,390.11,407.02,0.25,28.1875,won,2025-11-03,386.6,0.125,0.372,-0.172,4,stop_after_t1,replay
rep_20251104_ETN,2025-11-04,2026-05-30 02:57:49.443498,ETN,TREND_LEADER,C,replay,377.72,348.9,393.59,412.8,0.55,28.8221,won,2025-11-06,385.66,0.275,0.57,-0.134,2,stop_after_t1,replay
rep_20251117_ETN,2025-11-17,2026-05-30 02:57:49.451624,ETN,MEAN_REVERSION,B,replay,342.75,336.27,394.14,415.57,7.93,6.4811,lost,2025-11-18,336.27,-1.0,0.039,-1.181,1,stop,replay
rep_20260128_ETN,2026-01-28,2026-05-30 02:57:49.461291,ETN,TREND_LEADER,C,replay,347.32,326.28,349.6,399.56,0.11,21.0375,won,2026-01-30,348.46,0.054,0.633,-0.014,2,stop_after_t1,replay
rep_20260202_ETN,2026-02-02,2026-05-30 02:57:49.470008,ETN,TREND_LEADER,C,replay,359.44,335.89,361.33,406.47,0.08,23.5482,won,2026-02-04,360.38,0.04,0.751,-0.628,2,stop_after_t1,replay
rep_20260205_ETN,2026-02-05,2026-05-30 02:57:49.47757,ETN,TREND_LEADER,C,replay,354.67,324.36,377.12,399.56,0.74,30.3084,won,2026-02-11,388.34,1.111,1.529,0.1,6,t2,replay
rep_20260210_ETN,2026-02-10,2026-05-30 02:57:49.485097,ETN,TREND_LEADER,C,replay,377.47,345.34,382.2,410.29,0.15,32.1286,won,2026-02-19,379.84,0.074,0.964,-0.054,9,stop_after_t1,replay
rep_20260213_ETN,2026-02-13,2026-05-30 02:57:49.492785,ETN,TREND_LEADER,C,replay,389.25,351.92,408.45,437.82,0.51,37.3268,lost,2026-03-03,351.92,-1.0,0.208,-1.031,18,stop,replay
rep_20260219_ETN,2026-02-19,2026-05-30 02:57:49.501063,ETN,TREND_LEADER,C,replay,377.32,349.64,408.45,430.71,1.12,27.6802,lost,2026-03-05,349.64,-1.0,0.043,-1.14,14,stop,replay
rep_20260224_ETN,2026-02-24,2026-05-30 02:57:49.509369,ETN,TREND_LEADER,C,replay,374.56,356.36,408.45,429.33,1.86,18.2,lost,2026-03-03,356.36,-1.0,0.193,-1.308,7,stop,replay
rep_20260227_ETN,2026-02-27,2026-05-30 02:57:49.517262,ETN,TREND_LEADER,C,replay,375.92,356.72,408.45,427.17,1.69,19.1998,lost,2026-03-03,356.72,-1.0,0.112,-1.311,4,stop,replay
rep_20260320_ETN,2026-03-20,2026-05-30 02:57:49.524842,ETN,PULLBACK,B,replay,356.8,334.86,378.07,408.45,0.97,21.9423,won,2026-03-26,367.44,0.485,1.078,-0.007,6,stop_after_t1,replay
rep_20260325_ETN,2026-03-25,2026-05-30 02:57:49.532707,ETN,TREND_LEADER,C,replay,375.0,342.15,380.45,417.12,0.17,32.8502,lost,2026-03-30,342.15,-1.0,-0.049,-1.005,5,stop,replay
rep_20260408_ETN,2026-04-08,2026-05-30 02:57:49.541036,ETN,TREND_LEADER,C,replay,385.58,350.54,390.97,425.45,0.15,35.0411,won,2026-04-23,408.21,0.646,1.248,0.004,15,t2,replay
rep_20260413_ETN,2026-04-13,2026-05-30 02:57:49.548635,ETN,TREND_LEADER,C,replay,403.36,370.11,407.01,443.23,0.11,33.2482,won,2026-04-15,405.19,0.055,0.134,-0.42,2,stop_after_t1,replay
rep_20260416_ETN,2026-04-16,2026-05-30 02:57:49.556526,ETN,TREND_LEADER,C,replay,392.73,362.01,407.83,432.6,0.49,30.7196,won,2026-04-30,420.21,0.895,1.353,0.05,14,t2,replay
rep_20260421_ETN,2026-04-21,2026-05-30 02:57:49.567273,ETN,TREND_LEADER,C,replay,409.7,380.89,418.38,455.53,0.3,28.8053,won,2026-04-28,414.04,0.151,0.786,-0.279,7,stop_after_t1,replay
rep_20260424_ETN,2026-04-24,2026-05-30 02:57:49.579433,ETN,TREND_LEADER,C,replay,423.92,394.53,432.34,478.12,0.29,29.3893,won,2026-05-01,428.13,0.143,0.392,-0.758,7,stop_after_t1,replay
rep_20260429_ETN,2026-04-29,2026-05-30 02:57:49.590394,ETN,TREND_LEADER,C,replay,410.77,384.87,432.34,459.19,0.83,25.8975,won,2026-05-05,421.55,0.416,0.952,-0.869,6,stop_after_t1,replay
rep_20260504_ETN,2026-05-04,2026-05-30 02:57:49.601493,ETN,TREND_LEADER,C,replay,422.44,398.46,435.43,467.87,0.54,23.9786,lost,2026-05-05,398.46,-1.0,-0.271,-1.425,1,stop,replay
rep_20250902_FN,2025-09-02,2026-05-30 02:57:49.641123,FN,TREND_LEADER,C,replay,335.7,282.52,360.0,391.91,0.46,53.1803,won,2025-09-23,375.96,0.757,1.158,-0.05,21,t2,replay
rep_20250905_FN,2025-09-05,2026-05-30 02:57:49.653942,FN,TREND_LEADER,C,replay,370.03,321.64,377.56,433.07,0.16,48.3857,won,2025-09-09,373.79,0.078,0.168,-0.11,4,stop_after_t1,replay
rep_20250910_FN,2025-09-10,2026-05-30 02:57:49.66436,FN,TREND_LEADER,C,replay,372.57,329.68,380.01,437.08,0.17,42.8928,won,2025-09-19,376.29,0.087,0.278,-0.573,9,stop_after_t1,replay
rep_20250915_FN,2025-09-15,2026-05-30 02:57:49.677078,FN,TREND_LEADER,C,replay,359.0,318.31,380.01,423.51,0.52,40.6911,won,2025-09-25,369.5,0.258,0.94,-0.27,10,stop_after_t1,replay
rep_20250918_FN,2025-09-18,2026-05-30 02:57:49.69372,FN,TREND_LEADER,C,replay,378.01,344.09,381.66,443.51,0.11,33.9159,won,2025-09-24,379.84,0.054,0.568,-0.384,6,stop_after_t1,replay
rep_20250923_FN,2025-09-23,2026-05-30 02:57:49.705336,FN,TREND_LEADER,C,replay,380.21,344.35,397.26,432.62,0.48,35.8593,won,2025-10-21,406.62,0.736,1.444,-0.719,28,timeout_after_t1,replay
rep_20251001_FN,2025-10-01,2026-05-30 02:57:49.717849,FN,TREND_LEADER,C,replay,371.32,350.97,397.26,417.88,1.27,20.3459,won,2025-10-16,407.57,1.781,2.982,-0.641,15,t2,replay
rep_20251009_FN,2025-10-09,2026-05-30 02:57:49.730182,FN,TREND_LEADER,C,replay,382.24,351.34,397.26,417.93,0.49,30.8957,won,2025-10-16,407.6,0.821,1.61,-0.681,7,t2,replay
rep_20251014_FN,2025-10-14,2026-05-30 02:57:49.740226,FN,TREND_LEADER,C,replay,375.24,354.61,397.26,419.27,1.07,20.6284,won,2025-10-16,408.26,1.601,2.751,0.337,2,t2,replay
rep_20251017_FN,2025-10-17,2026-05-30 02:57:49.750057,FN,TREND_LEADER,C,replay,409.9,364.61,432.0,459.17,0.49,45.2875,won,2025-11-04,445.59,0.788,1.945,-0.527,18,t2,replay
rep_20251022_FN,2025-10-22,2026-05-30 02:57:49.760684,FN,TREND_LEADER,C,replay,400.24,356.35,432.0,461.02,0.72,43.8864,won,2025-11-04,446.51,1.054,2.227,0.074,13,t2,replay
rep_20251027_FN,2025-10-27,2026-05-30 02:57:49.769991,FN,TREND_LEADER,C,replay,423.61,375.16,433.0,470.11,0.19,48.4482,won,2025-11-04,451.56,0.577,1.535,-0.116,8,t2,replay
rep_20251030_FN,2025-10-30,2026-05-30 02:57:49.778632,FN,TREND_LEADER,C,replay,438.0,389.41,453.12,494.9,0.31,48.5911,won,2025-11-04,474.01,0.741,1.235,-0.062,5,t2,replay
rep_20251104_FN,2025-11-04,2026-05-30 02:57:49.788637,FN,TREND_LEADER,C,replay,459.6,405.56,498.0,541.69,0.71,54.0446,lost,2025-11-13,405.56,-1.0,0.655,-1.183,9,stop,replay
rep_20251107_FN,2025-11-07,2026-05-30 02:57:49.800488,FN,TREND_LEADER,C,replay,449.13,411.9,498.0,534.67,1.31,37.2318,lost,2025-11-13,411.9,-1.0,0.504,-1.435,6,stop,replay
rep_20251112_FN,2025-11-12,2026-05-30 02:57:49.811719,FN,TREND_LEADER,C,replay,447.49,427.0,498.0,534.01,2.46,20.4925,lost,2025-11-13,427.0,-1.0,-0.234,-2.528,1,stop,replay
rep_20251117_FN,2025-11-17,2026-05-30 02:57:49.822781,FN,TREND_LEADER,C,replay,416.64,368.29,498.0,541.04,1.68,48.3536,won,2025-12-16,474.58,1.198,2.37,-0.946,29,timeout_after_t1,replay
rep_20251201_FN,2025-12-01,2026-05-30 02:57:49.833072,FN,TREND_LEADER,C,replay,449.59,379.71,498.0,539.93,0.69,69.8804,won,2025-12-16,473.79,0.346,1.168,-0.348,15,stop_after_t1,replay
rep_20251209_FN,2025-12-09,2026-05-30 02:57:49.843875,FN,TREND_LEADER,C,replay,498.45,438.59,546.34,582.25,0.8,59.8589,lost,2025-12-17,438.59,-1.0,0.547,-1.236,8,stop,replay
rep_20251212_FN,2025-12-12,2026-05-30 02:57:49.855637,FN,TREND_LEADER,C,replay,470.89,418.63,531.22,571.16,1.15,52.2564,won,2026-01-13,489.0,0.347,0.681,-0.889,32,timeout,replay
rep_20251222_FN,2025-12-22,2026-05-30 02:57:49.867434,FN,TREND_LEADER,C,replay,483.55,417.64,531.22,572.03,0.72,65.9111,lost,2026-01-22,470.39,-0.2,0.42,-0.796,31,timeout,replay
rep_20251226_FN,2025-12-26,2026-05-30 02:57:49.877634,FN,TREND_LEADER,C,replay,478.32,418.19,531.22,568.74,0.88,60.1334,won,2026-01-27,498.59,0.337,0.547,-0.786,32,timeout,replay
rep_20251231_FN,2025-12-31,2026-05-30 02:57:49.890408,FN,PULLBACK,B,replay,455.28,418.7,531.22,565.64,2.08,36.5762,won,2026-01-30,489.44,0.934,2.01,-0.662,30,timeout,replay
rep_20260114_FN,2026-01-14,2026-05-30 02:57:49.899109,FN,TREND_LEADER,C,replay,477.05,424.21,510.18,551.37,0.63,52.8448,won,2026-01-20,493.62,0.313,0.646,-0.023,6,stop_after_t1,replay
rep_20260120_FN,2026-01-20,2026-05-30 02:57:49.907964,FN,TREND_LEADER,C,replay,482.56,423.49,511.2,556.65,0.48,59.0653,won,2026-02-03,496.88,0.242,0.783,-1.149,14,stop_after_t1,replay
rep_20260128_FN,2026-01-28,2026-05-30 02:57:49.916931,FN,TREND_LEADER,C,replay,501.0,442.7,519.0,565.31,0.31,58.2984,won,2026-02-02,510.0,0.154,0.477,-0.285,5,stop_after_t1,replay
rep_20260202_FN,2026-02-02,2026-05-30 02:57:49.926418,FN,TREND_LEADER,C,replay,499.61,442.42,528.8,576.78,0.51,57.1868,lost,2026-02-03,442.42,-1.0,-0.805,-1.485,1,stop,replay
rep_20260213_FN,2026-02-13,2026-05-30 02:57:49.935934,FN,TREND_LEADER,C,replay,495.55,402.0,528.8,589.29,0.36,93.5518,won,2026-02-24,559.04,0.679,1.205,-0.258,11,t2,replay
rep_20260219_FN,2026-02-19,2026-05-30 02:57:49.944402,FN,TREND_LEADER,C,replay,513.83,413.74,528.8,588.85,0.15,100.0893,won,2026-02-24,558.83,0.45,0.944,-0.03,5,t2,replay
rep_20260224_FN,2026-02-24,2026-05-30 02:57:49.952395,FN,TREND_LEADER,C,replay,585.87,493.97,608.28,703.59,0.24,91.9036,won,2026-02-26,597.08,0.122,0.513,-0.276,2,stop_after_t1,replay
rep_20260227_FN,2026-02-27,2026-05-30 02:57:49.961412,FN,TREND_LEADER,C,replay,545.63,457.3,632.99,685.99,0.99,88.3304,won,2026-03-27,551.97,0.072,0.966,-0.836,28,timeout,replay
rep_20260304_FN,2026-03-04,2026-05-30 02:57:50.262208,FN,TREND_LEADER,C,replay,563.87,481.79,632.99,696.42,0.84,82.0786,lost,2026-03-09,481.79,-1.0,0.038,-1.122,5,stop,replay
rep_20260309_FN,2026-03-09,2026-05-30 02:57:50.273536,FN,TREND_LEADER,C,replay,527.53,460.95,632.99,697.76,1.58,66.5754,won,2026-04-07,557.72,0.453,1.553,-0.639,29,timeout,replay
rep_20260312_FN,2026-03-12,2026-05-30 02:57:50.284773,FN,TREND_LEADER,C,replay,512.8,460.97,632.99,697.67,2.32,51.8303,won,2026-04-10,647.56,2.6,3.218,-0.536,29,timeout_after_t1,replay
rep_20260317_FN,2026-03-17,2026-05-30 02:57:50.294958,FN,PULLBACK,A,replay,500.02,461.54,632.99,694.26,3.46,38.482,won,2026-04-13,663.62,4.252,5.064,-0.39,27,t2,replay
rep_20260325_FN,2026-03-25,2026-05-30 02:57:50.306403,FN,TREND_LEADER,C,replay,612.03,509.52,630.92,708.77,0.18,102.5143,lost,2026-03-30,509.52,-1.0,-0.161,-1.187,5,stop,replay
rep_20260402_FN,2026-04-02,2026-05-30 02:57:50.318493,FN,TREND_LEADER,C,replay,557.97,475.08,630.92,696.49,0.88,82.8878,won,2026-04-14,663.7,1.276,1.812,-0.171,12,t2,replay
rep_20260408_FN,2026-04-08,2026-05-30 02:57:50.328378,FN,TREND_LEADER,C,replay,610.18,493.2,630.92,701.11,0.18,116.9821,won,2026-04-14,666.01,0.477,0.838,-0.045,6,t2,replay
rep_20260413_FN,2026-04-13,2026-05-30 02:57:50.339502,FN,TREND_LEADER,C,replay,689.89,574.82,694.88,815.82,0.04,115.075,won,2026-04-15,692.38,0.022,0.159,-0.203,2,stop_after_t1,replay
rep_20260416_FN,2026-04-16,2026-05-30 02:57:50.348438,FN,TREND_LEADER,C,replay,672.64,568.26,708.2,806.56,0.34,104.3768,won,2026-04-27,690.42,0.17,0.595,-0.023,11,stop_after_t1,replay
rep_20260421_FN,2026-04-21,2026-05-30 02:57:50.35682,FN,TREND_LEADER,C,replay,695.52,597.78,732.12,843.19,0.37,97.7375,won,2026-04-27,713.82,0.187,0.402,-0.258,6,stop_after_t1,replay
rep_20260424_FN,2026-04-24,2026-05-30 02:57:50.364846,FN,TREND_LEADER,C,replay,720.19,637.65,734.79,869.46,0.18,82.5445,lost,2026-04-28,637.65,-1.0,0.155,-1.153,4,stop,replay
rep_20260429_FN,2026-04-29,2026-05-30 02:57:50.372745,FN,TREND_LEADER,C,replay,643.46,614.65,734.79,796.86,3.17,28.8052,lost,2026-05-07,614.65,-1.0,3.001,-1.056,8,stop,replay
rep_20260504_FN,2026-05-04,2026-05-30 02:57:50.380826,FN,TREND_LEADER,C,replay,717.8,618.04,734.79,828.67,0.17,99.7625,lost,2026-05-07,618.04,-1.0,-0.147,-1.05,3,stop,replay
rep_20250902_GEV,2025-09-02,2026-05-30 02:57:50.411219,GEV,MEAN_REVERSION,C,replay,579.68,561.65,669.38,706.66,4.97,18.0321,won,2025-09-30,614.9,1.953,4.094,-0.79,28,timeout,replay
rep_20250923_GEV,2025-09-23,2026-05-30 02:57:50.420726,GEV,TREND_LEADER,C,replay,633.41,590.26,653.5,700.53,0.47,43.1456,lost,2025-10-03,590.26,-1.0,0.199,-1.052,10,stop,replay
rep_20251001_GEV,2025-10-01,2026-05-30 02:57:50.428673,GEV,PULLBACK,B,replay,606.15,588.02,653.5,685.68,2.61,18.1338,lost,2025-10-03,588.02,-1.0,0.902,-1.001,2,stop,replay
rep_20251014_GEV,2025-10-14,2026-05-30 02:57:50.436514,GEV,TREND_LEADER,C,replay,644.41,582.33,656.88,697.98,0.2,62.0768,won,2025-10-16,650.64,0.1,0.327,-0.793,2,stop_after_t1,replay
rep_20251204_GEV,2025-12-04,2026-05-30 02:57:50.447668,GEV,TREND_LEADER,C,replay,629.11,545.77,639.14,709.83,0.12,83.3371,won,2025-12-08,634.12,0.06,0.131,-0.26,4,stop_after_t1,replay
rep_20251209_GEV,2025-12-09,2026-05-30 02:57:50.456016,GEV,TREND_LEADER,C,replay,625.3,546.27,640.0,706.02,0.19,79.0313,won,2025-12-10,673.01,0.604,1.337,0.679,1,t2,replay
rep_20251212_GEV,2025-12-12,2026-05-30 02:57:50.46443,GEV,TREND_LEADER,C,replay,671.71,584.76,731.0,792.21,0.68,86.9509,lost,2026-01-13,652.09,-0.226,0.324,-0.674,32,timeout,replay
rep_20251217_GEV,2025-12-17,2026-05-30 02:57:50.473777,GEV,TREND_LEADER,C,replay,614.19,593.26,731.0,788.83,5.58,20.9278,won,2026-01-16,681.55,3.218,4.04,0.14,30,timeout,replay
rep_20251222_GEV,2025-12-22,2026-05-30 02:57:50.484908,GEV,TREND_LEADER,C,replay,661.81,603.25,731.0,790.02,1.18,58.5562,lost,2026-01-22,661.67,-0.002,0.669,-0.763,31,timeout,replay
rep_20251226_GEV,2025-12-26,2026-05-30 02:57:50.493811,GEV,TREND_LEADER,C,replay,663.46,604.25,731.0,784.05,1.14,59.212,won,2026-01-27,692.7,0.494,0.634,-0.783,32,timeout,replay
rep_20251231_GEV,2025-12-31,2026-05-30 02:57:50.502506,GEV,TREND_LEADER,C,replay,653.57,606.32,731.0,771.62,1.64,47.2494,won,2026-01-30,728.68,1.59,2.083,-0.772,30,timeout_after_t1,replay
rep_20260106_GEV,2026-01-06,2026-05-30 02:57:50.512013,GEV,TREND_LEADER,C,replay,686.33,645.44,731.0,768.48,1.09,40.8864,lost,2026-01-08,645.44,-1.0,0.016,-1.628,2,stop,replay
rep_20260120_GEV,2026-01-20,2026-05-30 02:57:50.52001,GEV,TREND_LEADER,C,replay,684.86,619.94,701.0,753.19,0.25,64.9232,won,2026-01-29,692.93,0.124,0.587,-0.61,9,stop_after_t1,replay
rep_20260128_GEV,2026-01-28,2026-05-30 02:57:50.527774,GEV,TREND_LEADER,C,replay,711.59,634.64,723.0,779.92,0.15,76.9527,won,2026-02-03,751.46,0.518,1.044,-0.388,6,t2,replay
rep_20260202_GEV,2026-02-02,2026-05-30 02:57:50.535464,GEV,TREND_LEADER,C,replay,754.97,672.37,762.36,842.12,0.09,82.6036,won,2026-02-04,758.66,0.045,0.491,-0.56,2,stop_after_t1,replay
rep_20260205_GEV,2026-02-05,2026-05-30 02:57:50.543523,GEV,TREND_LEADER,C,replay,737.53,638.85,795.5,856.38,0.59,98.6766,won,2026-02-24,825.94,0.896,1.443,0.157,19,t2,replay
rep_20260210_GEV,2026-02-10,2026-05-30 02:57:50.551269,GEV,TREND_LEADER,C,replay,790.79,692.17,814.86,897.39,0.24,98.6204,won,2026-02-17,802.83,0.122,0.56,-0.002,7,stop_after_t1,replay
rep_20260213_GEV,2026-02-13,2026-05-30 02:57:50.558784,GEV,TREND_LEADER,C,replay,802.13,699.45,846.0,922.57,0.43,102.6775,won,2026-03-05,824.07,0.214,0.904,-0.112,20,stop_after_t1,replay
rep_20260219_GEV,2026-02-19,2026-05-30 02:57:50.566483,GEV,TREND_LEADER,C,replay,834.61,737.96,846.0,955.05,0.12,96.6507,won,2026-02-26,840.31,0.059,0.624,-0.226,7,stop_after_t1,replay
rep_20260224_GEV,2026-02-24,2026-05-30 02:57:50.573862,GEV,TREND_LEADER,C,replay,879.73,785.59,955.05,1011.53,0.8,94.1445,lost,2026-03-06,785.59,-1.0,0.161,-1.034,10,stop,replay
rep_20260227_GEV,2026-02-27,2026-05-30 02:57:50.581898,GEV,TREND_LEADER,C,replay,873.6,793.67,894.93,985.31,0.27,79.9339,lost,2026-03-05,793.67,-1.0,0.25,-1.032,6,stop,replay
rep_20260304_GEV,2026-03-04,2026-05-30 02:57:50.58976,GEV,TREND_LEADER,C,replay,841.27,802.01,894.93,952.98,1.37,39.264,lost,2026-03-05,802.01,-1.0,0.076,-1.278,1,stop,replay
rep_20260309_GEV,2026-03-09,2026-05-30 02:57:50.597437,GEV,TREND_LEADER,C,replay,830.1,767.75,894.93,950.43,1.04,62.3502,won,2026-03-30,862.51,0.52,1.897,-0.438,21,stop_after_t1,replay
rep_20260312_GEV,2026-03-12,2026-05-30 02:57:50.605562,GEV,TREND_LEADER,C,replay,832.11,767.7,894.93,950.71,0.98,64.4069,won,2026-03-30,863.52,0.488,1.805,-0.456,18,stop_after_t1,replay
rep_20260317_GEV,2026-03-17,2026-05-30 02:57:50.614219,GEV,TREND_LEADER,C,replay,844.05,767.62,894.93,951.2,0.67,76.4288,won,2026-03-30,869.49,0.333,1.365,-0.485,13,stop_after_t1,replay
rep_20260320_GEV,2026-03-20,2026-05-30 02:57:50.622912,GEV,TREND_LEADER,C,replay,851.07,767.25,894.93,953.41,0.52,83.8167,won,2026-03-27,873.0,0.262,1.161,-0.06,7,stop_after_t1,replay
rep_20260325_GEV,2026-03-25,2026-05-30 02:57:50.630593,GEV,TREND_LEADER,C,replay,923.69,824.65,948.38,1026.52,0.25,99.0393,lost,2026-03-30,824.65,-1.0,-0.065,-1.178,5,stop,replay
rep_20260330_GEV,2026-03-30,2026-05-30 02:57:50.637996,GEV,TREND_LEADER,C,replay,817.35,796.55,948.38,1011.09,6.3,20.8021,won,2026-04-21,979.74,7.807,9.55,0.32,22,t2,replay
rep_20260402_GEV,2026-04-02,2026-05-30 02:57:50.6457,GEV,TREND_LEADER,C,replay,898.57,795.63,948.38,1016.57,0.48,102.9357,won,2026-04-22,982.48,0.815,2.365,-0.188,20,t2,replay
rep_20260408_GEV,2026-04-08,2026-05-30 02:57:50.66759,GEV,TREND_LEADER,C,replay,936.07,820.03,962.72,1032.34,0.23,116.0357,won,2026-04-22,997.53,0.53,1.775,0.04,14,t2,replay
rep_20260413_GEV,2026-04-13,2026-05-30 02:57:50.677311,GEV,TREND_LEADER,C,replay,991.12,887.68,1007.38,1111.35,0.16,103.4393,won,2026-04-20,999.25,0.079,0.181,-0.209,7,stop_after_t1,replay
rep_20260416_GEV,2026-04-16,2026-05-30 02:57:50.68789,GEV,TREND_LEADER,C,replay,978.32,887.05,1007.38,1098.55,0.32,91.2723,won,2026-04-22,1052.96,0.818,1.793,-0.012,6,t2,replay
rep_20260421_GEV,2026-04-21,2026-05-30 02:57:50.698728,GEV,BREAKOUT,A,replay,991.3,922.5,1016.0,1116.7,0.36,68.8028,won,2026-04-22,1066.35,1.091,2.19,1.205,1,t2,replay
rep_20260424_GEV,2026-04-24,2026-05-30 02:57:50.710076,GEV,TREND_LEADER,C,replay,1149.19,1044.41,1181.95,1374.16,0.31,104.7776,lost,2026-05-07,1044.41,-1.0,-0.088,-1.038,13,stop,replay
rep_20260429_GEV,2026-04-29,2026-05-30 02:57:50.721756,GEV,TREND_LEADER,C,replay,1063.11,957.85,1181.95,1252.71,1.13,105.2626,lost,2026-05-28,996.0,-0.638,0.592,-0.788,29,timeout,replay
rep_20260504_GEV,2026-05-04,2026-05-30 02:57:50.733334,GEV,TREND_LEADER,C,replay,1073.95,972.07,1181.95,1255.6,1.06,101.8824,lost,2026-05-29,972.07,-1.0,0.505,-1.197,25,stop,replay
rep_20250902_GOOGL,2025-09-02,2026-05-30 02:57:50.776525,GOOGL,TREND_LEADER,C,replay,211.35,199.49,214.65,223.94,0.28,11.8571,won,2025-09-03,219.3,0.67,1.683,1.133,1,t2,replay
rep_20250905_GOOGL,2025-09-05,2026-05-30 02:57:50.79052,GOOGL,TREND_LEADER,C,replay,235.0,220.52,246.58,258.5,0.8,14.4804,won,2025-10-03,245.97,0.757,1.45,-0.122,28,timeout_after_t1,replay
rep_20250910_GOOGL,2025-09-10,2026-05-30 02:57:50.802112,GOOGL,TREND_LEADER,C,replay,239.17,223.94,241.66,266.21,0.16,15.2339,won,2025-09-12,240.41,0.082,0.202,-0.192,2,stop_after_t1,replay
rep_20250915_GOOGL,2025-09-15,2026-05-30 02:57:50.811949,GOOGL,TREND_LEADER,C,replay,251.61,235.57,264.44,285.1,0.8,16.0375,lost,2025-10-13,244.15,-0.465,0.274,-0.983,28,timeout,replay
rep_20250918_GOOGL,2025-09-18,2026-05-30 02:57:50.823587,GOOGL,TREND_LEADER,C,replay,252.03,235.64,253.99,284.77,0.12,16.3911,won,2025-09-22,253.01,0.06,0.242,-0.106,4,stop_after_t1,replay
rep_20250923_GOOGL,2025-09-23,2026-05-30 02:57:50.847142,GOOGL,TREND_LEADER,C,replay,251.66,238.41,256.0,281.87,0.33,13.2536,lost,2025-10-10,238.41,-1.0,0.052,-1.194,17,stop,replay
rep_20250926_GOOGL,2025-09-26,2026-05-30 02:57:50.858836,GOOGL,TREND_LEADER,C,replay,246.54,239.39,256.0,276.42,1.32,7.1496,lost,2025-09-30,239.39,-1.0,0.645,-1.02,4,stop,replay
rep_20251001_GOOGL,2025-10-01,2026-05-30 02:57:50.869745,GOOGL,TREND_LEADER,C,replay,244.9,237.19,256.0,264.51,1.44,7.7079,lost,2025-10-10,237.19,-1.0,0.833,-1.175,9,stop,replay
rep_20251006_GOOGL,2025-10-06,2026-05-30 02:57:50.880769,GOOGL,TREND_LEADER,C,replay,250.43,237.25,256.0,264.15,0.42,13.1777,lost,2025-10-10,237.25,-1.0,0.001,-1.107,4,stop,replay
rep_20251022_GOOGL,2025-10-22,2026-05-30 02:57:50.889378,GOOGL,TREND_LEADER,C,replay,251.69,235.56,257.33,267.01,0.35,16.1286,won,2025-10-27,262.17,0.65,1.144,0.01,5,t2,replay
rep_20251027_GOOGL,2025-10-27,2026-05-30 02:57:50.897094,GOOGL,TREND_LEADER,C,replay,269.27,252.09,283.01,293.32,0.8,17.1768,won,2025-11-17,288.16,1.1,1.437,-0.161,21,t2,replay
rep_20251030_GOOGL,2025-10-30,2026-05-30 02:57:50.904844,GOOGL,TREND_LEADER,C,replay,281.48,261.97,291.59,314.93,0.52,19.5107,won,2025-11-13,286.53,0.259,0.54,-0.322,14,stop_after_t1,replay
rep_20251104_GOOGL,2025-11-04,2026-05-30 02:57:50.912566,GOOGL,TREND_LEADER,C,replay,277.54,257.86,291.59,310.99,0.71,19.6821,won,2025-11-13,284.56,0.357,0.735,-0.119,9,stop_after_t1,replay
rep_20251107_GOOGL,2025-11-07,2026-05-30 02:57:50.920831,GOOGL,TREND_LEADER,C,replay,278.83,262.16,291.59,309.96,0.77,16.6709,won,2025-11-13,285.21,0.383,0.791,-0.095,6,stop_after_t1,replay
rep_20251112_GOOGL,2025-11-12,2026-05-30 02:57:50.930775,GOOGL,TREND_LEADER,C,replay,286.71,273.03,292.01,315.43,0.39,13.6778,lost,2025-11-14,273.03,-1.0,-0.283,-1.17,2,stop,replay
rep_20251117_GOOGL,2025-11-17,2026-05-30 02:57:50.940956,GOOGL,TREND_LEADER,C,replay,285.02,268.33,293.95,314.9,0.54,16.6891,won,2025-11-24,304.42,1.163,2.065,-0.409,7,t2,replay
rep_20251120_GOOGL,2025-11-20,2026-05-30 02:57:50.950994,GOOGL,TREND_LEADER,C,replay,289.45,268.08,306.42,322.14,0.79,21.3695,won,2025-11-25,314.28,1.162,1.843,0.206,5,t2,replay
rep_20251125_GOOGL,2025-11-25,2026-05-30 02:57:50.95967,GOOGL,TREND_LEADER,C,replay,323.44,293.1,328.83,360.14,0.18,30.3375,lost,2025-12-24,314.09,-0.308,0.112,-0.9,29,timeout,replay
rep_20251201_GOOGL,2025-12-01,2026-05-30 02:57:50.968074,GOOGL,TREND_LEADER,C,replay,314.89,285.39,328.83,349.77,0.47,29.5018,lost,2025-12-30,313.85,-0.035,0.28,-0.636,29,timeout,replay
rep_20251204_GOOGL,2025-12-04,2026-05-30 02:57:51.259405,GOOGL,TREND_LEADER,C,replay,317.62,288.61,328.83,352.5,0.39,29.0053,lost,2026-01-05,316.54,-0.037,0.191,-0.741,32,timeout,replay
rep_20251209_GOOGL,2025-12-09,2026-05-30 02:57:51.268288,GOOGL,TREND_LEADER,C,replay,317.08,308.58,328.83,351.96,1.38,8.5046,lost,2025-12-12,308.58,-1.0,0.498,-1.355,3,stop,replay
rep_20251212_GOOGL,2025-12-12,2026-05-30 02:57:51.277355,GOOGL,TREND_LEADER,C,replay,309.29,303.33,328.83,344.17,3.28,5.9588,lost,2025-12-16,303.33,-1.0,0.357,-1.124,4,stop,replay
rep_20251217_GOOGL,2025-12-17,2026-05-30 02:57:51.285798,GOOGL,PULLBACK,A,replay,296.72,294.11,328.83,340.91,12.28,2.6141,won,2026-01-16,329.41,12.527,16.77,0.962,30,timeout_after_t1,replay
rep_20251231_GOOGL,2025-12-31,2026-05-30 02:57:51.296384,GOOGL,VCP,A,replay,313.0,297.02,323.16,332.75,0.64,15.9803,won,2026-01-12,327.96,0.936,1.317,-0.167,12,t2,replay
rep_20260106_GOOGL,2026-01-06,2026-05-30 02:57:51.307922,GOOGL,BREAKOUT,A,replay,314.34,303.75,322.5,333.97,0.77,10.5907,won,2026-01-12,328.24,1.312,1.86,-0.014,6,t2,replay
rep_20260109_GOOGL,2026-01-09,2026-05-30 02:57:51.317427,GOOGL,BREAKOUT,A,replay,328.57,313.28,330.83,349.4,0.15,15.2893,won,2026-01-16,329.7,0.074,0.78,-0.233,7,stop_after_t1,replay
rep_20260114_GOOGL,2026-01-14,2026-05-30 02:57:51.326441,GOOGL,BREAKOUT,A,replay,335.84,319.3,340.49,362.46,0.28,16.5357,won,2026-01-30,338.16,0.141,0.39,-0.997,16,stop_after_t1,replay
rep_20260120_GOOGL,2026-01-20,2026-05-30 02:57:51.335013,GOOGL,TREND_LEADER,C,replay,322.0,309.87,340.49,351.92,1.52,12.1254,won,2026-02-05,331.25,0.762,2.226,-1.281,16,stop_after_t1,replay
rep_20260123_GOOGL,2026-01-23,2026-05-30 02:57:51.342672,GOOGL,TREND_LEADER,C,replay,327.93,317.33,340.49,352.6,1.19,10.5986,won,2026-02-05,334.21,0.592,1.988,-2.025,13,stop_after_t1,replay
rep_20260128_GOOGL,2026-01-28,2026-05-30 02:57:51.350764,GOOGL,TREND_LEADER,C,replay,336.01,317.45,340.49,354.11,0.24,18.5639,won,2026-01-30,338.25,0.121,0.338,-0.51,2,stop_after_t1,replay
rep_20260202_GOOGL,2026-02-02,2026-05-30 02:57:51.358482,GOOGL,TREND_LEADER,C,replay,343.69,322.97,360.27,372.7,0.8,20.7196,lost,2026-02-05,322.97,-1.0,0.256,-1.797,3,stop,replay
rep_20260205_GOOGL,2026-02-05,2026-05-30 02:57:51.365816,GOOGL,TREND_LEADER,C,replay,331.25,304.94,349.0,364.78,0.67,26.3054,lost,2026-02-13,304.94,-1.0,-0.033,-1.047,8,stop,replay
rep_20260210_GOOGL,2026-02-10,2026-05-30 02:57:51.373302,GOOGL,MEAN_REVERSION,C,replay,318.58,303.8,349.0,364.98,2.06,14.7832,lost,2026-02-13,303.8,-1.0,0.168,-1.006,3,stop,replay
rep_20260213_GOOGL,2026-02-13,2026-05-30 02:57:51.381171,GOOGL,MEAN_REVERSION,C,replay,305.72,300.98,349.0,365.39,9.13,4.7425,lost,2026-02-17,300.98,-1.0,-0.27,-1.998,4,stop,replay
rep_20260312_GOOGL,2026-03-12,2026-05-30 02:57:51.389319,GOOGL,PULLBACK,B,replay,303.55,292.19,319.52,349.0,1.41,11.3561,lost,2026-03-24,292.19,-1.0,0.785,-1.164,12,stop,replay
rep_20260325_GOOGL,2026-03-25,2026-05-30 02:57:51.397381,GOOGL,MEAN_REVERSION,B,replay,290.93,287.51,313.14,349.0,6.5,3.4186,lost,2026-03-26,287.51,-1.0,-0.871,-3.635,1,stop,replay
rep_20260330_GOOGL,2026-03-30,2026-05-30 02:57:51.405236,GOOGL,MEAN_REVERSION,B,replay,273.5,270.35,312.47,349.0,12.35,3.1547,won,2026-04-27,330.74,18.17,25.295,1.14,28,t2,replay
rep_20260408_GOOGL,2026-04-08,2026-05-30 02:57:51.413011,GOOGL,TREND_LEADER,C,replay,317.32,294.35,322.08,363.45,0.21,22.9696,won,2026-04-30,342.76,1.108,2.983,-0.273,22,t2,replay
rep_20260413_GOOGL,2026-04-13,2026-05-30 02:57:51.42079,GOOGL,TREND_LEADER,C,replay,321.31,298.25,349.0,367.44,1.2,23.0643,won,2026-04-30,358.22,1.601,2.798,0.106,17,t2,replay
rep_20260416_GOOGL,2026-04-16,2026-05-30 02:57:51.428871,GOOGL,TREND_LEADER,C,replay,336.02,314.21,339.88,382.15,0.18,21.8143,won,2026-04-21,337.95,0.088,0.289,-0.214,5,stop_after_t1,replay
rep_20260421_GOOGL,2026-04-21,2026-05-30 02:57:51.436817,GOOGL,TREND_LEADER,C,replay,332.29,311.76,342.32,378.42,0.49,20.5339,won,2026-04-30,360.37,1.368,2.608,0.14,9,t2,replay
rep_20260424_GOOGL,2026-04-24,2026-05-30 02:57:51.447352,GOOGL,TREND_LEADER,C,replay,344.4,324.55,349.0,390.53,0.23,19.8482,won,2026-04-29,346.7,0.116,0.574,-0.084,5,stop_after_t1,replay
rep_20260429_GOOGL,2026-04-29,2026-05-30 02:57:51.457384,GOOGL,TREND_LEADER,C,replay,349.94,330.93,355.79,389.74,0.31,19.0125,won,2026-05-05,372.77,1.201,2.256,0.835,6,t2,replay
rep_20260504_GOOGL,2026-05-04,2026-05-30 02:57:51.465373,GOOGL,TREND_LEADER,C,replay,383.25,359.32,387.38,437.05,0.17,23.9322,won,2026-05-12,385.31,0.086,0.784,-0.02,8,stop_after_t1,replay
rep_20250902_HPE,2025-09-02,2026-05-30 02:57:51.499555,HPE,TREND_LEADER,C,replay,22.68,21.15,23.31,24.88,0.41,1.5268,won,2025-09-11,24.09,0.925,1.49,-0.069,9,t2,replay
rep_20250905_HPE,2025-09-05,2026-05-30 02:57:51.507978,HPE,TREND_LEADER,C,replay,23.52,21.71,24.17,25.76,0.36,1.8062,won,2025-10-03,24.3,0.431,1.014,-0.26,28,timeout_after_t1,replay
rep_20250910_HPE,2025-09-10,2026-05-30 02:57:51.517578,HPE,TREND_LEADER,C,replay,24.44,22.63,24.68,26.98,0.13,1.807,won,2025-09-16,24.56,0.066,0.365,-0.055,6,stop_after_t1,replay
rep_20250915_HPE,2025-09-15,2026-05-30 02:57:51.526325,HPE,TREND_LEADER,C,replay,24.84,23.15,25.1,27.64,0.15,1.6921,won,2025-09-23,24.97,0.077,0.305,-0.349,8,stop_after_t1,replay
rep_20250918_HPE,2025-09-18,2026-05-30 02:57:51.535548,HPE,TREND_LEADER,C,replay,25.24,23.48,26.65,27.7,0.8,1.7589,lost,2025-10-16,23.48,-1.0,0.682,-1.778,28,stop,replay
rep_20250923_HPE,2025-09-23,2026-05-30 02:57:51.543244,HPE,TREND_LEADER,C,replay,24.7,23.76,25.36,26.76,0.7,0.9381,won,2025-10-10,25.03,0.351,1.851,-0.952,17,stop_after_t1,replay
rep_20250926_HPE,2025-09-26,2026-05-30 02:57:51.550719,HPE,TREND_LEADER,C,replay,24.0,23.66,25.36,26.22,4.01,0.3383,won,2025-10-08,25.79,5.265,7.176,-0.059,12,t2,replay
rep_20251001_HPE,2025-10-01,2026-05-30 02:57:51.558882,HPE,TREND_LEADER,C,replay,24.93,23.66,25.36,26.54,0.34,1.27,won,2025-10-08,25.14,0.169,1.189,-0.496,7,stop_after_t1,replay
rep_20251006_HPE,2025-10-06,2026-05-30 02:57:51.566824,HPE,TREND_LEADER,C,replay,24.79,23.64,25.36,26.32,0.49,1.1459,won,2025-10-08,25.84,0.913,1.435,-0.109,2,t2,replay
rep_20251009_HPE,2025-10-09,2026-05-30 02:57:51.5757,HPE,TREND_LEADER,C,replay,26.25,24.34,26.44,27.83,0.1,1.9102,lost,2025-10-14,24.34,-1.0,0.061,-1.031,5,stop,replay
rep_20251014_HPE,2025-10-14,2026-05-30 02:57:51.583852,HPE,TREND_LEADER,C,replay,25.0,24.0,26.44,27.84,1.44,1.0027,lost,2025-10-16,24.0,-1.0,1.31,-2.89,2,stop,replay
rep_20251117_HPE,2025-11-17,2026-05-30 02:57:51.59194,HPE,MEAN_REVERSION,B,replay,21.23,20.51,24.92,26.44,5.1,0.7239,lost,2025-11-20,20.51,-1.0,0.312,-1.813,3,stop,replay
rep_20251209_HPE,2025-12-09,2026-05-30 02:57:51.600209,HPE,TREND_LEADER,C,replay,24.77,22.5,26.44,28.68,0.73,2.2732,lost,2026-01-07,22.5,-1.0,0.282,-1.031,29,stop,replay
rep_20251212_HPE,2025-12-12,2026-05-30 02:57:51.60776,HPE,TREND_LEADER,C,replay,23.87,21.58,25.41,27.78,0.67,2.2911,lost,2026-01-13,22.29,-0.69,0.406,-0.921,32,timeout,replay
rep_20251217_HPE,2025-12-17,2026-05-30 02:57:51.615388,HPE,TREND_LEADER,C,replay,24.02,21.71,25.41,27.93,0.6,2.3107,lost,2026-01-16,21.71,-1.0,0.338,-1.126,30,stop,replay
rep_20251222_HPE,2025-12-22,2026-05-30 02:57:51.623564,HPE,TREND_LEADER,C,replay,24.7,23.14,25.41,28.2,0.46,1.5561,lost,2026-01-07,23.14,-1.0,0.064,-1.455,16,stop,replay
rep_20251226_HPE,2025-12-26,2026-05-30 02:57:51.631703,HPE,VCP,B,replay,24.49,23.21,25.41,27.99,0.72,1.2826,lost,2026-01-07,23.21,-1.0,0.027,-1.609,12,stop,replay
rep_20251231_HPE,2025-12-31,2026-05-30 02:57:51.639579,HPE,PULLBACK,A,replay,24.02,23.25,25.41,27.52,1.79,0.7747,lost,2026-01-07,23.25,-1.0,0.506,-2.065,7,stop,replay
rep_20260106_HPE,2026-01-06,2026-05-30 02:57:51.647508,HPE,VCP,A,replay,23.79,23.6,25.41,26.44,8.59,0.1886,lost,2026-01-07,23.6,-1.0,0.053,-7.158,1,stop,replay
rep_20260109_HPE,2026-01-09,2026-05-30 02:57:51.656138,HPE,MEAN_REVERSION,C,replay,22.17,21.63,24.9,26.44,5.01,0.5444,lost,2026-01-16,21.63,-1.0,1.009,-1.389,7,stop,replay
rep_20260114_HPE,2026-01-14,2026-05-30 02:57:51.666819,HPE,VCP,B,replay,22.09,21.62,24.8,26.44,5.75,0.4715,lost,2026-01-16,21.62,-1.0,0.979,-1.426,2,stop,replay
rep_20260210_HPE,2026-02-10,2026-05-30 02:57:51.675113,HPE,TREND_LEADER,C,replay,23.97,22.12,24.25,27.17,0.15,1.8482,won,2026-02-12,24.11,0.076,0.222,-1.146,2,stop_after_t1,replay
rep_20260325_HPE,2026-03-25,2026-05-30 02:57:51.684724,HPE,TREND_LEADER,C,replay,25.78,23.25,26.42,29.38,0.26,2.5286,lost,2026-03-30,23.25,-1.0,0.077,-1.377,5,stop,replay
rep_20260330_HPE,2026-03-30,2026-05-30 02:57:51.69344,HPE,TREND_LEADER,C,replay,22.61,20.89,26.42,28.06,2.21,1.7228,won,2026-04-21,27.24,2.692,4.081,0.006,22,t2,replay
rep_20260402_HPE,2026-04-02,2026-05-30 02:57:51.703886,HPE,TREND_LEADER,C,replay,24.61,21.68,26.42,28.18,0.62,2.9266,won,2026-04-21,27.3,0.918,1.713,-0.256,19,t2,replay
rep_20260408_HPE,2026-04-08,2026-05-30 02:57:51.714244,HPE,TREND_LEADER,C,replay,24.98,21.99,26.42,28.27,0.48,2.9923,won,2026-04-21,27.34,0.791,1.555,-0.375,13,t2,replay
rep_20260413_HPE,2026-04-13,2026-05-30 02:57:51.725397,HPE,TREND_LEADER,C,replay,24.81,21.99,26.42,28.27,0.57,2.8227,won,2026-04-21,27.34,0.899,1.709,-0.282,8,t2,replay
rep_20260416_HPE,2026-04-16,2026-05-30 02:57:51.735835,HPE,TREND_LEADER,C,replay,25.89,23.33,26.42,29.05,0.21,2.5554,won,2026-04-21,27.73,0.721,1.461,0.002,5,t2,replay
rep_20260421_HPE,2026-04-21,2026-05-30 02:57:51.746234,HPE,TREND_LEADER,C,replay,28.76,26.25,29.63,33.33,0.35,2.5071,won,2026-05-14,31.48,1.084,2.365,-0.564,23,t2,replay
rep_20260424_HPE,2026-04-24,2026-05-30 02:57:51.758028,HPE,TREND_LEADER,C,replay,28.16,25.67,29.63,32.56,0.59,2.4875,won,2026-05-14,31.09,1.179,2.624,-0.327,20,t2,replay
rep_20260429_HPE,2026-04-29,2026-05-30 02:57:51.769552,HPE,TREND_LEADER,C,replay,28.3,25.72,29.63,31.95,0.51,2.583,won,2026-05-13,30.79,0.965,1.64,-0.12,14,t2,replay
rep_20260504_HPE,2026-05-04,2026-05-30 02:57:51.780172,HPE,TREND_LEADER,C,replay,28.71,27.1,29.63,32.17,0.57,1.6086,won,2026-05-13,30.9,1.36,2.373,0.152,9,t2,replay
rep_20250918_IBM,2025-09-18,2026-05-30 02:57:51.827154,IBM,TREND_LEADER,C,replay,265.0,251.64,296.16,304.18,2.33,13.3607,won,2025-10-16,286.07,1.577,2.698,-0.102,28,timeout_after_t1,replay
rep_20250923_IBM,2025-09-23,2026-05-30 02:57:51.838499,IBM,TREND_LEADER,C,replay,272.24,258.79,296.16,306.66,1.78,13.4464,won,2025-10-21,289.1,1.254,2.141,-0.367,28,timeout_after_t1,replay
rep_20250926_IBM,2025-09-26,2026-05-30 02:57:51.8495,IBM,TREND_LEADER,C,replay,284.31,268.78,288.85,318.73,0.29,15.5268,won,2025-10-09,286.58,0.146,1.077,-0.299,13,stop_after_t1,replay
rep_20251001_IBM,2025-10-01,2026-05-30 02:57:51.862351,IBM,TREND_LEADER,C,replay,286.49,270.1,288.85,315.74,0.14,16.3857,won,2025-10-08,287.67,0.072,0.888,-0.226,7,stop_after_t1,replay
rep_20251006_IBM,2025-10-06,2026-05-30 02:57:51.877602,IBM,TREND_LEADER,C,replay,289.42,272.68,293.32,313.95,0.23,16.7393,won,2025-10-08,291.37,0.116,0.694,-0.176,2,stop_after_t1,replay
rep_20251009_IBM,2025-10-09,2026-05-30 02:57:51.887496,IBM,TREND_LEADER,C,replay,288.23,277.82,301.04,317.4,1.23,10.4145,lost,2025-10-10,277.82,-1.0,0.207,-1.031,1,stop,replay
rep_20251014_IBM,2025-10-14,2026-05-30 02:57:51.896279,IBM,TREND_LEADER,C,replay,276.15,270.55,301.04,313.07,4.44,5.6048,lost,2025-10-23,270.55,-1.0,2.325,-2.248,9,stop,replay
rep_20251017_IBM,2025-10-17,2026-05-30 02:57:51.904417,IBM,TREND_LEADER,C,replay,281.28,270.68,301.04,312.27,1.86,10.6014,lost,2025-10-23,270.68,-1.0,0.744,-1.672,6,stop,replay
rep_20251022_IBM,2025-10-22,2026-05-30 02:57:51.913001,IBM,TREND_LEADER,C,replay,287.51,270.72,301.04,312.02,0.81,16.7897,lost,2025-10-23,270.72,-1.0,-0.115,-1.426,1,stop,replay
rep_20251027_IBM,2025-10-27,2026-05-30 02:57:51.922458,IBM,TREND_LEADER,C,replay,313.09,287.43,333.62,349.02,0.8,25.6607,lost,2025-11-24,304.12,-0.35,0.46,-0.975,28,timeout,replay
rep_20251030_IBM,2025-10-30,2026-05-30 02:57:51.931601,IBM,TREND_LEADER,C,replay,310.06,285.1,319.35,343.53,0.37,24.9554,won,2025-11-13,314.71,0.186,0.595,-0.563,14,stop_after_t1,replay
rep_20251104_IBM,2025-11-04,2026-05-30 02:57:51.940248,IBM,TREND_LEADER,C,replay,300.85,274.75,319.35,335.01,0.71,26.1036,won,2025-11-14,310.1,0.354,0.921,-0.125,10,stop_after_t1,replay
rep_20251107_IBM,2025-11-07,2026-05-30 02:57:51.948352,IBM,TREND_LEADER,C,replay,306.38,293.17,319.35,339.85,0.98,13.2061,won,2025-11-13,312.87,0.491,1.402,-0.204,6,stop_after_t1,replay
rep_20251112_IBM,2025-11-12,2026-05-30 02:57:51.957501,IBM,TREND_LEADER,C,replay,314.98,293.34,324.9,351.78,0.46,21.6434,lost,2025-11-18,293.34,-1.0,-0.018,-1.158,6,stop,replay
rep_20251117_IBM,2025-11-17,2026-05-30 02:57:52.252003,IBM,PULLBACK,B,replay,297.17,293.63,324.9,339.15,7.82,3.5445,lost,2025-11-18,293.63,-1.0,-0.048,-2.048,1,stop,replay
rep_20251120_IBM,2025-11-20,2026-05-30 02:57:52.262375,IBM,PULLBACK,B,replay,290.4,285.78,324.9,338.62,7.47,4.6162,won,2025-12-19,300.98,2.29,5.4,0.323,29,timeout,replay
rep_20251209_IBM,2025-12-09,2026-05-30 02:57:52.272231,IBM,BREAKOUT,A,replay,310.48,295.29,324.9,335.51,0.95,15.1879,lost,2026-01-02,295.29,-1.0,0.277,-1.414,24,stop,replay
rep_20251212_IBM,2025-12-12,2026-05-30 02:57:52.280918,IBM,BREAKOUT,A,replay,309.24,297.22,315.35,331.34,0.51,12.0175,lost,2025-12-18,297.22,-1.0,0.176,-1.126,6,stop,replay
rep_20251217_IBM,2025-12-17,2026-05-30 02:57:52.288703,IBM,VCP,B,replay,303.32,298.86,315.35,325.42,2.7,4.4586,lost,2025-12-18,298.86,-1.0,0.253,-1.709,1,stop,replay
rep_20251222_IBM,2025-12-22,2026-05-30 02:57:52.300112,IBM,VCP,B,replay,302.79,294.13,315.35,324.9,1.45,8.6614,lost,2026-01-02,294.13,-1.0,0.833,-1.592,11,stop,replay
rep_20251226_IBM,2025-12-26,2026-05-30 02:57:52.308259,IBM,VCP,A,replay,305.09,294.26,315.35,324.9,0.95,10.8298,lost,2026-01-02,294.26,-1.0,0.453,-1.486,7,stop,replay
rep_20251231_IBM,2025-12-31,2026-05-30 02:57:52.316705,IBM,VCP,B,replay,296.21,294.33,315.35,324.9,10.19,1.8784,lost,2026-01-02,294.33,-1.0,0.723,-3.835,2,stop,replay
rep_20260106_IBM,2026-01-06,2026-05-30 02:57:52.32489,IBM,VCP,B,replay,302.47,287.52,315.35,324.9,0.86,14.9536,won,2026-01-30,308.91,0.431,1.166,-0.848,24,stop_after_t1,replay
rep_20260109_IBM,2026-01-09,2026-05-30 02:57:52.333091,IBM,VCP,B,replay,304.22,289.0,313.44,325.76,0.61,15.2161,won,2026-01-30,308.83,0.303,1.03,-0.948,21,stop_after_t1,replay
rep_20260202_IBM,2026-02-02,2026-05-30 02:57:52.341479,IBM,TREND_LEADER,C,replay,314.73,290.5,319.9,335.8,0.21,24.2304,lost,2026-02-03,290.5,-1.0,-0.072,-1.274,1,stop,replay
rep_20250902_INTC,2025-09-02,2026-05-30 02:57:52.38657,INTC,TREND_LEADER,C,replay,24.21,22.44,26.53,28.57,1.31,1.7693,won,2025-09-18,27.55,1.887,4.616,-0.277,16,t2,replay
rep_20250905_INTC,2025-09-05,2026-05-30 02:57:52.395221,INTC,TREND_LEADER,C,replay,24.49,23.37,26.53,28.64,1.82,1.1238,won,2025-09-18,27.59,2.763,7.045,-0.393,13,t2,replay
rep_20250910_INTC,2025-09-10,2026-05-30 02:57:52.406078,INTC,TREND_LEADER,C,replay,24.77,23.48,26.53,27.87,1.37,1.2882,won,2025-09-18,27.2,1.884,5.899,-0.558,8,t2,replay
rep_20250915_INTC,2025-09-15,2026-05-30 02:57:52.414758,INTC,VCP,B,replay,24.77,23.51,26.53,27.55,1.4,1.2589,won,2025-09-18,27.04,1.802,6.04,-0.254,3,t2,replay
rep_20250918_INTC,2025-09-18,2026-05-30 02:57:52.423243,INTC,TREND_LEADER,C,replay,30.57,27.66,32.38,36.33,0.62,2.9107,won,2025-10-02,34.36,1.301,2.405,-0.632,14,t2,replay
rep_20250923_INTC,2025-09-23,2026-05-30 02:57:52.43212,INTC,TREND_LEADER,C,replay,29.34,26.03,32.38,34.56,0.92,3.3143,won,2025-09-26,33.47,1.248,2.103,-0.033,3,t2,replay
rep_20250926_INTC,2025-09-26,2026-05-30 02:57:52.440706,INTC,TREND_LEADER,C,replay,35.5,31.16,36.3,43.07,0.18,4.3446,won,2025-10-14,35.9,0.092,0.956,-0.571,18,stop_after_t1,replay
rep_20251001_INTC,2025-10-01,2026-05-30 02:57:52.448682,INTC,TREND_LEADER,C,replay,35.94,30.83,36.3,43.47,0.07,5.1125,won,2025-10-08,36.12,0.035,0.536,-0.098,7,stop_after_t1,replay
rep_20251006_INTC,2025-10-06,2026-05-30 02:57:52.456431,INTC,TREND_LEADER,C,replay,36.59,30.87,38.68,45.37,0.37,5.7196,won,2025-10-13,37.64,0.183,0.535,-0.119,7,stop_after_t1,replay
rep_20251009_INTC,2025-10-09,2026-05-30 02:57:52.463775,INTC,TREND_LEADER,C,replay,37.8,32.93,38.68,46.58,0.18,4.8661,won,2025-10-13,38.24,0.09,0.38,-0.312,4,stop_after_t1,replay
rep_20251014_INTC,2025-10-14,2026-05-30 02:57:52.471389,INTC,TREND_LEADER,C,replay,35.63,32.98,39.65,44.75,1.52,2.6493,won,2025-11-11,38.77,1.183,2.585,0.004,28,timeout_after_t1,replay
rep_20251017_INTC,2025-10-17,2026-05-30 02:57:52.478795,INTC,TREND_LEADER,C,replay,37.01,34.19,39.65,43.56,0.94,2.8152,won,2025-11-04,38.33,0.468,1.94,-0.344,18,stop_after_t1,replay
rep_20251022_INTC,2025-10-22,2026-05-30 02:57:52.486881,INTC,TREND_LEADER,C,replay,36.92,34.23,39.65,42.42,1.01,2.6916,won,2025-10-28,41.03,1.53,2.067,-0.182,6,t2,replay
rep_20251027_INTC,2025-10-27,2026-05-30 02:57:52.494437,INTC,TREND_LEADER,C,replay,39.54,34.55,41.12,44.4,0.32,4.9946,won,2025-11-03,40.33,0.158,0.589,-0.098,7,stop_after_t1,replay
rep_20251030_INTC,2025-10-30,2026-05-30 02:57:52.502372,INTC,TREND_LEADER,C,replay,40.16,35.56,42.48,45.36,0.5,4.6,lost,2025-11-13,35.56,-1.0,0.146,-1.024,14,stop,replay
rep_20251107_INTC,2025-11-07,2026-05-30 02:57:52.510095,INTC,TREND_LEADER,C,replay,38.13,36.15,42.48,45.39,2.19,1.9848,lost,2025-11-13,36.15,-1.0,0.707,-1.354,6,stop,replay
rep_20251201_INTC,2025-12-01,2026-05-30 02:57:52.518152,INTC,TREND_LEADER,C,replay,40.01,35.64,40.59,45.76,0.13,4.3696,won,2025-12-08,40.3,0.066,0.918,-0.071,7,stop_after_t1,replay
rep_20251204_INTC,2025-12-04,2026-05-30 02:57:52.525933,INTC,TREND_LEADER,C,replay,40.5,35.32,44.02,47.18,0.68,5.1821,lost,2025-12-24,35.32,-1.0,0.45,-1.071,20,stop,replay
rep_20251209_INTC,2025-12-09,2026-05-30 02:57:52.533848,INTC,TREND_LEADER,C,replay,40.5,34.99,44.02,47.32,0.64,5.5054,lost,2025-12-24,34.99,-1.0,0.089,-1.007,15,stop,replay
rep_20260109_INTC,2026-01-09,2026-05-30 02:57:52.541815,INTC,TREND_LEADER,C,replay,45.55,40.56,49.54,52.54,0.8,4.9911,won,2026-01-21,51.04,1.1,1.776,-0.333,12,t2,replay
rep_20260114_INTC,2026-01-14,2026-05-30 02:57:52.551976,INTC,TREND_LEADER,C,replay,48.72,43.04,49.0,57.15,0.05,5.6821,won,2026-01-16,48.86,0.025,0.294,-0.354,2,stop_after_t1,replay
rep_20260120_INTC,2026-01-20,2026-05-30 02:57:52.560932,INTC,TREND_LEADER,C,replay,48.56,41.75,50.39,57.82,0.27,6.8089,won,2026-01-23,49.48,0.134,0.887,-0.604,3,stop_after_t1,replay
rep_20260123_INTC,2026-01-23,2026-05-30 02:57:52.569777,INTC,TREND_LEADER,C,replay,45.07,40.67,54.6,59.97,2.17,4.395,lost,2026-02-23,43.63,-0.327,1.459,-0.634,31,timeout,replay
rep_20260128_INTC,2026-01-28,2026-05-30 02:57:52.578362,INTC,TREND_LEADER,C,replay,48.78,41.36,54.6,60.13,0.78,7.4212,lost,2026-02-26,45.46,-0.447,0.365,-0.795,29,timeout,replay
rep_20260202_INTC,2026-02-02,2026-05-30 02:57:52.58883,INTC,TREND_LEADER,C,replay,48.81,41.34,54.6,60.21,0.78,7.4657,lost,2026-03-03,43.1,-0.764,0.359,-0.893,29,timeout,replay
rep_20260205_INTC,2026-02-05,2026-05-30 02:57:52.598413,INTC,TREND_LEADER,C,replay,48.24,41.32,54.6,60.36,0.92,6.9204,lost,2026-03-06,43.42,-0.697,0.442,-0.882,29,timeout,replay
rep_20260210_INTC,2026-02-10,2026-05-30 02:57:52.607967,INTC,TREND_LEADER,C,replay,47.13,44.58,54.6,60.13,2.93,2.5518,lost,2026-02-19,44.58,-1.0,0.949,-1.259,9,stop,replay
rep_20260224_INTC,2026-02-24,2026-05-30 02:57:52.61843,INTC,TREND_LEADER,C,replay,46.12,42.23,51.49,55.39,1.38,3.8895,lost,2026-03-03,42.23,-1.0,0.219,-1.023,7,stop,replay
rep_20260325_INTC,2026-03-25,2026-05-30 02:57:52.629074,INTC,TREND_LEADER,C,replay,47.18,42.55,49.17,54.96,0.43,4.6277,lost,2026-03-30,42.55,-1.0,-0.125,-1.415,5,stop,replay
rep_20260330_INTC,2026-03-30,2026-05-30 02:57:52.638266,INTC,MEAN_REVERSION,B,replay,41.19,40.01,49.17,54.6,6.74,1.1832,won,2026-04-08,51.89,9.064,15.237,0.347,9,t2,replay
rep_20260402_INTC,2026-04-02,2026-05-30 02:57:52.646904,INTC,TREND_LEADER,C,replay,50.38,43.12,54.6,58.96,0.58,7.2589,won,2026-04-08,56.78,0.882,1.211,-0.07,6,t2,replay
rep_20260408_INTC,2026-04-08,2026-05-30 02:57:52.655178,INTC,TREND_LEADER,C,replay,58.95,50.98,65.32,70.1,0.8,7.9661,won,2026-04-17,67.71,1.099,1.428,-0.07,9,t2,replay
rep_20260413_INTC,2026-04-13,2026-05-30 02:57:52.662823,INTC,TREND_LEADER,C,replay,65.18,56.97,65.65,80.19,0.06,8.2125,won,2026-04-16,65.42,0.029,0.418,-0.376,3,stop_after_t1,replay
rep_20260416_INTC,2026-04-16,2026-05-30 02:57:52.670622,INTC,TREND_LEADER,C,replay,68.5,59.89,75.39,85.29,0.8,8.6107,won,2026-04-27,80.34,1.375,2.16,-0.468,11,t2,replay
rep_20260421_INTC,2026-04-21,2026-05-30 02:57:52.678232,INTC,TREND_LEADER,C,replay,66.26,57.35,70.33,84.08,0.46,8.9125,won,2026-04-24,77.2,1.228,2.128,-0.144,3,t2,replay
rep_20260424_INTC,2026-04-24,2026-05-30 02:57:52.685703,INTC,TREND_LEADER,C,replay,82.54,71.19,85.22,109.29,0.24,11.3464,won,2026-04-28,83.88,0.118,0.402,-0.153,4,stop_after_t1,replay
rep_20260429_INTC,2026-04-29,2026-05-30 02:57:52.693285,INTC,TREND_LEADER,C,replay,94.75,82.2,104.79,124.73,0.8,12.55,won,2026-05-08,114.76,1.594,2.854,-0.259,9,t2,replay
rep_20260504_INTC,2026-05-04,2026-05-30 02:57:52.700853,INTC,TREND_LEADER,C,replay,95.78,81.97,100.45,125.32,0.34,13.8089,won,2026-05-08,112.88,1.239,2.519,0.311,4,t2,replay
rep_20251204_IOT,2025-12-04,2026-05-30 02:57:52.769429,IOT,TREND_LEADER,C,replay,40.71,36.83,41.1,61.9,0.1,3.8796,won,2025-12-15,40.91,0.05,1.742,-0.286,11,stop_after_t1,replay
rep_20251209_IOT,2025-12-09,2026-05-30 02:57:52.778096,IOT,TREND_LEADER,C,replay,43.79,38.77,47.47,61.9,0.73,5.0161,lost,2025-12-17,38.77,-1.0,0.341,-1.143,8,stop,replay
rep_20251212_IOT,2025-12-12,2026-05-30 02:57:52.786049,IOT,TREND_LEADER,C,replay,41.39,36.37,47.47,61.9,1.21,5.0191,lost,2025-12-29,36.37,-1.0,0.044,-1.062,17,stop,replay
rep_20251022_ISRG,2025-10-22,2026-05-30 02:57:52.827935,ISRG,TREND_LEADER,C,replay,527.03,485.28,549.85,616.0,0.55,41.7518,won,2025-10-31,538.44,0.273,0.61,-0.047,9,stop_after_t1,replay
rep_20251027_ISRG,2025-10-27,2026-05-30 02:57:52.837126,ISRG,TREND_LEADER,C,replay,551.25,506.83,616.0,642.65,1.46,44.4232,won,2025-11-24,568.48,0.388,0.658,-0.564,28,timeout,replay
rep_20251030_ISRG,2025-10-30,2026-05-30 02:57:52.848373,ISRG,TREND_LEADER,C,replay,530.02,486.14,552.5,616.0,0.51,43.8786,won,2025-11-28,562.99,0.751,1.194,-0.087,29,timeout_after_t1,replay
rep_20251104_ISRG,2025-11-04,2026-05-30 02:57:52.861257,ISRG,TREND_LEADER,C,replay,538.82,517.57,552.5,616.0,0.64,21.2497,won,2025-12-03,561.11,1.049,2.051,-0.126,29,timeout_after_t1,replay
rep_20251107_ISRG,2025-11-07,2026-05-30 02:57:52.869352,ISRG,TREND_LEADER,C,replay,560.0,521.4,616.0,644.81,1.45,38.6021,won,2025-12-08,566.89,0.178,0.581,-0.548,31,timeout,replay
rep_20251112_ISRG,2025-11-12,2026-05-30 02:57:52.877086,ISRG,TREND_LEADER,C,replay,572.45,540.04,580.47,660.45,0.25,32.4107,lost,2025-11-18,540.04,-1.0,0.027,-1.037,6,stop,replay
rep_20251117_ISRG,2025-11-17,2026-05-30 02:57:52.884975,ISRG,TREND_LEADER,C,replay,546.71,532.12,580.47,621.21,2.31,14.5882,won,2025-12-10,563.59,1.157,2.447,-0.54,23,stop_after_t1,replay
rep_20251120_ISRG,2025-11-20,2026-05-30 02:57:52.892862,ISRG,TREND_LEADER,C,replay,552.23,535.09,580.47,616.0,1.65,17.1412,won,2025-12-10,566.35,0.824,1.761,-0.331,20,stop_after_t1,replay
rep_20251125_ISRG,2025-11-25,2026-05-30 02:57:52.90075,ISRG,TREND_LEADER,C,replay,578.87,541.14,616.0,638.64,0.98,37.725,lost,2025-12-12,541.14,-1.0,0.094,-1.091,17,stop,replay
rep_20251201_ISRG,2025-12-01,2026-05-30 02:57:52.909303,ISRG,TREND_LEADER,C,replay,567.37,535.56,582.41,616.0,0.47,31.8096,won,2025-12-30,577.52,0.319,0.506,-0.933,29,timeout_after_t1,replay
rep_20251204_ISRG,2025-12-04,2026-05-30 02:57:52.92067,ISRG,TREND_LEADER,C,replay,568.63,544.85,582.41,616.0,0.58,23.7847,lost,2025-12-11,544.85,-1.0,0.347,-1.09,7,stop,replay
rep_20251217_ISRG,2025-12-17,2026-05-30 02:57:52.931206,ISRG,PULLBACK,B,replay,556.86,534.98,582.41,616.0,1.17,21.8848,won,2026-01-02,569.63,0.584,1.215,-0.067,16,stop_after_t1,replay
rep_20251231_ISRG,2025-12-31,2026-05-30 02:57:52.939788,ISRG,VCP,A,replay,566.36,551.64,583.45,616.0,1.16,14.7209,won,2026-01-13,574.9,0.581,2.549,-0.745,13,stop_after_t1,replay
rep_20260106_ISRG,2026-01-06,2026-05-30 02:57:52.947284,ISRG,BREAKOUT,A,replay,592.85,567.9,616.0,630.97,0.93,24.9536,lost,2026-01-12,567.9,-1.0,0.442,-1.044,6,stop,replay
rep_20260109_ISRG,2026-01-09,2026-05-30 02:57:52.955456,ISRG,TREND_LEADER,C,replay,586.24,561.0,603.88,625.95,0.7,25.2411,lost,2026-01-13,561.0,-1.0,-0.16,-1.197,4,stop,replay
rep_20260114_ISRG,2026-01-14,2026-05-30 02:57:52.962928,ISRG,MEAN_REVERSION,C,replay,546.76,524.77,603.88,623.27,2.6,21.9909,lost,2026-01-21,524.77,-1.0,0.317,-1.279,7,stop,replay
rep_20260120_ISRG,2026-01-20,2026-05-30 02:57:52.970551,ISRG,MEAN_REVERSION,C,replay,527.44,521.58,603.88,625.8,13.04,5.8632,lost,2026-01-21,521.58,-1.0,0.445,-1.502,1,stop,replay
rep_20250915_KLAC,2025-09-15,2026-05-30 02:57:53.247913,KLAC,TREND_LEADER,C,replay,988.91,933.52,1033.22,1083.57,0.8,55.3875,won,2025-09-29,1058.39,1.254,1.746,-0.25,14,t2,replay
rep_20250918_KLAC,2025-09-18,2026-05-30 02:57:53.258555,KLAC,TREND_LEADER,C,replay,1046.69,973.15,1076.79,1193.42,0.41,73.5411,won,2025-10-09,1061.74,0.205,1.473,-0.236,21,stop_after_t1,replay
rep_20250923_KLAC,2025-09-23,2026-05-30 02:57:53.266731,KLAC,TREND_LEADER,C,replay,1071.2,998.82,1076.79,1217.93,0.08,72.3768,won,2025-09-30,1073.99,0.039,0.199,-0.351,7,stop_after_t1,replay
rep_20250926_KLAC,2025-09-26,2026-05-30 02:57:53.274622,KLAC,TREND_LEADER,C,replay,1064.29,996.58,1076.79,1211.02,0.18,67.7054,won,2025-09-30,1070.54,0.092,0.315,-0.107,4,stop_after_t1,replay
rep_20251001_KLAC,2025-10-01,2026-05-30 02:57:53.282815,KLAC,TREND_LEADER,C,replay,1128.87,1053.25,1189.36,1306.0,0.8,75.6161,lost,2025-10-09,1053.25,-1.0,0.346,-1.212,8,stop,replay
rep_20251006_KLAC,2025-10-06,2026-05-30 02:57:53.290418,KLAC,TREND_LEADER,C,replay,1139.71,1054.74,1155.0,1286.57,0.18,84.9714,lost,2025-10-09,1054.74,-1.0,0.027,-1.206,3,stop,replay
rep_20251009_KLAC,2025-10-09,2026-05-30 02:57:53.297966,KLAC,TREND_LEADER,C,replay,1053.47,1029.1,1155.0,1203.86,4.17,24.3739,lost,2025-10-10,1029.1,-1.0,0.033,-2.975,1,stop,replay
rep_20251014_KLAC,2025-10-14,2026-05-30 02:57:53.305525,KLAC,TREND_LEADER,C,replay,1025.71,971.04,1155.0,1214.56,2.37,54.6661,won,2025-10-27,1184.78,2.91,3.576,0.516,13,t2,replay
rep_20251017_KLAC,2025-10-17,2026-05-30 02:57:53.313578,KLAC,TREND_LEADER,C,replay,1106.66,996.33,1155.0,1221.2,0.44,110.3304,won,2025-10-22,1130.83,0.219,0.494,-0.148,5,stop_after_t1,replay
rep_20251022_KLAC,2025-10-22,2026-05-30 02:57:53.322024,KLAC,TREND_LEADER,C,replay,1114.32,1001.43,1161.18,1228.91,0.42,112.8875,won,2025-10-29,1195.05,0.715,1.286,-0.068,7,t2,replay
rep_20251027_KLAC,2025-10-27,2026-05-30 02:57:53.329734,KLAC,TREND_LEADER,C,replay,1215.13,1106.28,1302.21,1367.52,0.8,108.8482,lost,2025-11-18,1106.28,-1.0,0.637,-1.077,22,stop,replay
rep_20251030_KLAC,2025-10-30,2026-05-30 02:57:53.33725,KLAC,TREND_LEADER,C,replay,1214.41,1095.52,1284.47,1396.51,0.59,118.8875,lost,2025-11-21,1095.52,-1.0,0.242,-1.198,22,stop,replay
rep_20251104_KLAC,2025-11-04,2026-05-30 02:57:53.344948,KLAC,TREND_LEADER,C,replay,1193.49,1085.51,1284.47,1375.59,0.84,107.9839,lost,2025-11-21,1085.51,-1.0,0.46,-1.125,17,stop,replay
rep_20251107_KLAC,2025-11-07,2026-05-30 02:57:53.352763,KLAC,TREND_LEADER,C,replay,1193.37,1149.03,1284.47,1364.92,2.05,44.335,lost,2025-11-13,1149.03,-1.0,0.755,-1.007,6,stop,replay
rep_20251112_KLAC,2025-11-12,2026-05-30 02:57:53.360587,KLAC,TREND_LEADER,C,replay,1198.97,1149.85,1284.47,1346.06,1.74,49.1155,lost,2025-11-13,1149.85,-1.0,-0.126,-1.023,1,stop,replay
rep_20251120_KLAC,2025-11-20,2026-05-30 02:57:53.36806,KLAC,MEAN_REVERSION,C,replay,1102.45,1086.56,1284.47,1350.59,11.46,15.8898,lost,2025-11-21,1086.56,-1.0,0.527,-1.919,1,stop,replay
rep_20251209_KLAC,2025-12-09,2026-05-30 02:57:53.375816,KLAC,TREND_LEADER,C,replay,1225.61,1126.96,1242.4,1353.12,0.17,98.6482,won,2025-12-11,1234.01,0.085,0.285,-0.351,2,stop_after_t1,replay
rep_20251212_KLAC,2025-12-12,2026-05-30 02:57:53.384028,KLAC,TREND_LEADER,C,replay,1193.92,1142.13,1253.7,1321.43,1.15,51.7883,won,2025-12-17,1223.81,0.577,1.179,-0.474,5,stop_after_t1,replay
rep_20251217_KLAC,2025-12-17,2026-05-30 02:57:53.391825,KLAC,TREND_LEADER,C,replay,1172.02,1159.52,1255.0,1314.19,6.64,12.4955,won,2026-01-05,1284.6,9.006,15.99,3.118,19,t2,replay
rep_20251222_KLAC,2025-12-22,2026-05-30 02:57:53.399366,KLAC,TREND_LEADER,C,replay,1265.66,1159.1,1278.0,1374.54,0.12,106.5607,won,2025-12-29,1271.83,0.058,0.198,-0.084,7,stop_after_t1,replay
rep_20251226_KLAC,2025-12-26,2026-05-30 02:57:53.407108,KLAC,TREND_LEADER,C,replay,1279.6,1183.87,1286.81,1361.09,0.08,95.7339,won,2026-01-05,1323.95,0.463,0.964,-0.684,10,t2,replay
rep_20251231_KLAC,2025-12-31,2026-05-30 02:57:53.414604,KLAC,TREND_LEADER,C,replay,1215.08,1159.64,1286.81,1345.3,1.29,55.4374,won,2026-01-05,1316.05,1.821,2.828,0.64,5,t2,replay
rep_20260106_KLAC,2026-01-06,2026-05-30 02:57:53.422467,KLAC,TREND_LEADER,C,replay,1395.0,1290.55,1406.97,1537.55,0.11,104.4536,won,2026-01-15,1472.26,0.74,1.69,-0.821,9,t2,replay
rep_20260109_KLAC,2026-01-09,2026-05-30 02:57:53.430265,KLAC,TREND_LEADER,C,replay,1400.0,1292.86,1485.72,1550.0,0.8,107.1446,won,2026-01-15,1517.86,1.1,1.601,-0.125,6,t2,replay
rep_20260114_KLAC,2026-01-14,2026-05-30 02:57:53.437974,KLAC,TREND_LEADER,C,replay,1434.5,1319.32,1469.86,1614.78,0.31,115.175,won,2026-01-27,1542.32,0.936,1.595,0.15,13,t2,replay
rep_20260120_KLAC,2026-01-20,2026-05-30 02:57:53.445269,KLAC,TREND_LEADER,C,replay,1486.18,1333.21,1581.34,1706.53,0.62,152.9679,won,2026-01-30,1533.76,0.311,1.354,-0.453,10,stop_after_t1,replay
rep_20260123_KLAC,2026-01-23,2026-05-30 02:57:53.453616,KLAC,TREND_LEADER,C,replay,1512.78,1351.15,1581.34,1733.13,0.42,161.6339,won,2026-01-30,1547.06,0.212,1.117,-0.594,7,stop_after_t1,replay
rep_20260128_KLAC,2026-01-28,2026-05-30 02:57:53.461105,KLAC,TREND_LEADER,C,replay,1627.2,1466.29,1650.0,1888.75,0.14,160.9125,won,2026-01-30,1638.6,0.071,0.411,-1.307,2,stop_after_t1,replay
rep_20260202_KLAC,2026-02-02,2026-05-30 02:57:53.46826,KLAC,TREND_LEADER,C,replay,1410.45,1380.04,1693.35,1813.18,9.3,30.4112,lost,2026-02-03,1380.04,-1.0,1.277,-2.83,1,stop,replay
rep_20260210_KLAC,2026-02-10,2026-05-30 02:57:53.476036,KLAC,TREND_LEADER,C,replay,1430.84,1264.18,1693.35,1818.51,1.58,166.6599,won,2026-03-11,1465.0,0.205,0.879,-0.659,29,timeout,replay
rep_20260304_KLAC,2026-03-04,2026-05-30 02:57:53.487912,KLAC,TREND_LEADER,C,replay,1475.91,1411.57,1577.35,1720.9,1.58,64.3443,lost,2026-03-05,1411.57,-1.0,-0.005,-1.335,1,stop,replay
rep_20260317_KLAC,2026-03-17,2026-05-30 02:57:53.496335,KLAC,TREND_LEADER,C,replay,1481.35,1307.7,1577.35,1704.75,0.55,173.6464,won,2026-03-26,1529.35,0.276,0.582,-0.352,9,stop_after_t1,replay
rep_20260320_KLAC,2026-03-20,2026-05-30 02:57:53.50418,KLAC,TREND_LEADER,C,replay,1498.67,1319.53,1577.35,1722.07,0.44,179.1392,won,2026-03-26,1538.01,0.22,0.468,-0.297,6,stop_after_t1,replay
rep_20260325_KLAC,2026-03-25,2026-05-30 02:57:53.511812,KLAC,TREND_LEADER,C,replay,1543.82,1378.57,1582.45,1767.22,0.23,165.2548,lost,2026-03-30,1378.57,-1.0,-0.176,-1.025,5,stop,replay
rep_20260402_KLAC,2026-04-02,2026-05-30 02:57:53.520056,KLAC,TREND_LEADER,C,replay,1516.84,1356.31,1582.45,1740.24,0.41,160.5267,won,2026-04-10,1661.35,0.9,1.514,-0.06,8,t2,replay
rep_20260408_KLAC,2026-04-08,2026-05-30 02:57:53.527491,KLAC,TREND_LEADER,C,replay,1672.34,1480.14,1686.26,1863.69,0.07,192.2018,won,2026-04-24,1774.97,0.534,1.389,-0.017,16,t2,replay
rep_20260413_KLAC,2026-04-13,2026-05-30 02:57:53.535154,KLAC,TREND_LEADER,C,replay,1768.78,1594.52,1908.19,2012.75,0.8,174.2625,won,2026-04-30,1838.49,0.4,0.979,-0.705,17,stop_after_t1,replay
rep_20260416_KLAC,2026-04-16,2026-05-30 02:57:53.542818,KLAC,TREND_LEADER,C,replay,1734.85,1567.87,1798.0,1988.99,0.38,166.9785,won,2026-04-30,1766.42,0.189,1.225,-0.532,14,stop_after_t1,replay
rep_20260421_KLAC,2026-04-21,2026-05-30 02:57:53.550443,KLAC,TREND_LEADER,C,replay,1785.37,1634.9,1823.27,2054.67,0.25,150.4732,won,2026-04-28,1804.32,0.126,1.023,-0.084,7,stop_after_t1,replay
rep_20260424_KLAC,2026-04-24,2026-05-30 02:57:53.558302,KLAC,TREND_LEADER,C,replay,1935.0,1775.95,2062.24,2273.96,0.8,159.0464,lost,2026-04-28,1775.95,-1.0,-0.052,-1.021,4,stop,replay
rep_20260429_KLAC,2026-04-29,2026-05-30 02:57:53.565834,KLAC,TREND_LEADER,C,replay,1816.21,1680.49,1939.36,2109.23,0.91,135.7186,lost,2026-04-30,1680.49,-1.0,-0.203,-1.254,1,stop,replay
rep_20260504_KLAC,2026-05-04,2026-05-30 02:57:53.573179,KLAC,TREND_LEADER,C,replay,1713.32,1626.76,1939.36,2054.78,2.61,86.5574,won,2026-05-27,1997.07,3.278,4.006,-0.266,23,t2,replay
rep_20250915_LEU,2025-09-15,2026-05-30 02:57:53.62911,LEU,TREND_LEADER,C,replay,243.48,204.75,264.9,305.16,0.55,38.7304,won,2025-09-22,285.03,1.073,1.783,-0.574,7,t2,replay
rep_20250918_LEU,2025-09-18,2026-05-30 02:57:53.637728,LEU,TREND_LEADER,C,replay,262.65,222.22,264.88,317.3,0.06,40.4286,won,2025-09-25,263.76,0.028,1.371,-0.066,7,stop_after_t1,replay
rep_20250923_LEU,2025-09-23,2026-05-30 02:57:53.645832,LEU,TREND_LEADER,C,replay,302.59,254.85,312.54,378.21,0.21,47.7375,won,2025-09-26,307.56,0.104,0.742,-0.859,3,stop_after_t1,replay
rep_20250926_LEU,2025-09-26,2026-05-30 02:57:53.663103,LEU,TREND_LEADER,C,replay,305.35,240.66,338.0,396.25,0.5,64.6893,won,2025-10-10,367.12,0.955,1.822,-0.091,14,t2,replay
rep_20251001_LEU,2025-10-01,2026-05-30 02:57:53.671091,LEU,TREND_LEADER,C,replay,331.11,263.11,338.0,418.9,0.1,68.0018,won,2025-10-10,378.45,0.696,1.355,-0.083,9,t2,replay
rep_20251006_LEU,2025-10-06,2026-05-30 02:57:53.678914,LEU,TREND_LEADER,C,replay,356.28,283.96,361.37,451.64,0.07,72.3179,won,2025-10-15,406.5,0.694,1.441,0.01,9,t2,replay
rep_20251009_LEU,2025-10-09,2026-05-30 02:57:53.686794,LEU,TREND_LEADER,C,replay,371.09,299.54,389.41,472.8,0.26,71.5482,won,2025-10-14,380.25,0.128,0.823,-0.118,5,stop_after_t1,replay
rep_20251014_LEU,2025-10-14,2026-05-30 02:57:53.694285,LEU,TREND_LEADER,C,replay,396.16,307.45,430.0,521.42,0.38,88.7107,won,2025-10-17,413.08,0.191,0.768,-0.344,3,stop_after_t1,replay
rep_20251017_LEU,2025-10-17,2026-05-30 02:57:53.702098,LEU,TREND_LEADER,C,replay,380.18,329.19,464.25,523.08,1.65,50.9852,lost,2025-10-22,329.19,-1.0,0.565,-1.694,5,stop,replay
rep_20251022_LEU,2025-10-22,2026-05-30 02:57:53.71004,LEU,TREND_LEADER,C,replay,314.83,282.57,464.25,531.78,4.63,32.265,lost,2025-11-06,282.57,-1.0,2.702,-1.514,15,stop,replay
rep_20251027_LEU,2025-10-27,2026-05-30 02:57:53.717602,LEU,TREND_LEADER,C,replay,359.73,281.74,464.25,536.72,1.34,77.9888,lost,2025-11-06,281.74,-1.0,0.542,-1.202,10,stop,replay
rep_20251030_LEU,2025-10-30,2026-05-30 02:57:53.725205,LEU,TREND_LEADER,C,replay,383.31,282.04,464.25,534.92,0.8,101.2678,lost,2025-11-06,282.04,-1.0,0.066,-1.158,7,stop,replay
rep_20251217_LEU,2025-12-17,2026-05-30 02:57:53.733792,LEU,MEAN_REVERSION,C,replay,221.09,215.59,287.18,464.25,12.01,5.5048,won,2026-01-16,309.1,16.003,20.436,-0.107,30,timeout_after_t1,replay
rep_20260106_LEU,2026-01-06,2026-05-30 02:57:53.741699,LEU,TREND_LEADER,C,replay,311.89,262.09,321.71,464.25,0.2,49.8018,won,2026-01-08,316.8,0.099,0.291,-0.538,2,stop_after_t1,replay
rep_20260109_LEU,2026-01-09,2026-05-30 02:57:53.749741,LEU,TREND_LEADER,C,replay,306.19,250.06,326.36,464.25,0.36,56.1268,won,2026-01-14,316.27,0.18,0.46,-0.36,5,stop_after_t1,replay
rep_20260114_LEU,2026-01-14,2026-05-30 02:57:53.75762,LEU,TREND_LEADER,C,replay,307.57,250.24,332.0,464.25,0.43,57.3268,won,2026-01-16,319.78,0.213,0.452,-0.167,2,stop_after_t1,replay
rep_20260120_LEU,2026-01-20,2026-05-30 02:57:53.765263,LEU,TREND_LEADER,C,replay,315.92,278.52,337.73,464.25,0.58,37.3968,won,2026-01-22,326.83,0.292,0.794,-0.69,2,stop_after_t1,replay
rep_20260123_LEU,2026-01-23,2026-05-30 02:57:53.77291,LEU,TREND_LEADER,C,replay,296.19,278.53,345.6,464.25,2.8,17.6616,lost,2026-01-27,278.53,-1.0,1.204,-1.2,4,stop,replay
rep_20260128_LEU,2026-01-28,2026-05-30 02:57:53.780338,LEU,TREND_LEADER,C,replay,337.76,266.92,345.6,464.25,0.11,70.8439,lost,2026-02-02,266.92,-1.0,0.028,-1.055,5,stop,replay
rep_20260202_LEU,2026-02-02,2026-05-30 02:57:53.787745,LEU,MEAN_REVERSION,C,replay,267.21,254.65,345.6,464.25,6.24,12.5628,lost,2026-02-04,254.65,-1.0,1.944,-2.922,2,stop,replay
rep_20260205_LEU,2026-02-05,2026-05-30 02:57:53.795197,LEU,MEAN_REVERSION,C,replay,242.09,222.13,345.6,464.25,5.19,19.9563,lost,2026-02-11,222.13,-1.0,1.743,-1.797,6,stop,replay
rep_20250902_LITE,2025-09-02,2026-05-30 02:57:53.830395,LITE,TREND_LEADER,C,replay,132.55,116.77,137.1,151.12,0.29,15.7827,won,2025-09-05,144.11,0.733,1.25,-0.1,3,t2,replay
rep_20250905_LITE,2025-09-05,2026-05-30 02:57:53.842163,LITE,TREND_LEADER,C,replay,149.46,134.22,152.27,174.1,0.18,15.2398,won,2025-09-25,150.87,0.092,1.57,-0.324,20,stop_after_t1,replay
rep_20250910_LITE,2025-09-10,2026-05-30 02:57:53.861909,LITE,TREND_LEADER,C,replay,164.88,147.84,167.96,198.94,0.18,17.0363,won,2025-09-12,166.42,0.09,0.183,-0.194,2,stop_after_t1,replay
rep_20250915_LITE,2025-09-15,2026-05-30 02:57:53.872199,LITE,TREND_LEADER,C,replay,168.77,150.8,171.48,204.94,0.15,17.9725,won,2025-09-17,170.12,0.075,0.173,-0.441,2,stop_after_t1,replay
rep_20250918_LITE,2025-09-18,2026-05-30 02:57:53.882377,LITE,TREND_LEADER,C,replay,171.5,152.54,173.38,206.41,0.1,18.9616,lost,2025-09-24,152.54,-1.0,0.053,-1.062,6,stop,replay
rep_20250923_LITE,2025-09-23,2026-05-30 02:57:53.892943,LITE,TREND_LEADER,C,replay,163.99,156.39,173.38,193.92,1.24,7.6,lost,2025-09-24,156.39,-1.0,-0.117,-1.661,1,stop,replay
rep_20250926_LITE,2025-09-26,2026-05-30 02:57:53.904449,LITE,TREND_LEADER,C,replay,160.75,142.41,173.38,189.78,0.69,18.3439,won,2025-10-03,167.06,0.344,0.967,-0.117,7,stop_after_t1,replay
rep_20251001_LITE,2025-10-01,2026-05-30 02:57:53.914682,LITE,TREND_LEADER,C,replay,171.4,150.56,173.6,195.21,0.11,20.8384,won,2025-10-03,172.5,0.053,0.34,-0.561,2,stop_after_t1,replay
rep_20251006_LITE,2025-10-06,2026-05-30 02:57:53.925424,LITE,TREND_LEADER,C,replay,160.6,142.1,178.49,193.0,0.97,18.4973,won,2025-10-27,185.75,1.359,2.503,-0.691,21,t2,replay
rep_20251022_LITE,2025-10-22,2026-05-30 02:57:53.935846,LITE,TREND_LEADER,C,replay,158.06,145.31,178.49,193.46,1.6,12.7453,won,2025-10-27,185.98,2.189,3.831,-0.052,5,t2,replay
rep_20251027_LITE,2025-10-27,2026-05-30 02:57:53.945764,LITE,TREND_LEADER,C,replay,193.8,165.16,206.91,229.26,0.46,28.6448,won,2025-11-04,200.36,0.229,0.723,-0.335,8,stop_after_t1,replay
rep_20251030_LITE,2025-10-30,2026-05-30 02:57:53.954998,LITE,TREND_LEADER,C,replay,200.13,168.22,214.5,240.14,0.45,31.9145,won,2025-11-05,227.32,0.852,1.272,-0.499,6,t2,replay
rep_20251104_LITE,2025-11-04,2026-05-30 02:57:53.964484,LITE,TREND_LEADER,C,replay,188.36,154.25,214.5,234.97,0.77,34.1091,won,2025-11-05,224.74,1.066,1.535,0.722,1,t2,replay
rep_20251107_LITE,2025-11-07,2026-05-30 02:57:53.975274,LITE,TREND_LEADER,C,replay,240.11,194.66,258.35,303.6,0.4,45.4502,won,2025-11-13,249.23,0.201,0.743,-0.435,6,stop_after_t1,replay
rep_20251112_LITE,2025-11-12,2026-05-30 02:57:53.985856,LITE,TREND_LEADER,C,replay,253.81,203.26,273.89,326.62,0.4,50.5539,won,2025-11-20,263.85,0.199,0.571,-0.761,8,stop_after_t1,replay
rep_20251117_LITE,2025-11-17,2026-05-30 02:57:54.252777,LITE,TREND_LEADER,C,replay,242.07,187.48,273.89,314.88,0.58,54.5897,won,2025-11-20,257.98,0.291,0.744,-0.229,3,stop_after_t1,replay
rep_20251120_LITE,2025-11-20,2026-05-30 02:57:54.261268,LITE,TREND_LEADER,C,replay,233.24,208.74,282.66,322.34,2.02,24.5035,won,2025-11-28,302.5,2.827,3.764,0.02,8,t2,replay
rep_20251125_LITE,2025-11-25,2026-05-30 02:57:54.269678,LITE,TREND_LEADER,C,replay,291.27,223.95,300.0,360.75,0.13,67.3227,won,2025-12-03,295.63,0.065,0.508,-0.181,8,stop_after_t1,replay
rep_20251201_LITE,2025-12-01,2026-05-30 02:57:54.277567,LITE,TREND_LEADER,C,replay,317.93,251.26,325.46,402.69,0.11,66.6723,won,2025-12-16,321.69,0.056,0.879,-0.441,15,stop_after_t1,replay
rep_20251204_LITE,2025-12-04,2026-05-30 02:57:54.28528,LITE,TREND_LEADER,C,replay,327.85,258.91,330.3,396.82,0.04,68.9437,won,2025-12-12,329.08,0.018,0.706,-0.124,8,stop_after_t1,replay
rep_20251209_LITE,2025-12-09,2026-05-30 02:57:54.29351,LITE,TREND_LEADER,C,replay,360.33,291.41,362.43,448.58,0.03,68.9162,won,2025-12-11,361.38,0.015,0.235,-0.179,2,stop_after_t1,replay
rep_20251212_LITE,2025-12-12,2026-05-30 02:57:54.303178,LITE,TREND_LEADER,C,replay,324.35,281.77,376.53,421.06,1.23,42.581,won,2026-01-12,350.44,0.613,1.842,-0.359,31,stop_after_t1,replay
rep_20251217_LITE,2025-12-17,2026-05-30 02:57:54.317208,LITE,TREND_LEADER,C,replay,320.25,299.7,376.53,414.33,2.74,20.5499,won,2026-01-16,348.39,1.369,4.017,-0.137,30,stop_after_t1,replay
rep_20251222_LITE,2025-12-22,2026-05-30 02:57:54.325786,LITE,TREND_LEADER,C,replay,389.88,325.03,441.76,480.66,0.8,64.8457,lost,2026-01-12,325.03,-1.0,0.199,-1.036,21,stop,replay
rep_20251226_LITE,2025-12-26,2026-05-30 02:57:54.334168,LITE,TREND_LEADER,C,replay,390.77,329.84,401.6,458.63,0.18,60.9261,won,2026-01-08,396.19,0.089,0.197,-0.849,13,stop_after_t1,replay
rep_20251231_LITE,2025-12-31,2026-05-30 02:57:54.342136,LITE,TREND_LEADER,C,replay,368.59,310.79,401.6,436.45,0.57,57.8,won,2026-01-08,385.1,0.286,0.592,-0.512,8,stop_after_t1,replay
rep_20260106_LITE,2026-01-06,2026-05-30 02:57:54.350427,LITE,TREND_LEADER,C,replay,397.42,334.57,401.6,452.94,0.07,62.8498,won,2026-01-08,399.51,0.033,0.086,-0.866,2,stop_after_t1,replay
rep_20260120_LITE,2026-01-20,2026-05-30 02:57:54.358157,LITE,TREND_LEADER,C,replay,356.83,309.09,402.8,452.88,0.96,47.7376,won,2026-02-03,427.84,1.487,2.245,-0.619,14,t2,replay
rep_20260128_LITE,2026-01-28,2026-05-30 02:57:54.366174,LITE,TREND_LEADER,C,replay,385.0,309.35,402.8,451.34,0.24,75.6515,won,2026-02-03,427.07,0.556,1.044,-0.275,6,t2,replay
rep_20260202_LITE,2026-02-02,2026-05-30 02:57:54.374072,LITE,TREND_LEADER,C,replay,423.42,334.79,448.0,501.76,0.28,88.6309,won,2026-02-04,474.88,0.581,0.916,0.012,2,t2,replay
rep_20260205_LITE,2026-02-05,2026-05-30 02:57:54.381634,LITE,TREND_LEADER,C,replay,504.42,395.96,507.55,618.49,0.03,108.4586,won,2026-02-19,563.02,0.54,1.219,0.082,14,t2,replay
rep_20260210_LITE,2026-02-10,2026-05-30 02:57:54.389359,LITE,TREND_LEADER,C,replay,561.13,444.12,599.5,730.37,0.33,117.0104,won,2026-02-13,580.32,0.164,0.365,-0.188,3,stop_after_t1,replay
rep_20260213_LITE,2026-02-13,2026-05-30 02:57:54.397107,LITE,TREND_LEADER,C,replay,562.74,435.88,603.83,734.57,0.32,126.8589,won,2026-02-25,669.2,0.839,1.594,-0.274,12,t2,replay
rep_20260219_LITE,2026-02-19,2026-05-30 02:57:54.404922,LITE,TREND_LEADER,C,replay,635.64,496.2,747.19,830.86,0.8,139.4393,won,2026-03-05,691.41,0.4,1.063,-0.154,14,stop_after_t1,replay
rep_20260224_LITE,2026-02-24,2026-05-30 02:57:54.413155,LITE,TREND_LEADER,C,replay,688.27,556.97,698.5,903.37,0.08,131.3,won,2026-02-26,693.38,0.039,0.584,-0.2,2,stop_after_t1,replay
rep_20260227_LITE,2026-02-27,2026-05-30 02:57:54.420968,LITE,TREND_LEADER,C,replay,700.91,573.9,765.0,929.31,0.5,127.0125,won,2026-03-03,732.95,0.252,0.653,-0.156,4,stop_after_t1,replay
rep_20260304_LITE,2026-03-04,2026-05-30 02:57:54.428494,LITE,TREND_LEADER,C,replay,680.8,563.23,783.8,896.07,0.88,117.565,lost,2026-03-06,563.23,-1.0,0.008,-1.127,2,stop,replay
rep_20260309_LITE,2026-03-09,2026-05-30 02:57:54.436115,LITE,TREND_LEADER,C,replay,640.69,531.85,783.8,882.16,1.31,108.8439,won,2026-04-07,799.77,1.462,1.803,-0.615,29,timeout_after_t1,replay
rep_20260312_LITE,2026-03-12,2026-05-30 02:57:54.444134,LITE,TREND_LEADER,C,replay,616.09,531.03,783.8,887.04,1.97,85.057,won,2026-04-08,835.42,2.579,3.353,-0.498,27,t2,replay
rep_20260317_LITE,2026-03-17,2026-05-30 02:57:54.452184,LITE,TREND_LEADER,C,replay,649.56,530.3,783.8,891.46,1.13,119.2641,won,2026-03-30,716.68,0.563,1.335,-0.06,13,stop_after_t1,replay
rep_20260320_LITE,2026-03-20,2026-05-30 02:57:54.459767,LITE,TREND_LEADER,C,replay,706.35,553.77,787.45,906.78,0.53,152.5789,won,2026-03-26,746.9,0.266,0.671,-0.123,6,stop_after_t1,replay
rep_20260325_LITE,2026-03-25,2026-05-30 02:57:54.46736,LITE,TREND_LEADER,C,replay,777.17,593.02,808.8,933.51,0.17,184.1536,won,2026-04-06,792.98,0.086,0.324,-0.732,12,stop_after_t1,replay
rep_20260402_LITE,2026-04-02,2026-05-30 02:57:54.474717,LITE,TREND_LEADER,C,replay,826.88,625.08,988.32,1109.4,0.8,201.8016,won,2026-05-01,949.93,0.61,0.784,-0.297,29,timeout,replay
rep_20260408_LITE,2026-04-08,2026-05-30 02:57:54.482086,LITE,TREND_LEADER,C,replay,896.02,703.83,901.3,1092.56,0.03,192.1909,won,2026-04-10,898.66,0.014,0.333,-0.172,2,stop_after_t1,replay
rep_20260413_LITE,2026-04-13,2026-05-30 02:57:54.489656,LITE,TREND_LEADER,C,replay,871.18,687.84,960.0,1102.94,0.48,183.3391,won,2026-05-07,915.59,0.242,0.817,-0.495,24,stop_after_t1,replay
rep_20260416_LITE,2026-04-16,2026-05-30 02:57:54.497231,LITE,TREND_LEADER,C,replay,891.22,707.75,960.0,1081.8,0.37,183.473,won,2026-05-07,925.61,0.187,0.707,-0.604,21,stop_after_t1,replay
rep_20260421_LITE,2026-04-21,2026-05-30 02:57:54.504752,LITE,TREND_LEADER,C,replay,836.92,782.32,960.0,1069.43,2.25,54.5991,lost,2026-04-28,782.32,-1.0,1.084,-1.034,7,stop,replay
rep_20260424_LITE,2026-04-24,2026-05-30 02:57:54.512626,LITE,TREND_LEADER,C,replay,881.64,784.08,960.0,1072.22,0.8,97.5571,lost,2026-04-28,784.08,-1.0,-0.141,-1.037,4,stop,replay
rep_20260429_LITE,2026-04-29,2026-05-30 02:57:54.520277,LITE,TREND_LEADER,C,replay,858.32,763.55,960.0,1061.56,1.07,94.7667,won,2026-05-07,909.16,0.536,1.717,-0.039,8,stop_after_t1,replay
rep_20260504_LITE,2026-05-04,2026-05-30 02:57:54.52799,LITE,TREND_LEADER,C,replay,976.18,806.81,1004.94,1117.14,0.17,169.3741,won,2026-05-06,990.56,0.085,0.265,-0.438,2,stop_after_t1,replay
rep_20250905_LRCX,2025-09-05,2026-05-30 02:57:54.571903,LRCX,TREND_LEADER,C,replay,102.95,95.49,108.02,112.49,0.68,7.4554,won,2025-09-11,110.25,0.979,1.736,0.202,6,t2,replay
rep_20250910_LRCX,2025-09-10,2026-05-30 02:57:54.58121,LRCX,TREND_LEADER,C,replay,107.36,99.83,108.02,115.71,0.09,7.5304,won,2025-09-11,111.86,0.598,1.134,0.124,1,t2,replay
rep_20250915_LRCX,2025-09-15,2026-05-30 02:57:54.588971,LRCX,TREND_LEADER,C,replay,119.21,110.94,125.82,134.34,0.8,8.2679,won,2025-10-01,130.08,1.314,2.888,-0.065,16,t2,replay
rep_20250918_LRCX,2025-09-18,2026-05-30 02:57:54.596875,LRCX,TREND_LEADER,C,replay,126.32,116.87,128.7,147.07,0.25,9.4518,won,2025-09-25,127.51,0.126,0.767,-0.14,7,stop_after_t1,replay
rep_20250923_LRCX,2025-09-23,2026-05-30 02:57:54.604457,LRCX,TREND_LEADER,C,replay,131.93,122.48,133.57,155.61,0.17,9.4482,won,2025-10-10,132.75,0.087,2.304,-0.731,17,stop_after_t1,replay
rep_20250926_LRCX,2025-09-26,2026-05-30 02:57:54.614086,LRCX,TREND_LEADER,C,replay,128.33,118.64,133.57,152.01,0.54,9.6946,won,2025-10-06,142.79,1.492,2.618,0.256,10,t2,replay
rep_20251001_LRCX,2025-10-01,2026-05-30 02:57:54.625059,LRCX,TREND_LEADER,C,replay,142.79,131.93,151.48,170.35,0.8,10.8571,won,2025-10-07,147.13,0.4,1.005,-0.303,6,stop_after_t1,replay
rep_20251006_LRCX,2025-10-06,2026-05-30 02:57:54.63729,LRCX,TREND_LEADER,C,replay,149.15,136.66,153.7,178.69,0.36,12.4946,lost,2025-10-10,136.66,-1.0,0.017,-1.452,4,stop,replay
rep_20251009_LRCX,2025-10-09,2026-05-30 02:57:54.648632,LRCX,TREND_LEADER,C,replay,141.0,127.78,153.7,163.69,0.96,13.2161,won,2025-10-30,158.69,1.339,1.832,-0.755,21,t2,replay
rep_20251014_LRCX,2025-10-14,2026-05-30 02:57:54.665077,LRCX,TREND_LEADER,C,replay,138.31,129.51,153.7,162.74,1.75,8.7966,won,2025-10-29,158.22,2.262,2.816,-0.165,15,t2,replay
rep_20251017_LRCX,2025-10-17,2026-05-30 02:57:54.674867,LRCX,TREND_LEADER,C,replay,141.51,129.42,153.7,163.33,1.01,12.0946,won,2025-10-30,158.52,1.407,1.961,-0.385,13,t2,replay
rep_20251022_LRCX,2025-10-22,2026-05-30 02:57:54.68501,LRCX,TREND_LEADER,C,replay,141.25,129.46,153.7,163.08,1.06,11.7939,won,2025-10-29,158.39,1.454,1.852,-0.329,7,t2,replay
rep_20251027_LRCX,2025-10-27,2026-05-30 02:57:54.696071,LRCX,TREND_LEADER,C,replay,156.9,140.86,158.25,173.36,0.08,16.0446,won,2025-10-31,157.57,0.042,0.519,-0.163,4,stop_after_t1,replay
rep_20251030_LRCX,2025-10-30,2026-05-30 02:57:54.706067,LRCX,TREND_LEADER,C,replay,161.01,145.56,165.22,181.53,0.27,15.4518,won,2025-11-06,163.12,0.136,0.383,-0.379,7,stop_after_t1,replay
rep_20251104_LRCX,2025-11-04,2026-05-30 02:57:54.716939,LRCX,TREND_LEADER,C,replay,155.78,140.86,165.22,176.3,0.63,14.9161,won,2025-11-07,160.5,0.316,0.747,-0.173,3,stop_after_t1,replay
rep_20251107_LRCX,2025-11-07,2026-05-30 02:57:54.728165,LRCX,TREND_LEADER,C,replay,159.35,151.53,166.92,179.08,0.97,7.8227,won,2025-11-11,163.13,0.484,0.997,-0.21,4,stop_after_t1,replay
rep_20251112_LRCX,2025-11-12,2026-05-30 02:57:54.740175,LRCX,TREND_LEADER,C,replay,161.42,151.58,167.15,179.59,0.58,9.8425,lost,2025-11-14,151.58,-1.0,-0.113,-1.631,2,stop,replay
rep_20251117_LRCX,2025-11-17,2026-05-30 02:57:54.752224,LRCX,TREND_LEADER,C,replay,147.46,143.56,167.15,178.03,5.05,3.9027,lost,2025-11-18,143.56,-1.0,-0.005,-1.272,1,stop,replay
rep_20251120_LRCX,2025-11-20,2026-05-30 02:57:54.762241,LRCX,MEAN_REVERSION,C,replay,139.59,136.34,167.15,178.92,8.48,3.2516,lost,2025-11-21,136.34,-1.0,1.483,-1.258,1,stop,replay
rep_20251212_LRCX,2025-12-12,2026-05-30 02:57:54.773463,LRCX,TREND_LEADER,C,replay,160.52,151.62,169.69,181.03,1.03,8.9002,won,2026-01-02,175.36,1.667,2.838,-0.778,21,t2,replay
rep_20251217_LRCX,2025-12-17,2026-05-30 02:57:54.784364,LRCX,TREND_LEADER,C,replay,154.98,152.06,169.69,178.92,5.04,2.9177,won,2025-12-26,174.31,6.618,8.5,2.404,9,t2,replay
rep_20251222_LRCX,2025-12-22,2026-05-30 02:57:54.795029,LRCX,TREND_LEADER,C,replay,175.26,157.01,189.86,200.81,0.8,18.25,won,2026-01-06,195.34,1.1,1.928,-0.247,15,t2,replay
rep_20251226_LRCX,2025-12-26,2026-05-30 02:57:54.805281,LRCX,TREND_LEADER,C,replay,178.07,161.31,179.8,194.06,0.1,16.7571,won,2026-01-05,186.93,0.529,1.211,-0.436,10,t2,replay
rep_20251231_LRCX,2025-12-31,2026-05-30 02:57:54.815696,LRCX,TREND_LEADER,C,replay,171.18,155.54,179.8,189.18,0.55,15.6357,won,2026-01-05,184.49,0.851,1.738,0.404,5,t2,replay
rep_20260106_LRCX,2026-01-06,2026-05-30 02:57:54.827083,LRCX,TREND_LEADER,C,replay,206.96,187.97,210.45,241.07,0.18,18.9911,won,2026-01-14,208.7,0.092,0.823,-0.628,8,stop_after_t1,replay
rep_20260109_LRCX,2026-01-09,2026-05-30 02:57:54.838344,LRCX,TREND_LEADER,C,replay,218.36,198.59,219.59,257.95,0.06,19.7661,won,2026-01-13,218.98,0.031,0.213,-0.251,4,stop_after_t1,replay
rep_20260114_LRCX,2026-01-14,2026-05-30 02:57:54.849239,LRCX,TREND_LEADER,C,replay,208.79,187.86,222.58,250.18,0.66,20.925,won,2026-01-29,236.38,1.318,2.035,0.243,15,t2,replay
rep_20260120_LRCX,2026-01-20,2026-05-30 02:57:54.875874,LRCX,TREND_LEADER,C,replay,222.41,196.45,229.57,260.5,0.28,25.9589,won,2026-01-22,225.99,0.138,0.527,-0.102,2,stop_after_t1,replay
rep_20260123_LRCX,2026-01-23,2026-05-30 02:57:54.88741,LRCX,TREND_LEADER,C,replay,217.94,199.85,236.1,257.14,1.0,18.0936,won,2026-02-04,227.02,0.502,1.876,-0.709,12,stop_after_t1,replay
rep_20260128_LRCX,2026-01-28,2026-05-30 02:57:54.897376,LRCX,TREND_LEADER,C,replay,239.58,211.42,243.99,283.52,0.16,28.1554,won,2026-01-30,241.79,0.078,0.436,-0.269,2,stop_after_t1,replay
rep_20260202_LRCX,2026-02-02,2026-05-30 02:57:54.909529,LRCX,TREND_LEADER,C,replay,237.5,210.85,251.87,274.55,0.54,26.645,lost,2026-02-04,210.85,-1.0,0.342,-1.215,2,stop,replay
rep_20260205_LRCX,2026-02-05,2026-05-30 02:57:54.920719,LRCX,TREND_LEADER,C,replay,213.31,201.17,251.87,272.24,3.18,12.1352,won,2026-03-05,232.59,1.588,3.572,-0.427,28,stop_after_t1,replay
rep_20260210_LRCX,2026-02-10,2026-05-30 02:57:54.930343,LRCX,TREND_LEADER,C,replay,226.61,201.05,251.87,273.0,0.99,25.5625,won,2026-03-03,239.24,0.494,1.176,-0.423,21,stop_after_t1,replay
rep_20260213_LRCX,2026-02-13,2026-05-30 02:57:54.941021,LRCX,TREND_LEADER,C,replay,235.53,201.06,251.87,272.92,0.47,34.4689,won,2026-02-26,243.7,0.237,0.614,-0.193,13,stop_after_t1,replay
rep_20260219_LRCX,2026-02-19,2026-05-30 02:57:54.949299,LRCX,TREND_LEADER,C,replay,237.39,203.9,251.87,271.97,0.43,33.4946,won,2026-02-26,244.63,0.216,0.576,-0.2,7,stop_after_t1,replay
rep_20260224_LRCX,2026-02-24,2026-05-30 02:57:54.957293,LRCX,TREND_LEADER,C,replay,244.25,217.27,251.87,272.63,0.28,26.9752,won,2026-02-26,248.06,0.141,0.461,-0.502,2,stop_after_t1,replay
rep_20260408_LRCX,2026-04-08,2026-05-30 02:57:54.966042,LRCX,TREND_LEADER,C,replay,246.49,211.73,249.19,281.34,0.08,34.7589,won,2026-04-28,247.84,0.039,0.844,-0.099,20,stop_after_t1,replay
rep_20260413_LRCX,2026-04-13,2026-05-30 02:57:55.262371,LRCX,TREND_LEADER,C,replay,267.32,235.9,292.45,311.3,0.8,31.4178,won,2026-05-11,294.25,0.857,1.04,-0.819,28,timeout_after_t1,replay
rep_20260416_LRCX,2026-04-16,2026-05-30 02:57:55.271897,LRCX,TREND_LEADER,C,replay,260.96,231.71,273.5,305.9,0.43,29.2464,won,2026-04-27,267.23,0.214,0.509,-0.263,11,stop_after_t1,replay
rep_20260421_LRCX,2026-04-21,2026-05-30 02:57:55.28217,LRCX,TREND_LEADER,C,replay,258.37,238.88,273.5,303.31,0.78,19.4868,won,2026-04-27,265.94,0.388,0.896,-0.261,6,stop_after_t1,replay
rep_20260424_LRCX,2026-04-24,2026-05-30 02:57:55.292542,LRCX,TREND_LEADER,C,replay,267.78,250.4,275.84,314.12,0.46,17.3832,lost,2026-04-28,250.4,-1.0,0.06,-1.423,4,stop,replay
rep_20260429_LRCX,2026-04-29,2026-05-30 02:57:55.303423,LRCX,TREND_LEADER,C,replay,248.75,238.79,275.84,292.71,2.72,9.9612,won,2026-05-06,284.27,3.567,4.932,-0.009,7,t2,replay
rep_20260504_LRCX,2026-05-04,2026-05-30 02:57:55.313225,LRCX,TREND_LEADER,C,replay,258.57,238.72,275.84,294.17,0.87,19.8457,won,2026-05-06,285.0,1.332,1.98,0.407,2,t2,replay
rep_20250902_MDB,2025-09-02,2026-05-30 02:57:55.348176,MDB,TREND_LEADER,C,replay,318.29,277.45,323.58,393.36,0.13,40.8371,won,2025-09-17,320.94,0.065,0.65,-0.301,15,stop_after_t1,replay
rep_20250905_MDB,2025-09-05,2026-05-30 02:57:55.358456,MDB,TREND_LEADER,C,replay,324.74,281.22,331.04,404.28,0.14,43.5211,won,2025-09-17,327.89,0.072,0.462,-0.419,12,stop_after_t1,replay
rep_20250910_MDB,2025-09-10,2026-05-30 02:57:55.368184,MDB,TREND_LEADER,C,replay,334.87,292.13,344.85,420.55,0.23,42.7429,lost,2025-10-08,326.78,-0.189,0.221,-0.665,28,timeout,replay
rep_20250915_MDB,2025-09-15,2026-05-30 02:57:55.376005,MDB,TREND_LEADER,C,replay,333.97,301.6,344.85,416.73,0.34,32.3678,lost,2025-10-13,319.21,-0.456,0.123,-0.851,28,timeout,replay
rep_20250918_MDB,2025-09-18,2026-05-30 02:57:55.384064,MDB,TREND_LEADER,C,replay,316.3,303.41,344.85,399.06,2.21,12.8937,lost,2025-10-16,314.35,-0.151,1.68,-0.765,28,timeout,replay
rep_20250923_MDB,2025-09-23,2026-05-30 02:57:55.391624,MDB,TREND_LEADER,C,replay,318.96,303.73,344.85,398.48,1.7,15.2335,won,2025-10-21,325.76,0.446,1.247,-0.822,28,timeout,replay
rep_20251022_MDB,2025-10-22,2026-05-30 02:57:55.400049,MDB,TREND_LEADER,C,replay,325.1,304.09,337.95,370.0,0.61,21.0105,won,2025-11-03,353.97,1.374,2.872,-0.195,12,t2,replay
rep_20251027_MDB,2025-10-27,2026-05-30 02:57:55.408422,MDB,TREND_LEADER,C,replay,340.17,309.72,346.86,370.0,0.22,30.4525,won,2025-11-03,358.43,0.6,1.487,-0.334,7,t2,replay
rep_20251030_MDB,2025-10-30,2026-05-30 02:57:55.41719,MDB,TREND_LEADER,C,replay,347.54,318.07,355.49,376.51,0.27,29.4689,won,2025-11-03,366.0,0.626,1.286,0.07,4,t2,replay
rep_20251104_MDB,2025-11-04,2026-05-30 02:57:55.424738,MDB,TREND_LEADER,C,replay,355.84,320.16,385.44,406.85,0.83,35.6761,lost,2025-11-21,320.16,-1.0,0.617,-1.287,17,stop,replay
rep_20251107_MDB,2025-11-07,2026-05-30 02:57:55.432442,MDB,TREND_LEADER,C,replay,361.04,326.23,385.44,408.06,0.7,34.8096,lost,2025-11-20,326.23,-1.0,0.483,-1.002,13,stop,replay
rep_20251112_MDB,2025-11-12,2026-05-30 02:57:55.441422,MDB,TREND_LEADER,C,replay,365.38,333.0,385.44,410.46,0.62,32.38,lost,2025-11-18,333.0,-1.0,-0.074,-1.061,6,stop,replay
rep_20251117_MDB,2025-11-17,2026-05-30 02:57:55.45016,MDB,TREND_LEADER,C,replay,339.6,329.26,385.44,411.71,4.43,10.3391,lost,2025-11-20,329.26,-1.0,1.324,-1.299,3,stop,replay
rep_20251120_MDB,2025-11-20,2026-05-30 02:57:55.458526,MDB,PULLBACK,A,replay,329.09,321.77,385.44,411.86,7.69,7.3234,lost,2025-11-21,321.77,-1.0,-0.016,-2.617,1,stop,replay
rep_20251125_MDB,2025-11-25,2026-05-30 02:57:55.465979,MDB,PULLBACK,B,replay,331.75,305.85,385.44,409.96,2.07,25.9025,won,2025-12-02,397.7,2.546,3.388,-0.405,7,t2,replay
rep_20251204_MDB,2025-12-04,2026-05-30 02:57:55.473792,MDB,TREND_LEADER,C,replay,396.73,346.64,419.5,462.47,0.45,50.0921,won,2026-01-02,408.12,0.227,0.877,-0.084,29,stop_after_t1,replay
rep_20251209_MDB,2025-12-09,2026-05-30 02:57:55.481233,MDB,TREND_LEADER,C,replay,414.06,365.53,424.64,482.88,0.22,48.5296,won,2025-12-12,419.35,0.109,0.381,-0.057,3,stop_after_t1,replay
rep_20251212_MDB,2025-12-12,2026-05-30 02:57:55.488535,MDB,TREND_LEADER,C,replay,419.0,373.08,432.55,492.57,0.3,45.9248,won,2025-12-31,425.77,0.148,0.472,-0.24,19,stop_after_t1,replay
rep_20251217_MDB,2025-12-17,2026-05-30 02:57:55.499201,MDB,TREND_LEADER,C,replay,412.35,388.71,432.55,485.92,0.85,23.6421,won,2026-01-02,422.45,0.427,1.198,-0.84,16,stop_after_t1,replay
rep_20251222_MDB,2025-12-22,2026-05-30 02:57:55.509014,MDB,TREND_LEADER,C,replay,439.68,405.87,466.73,511.33,0.8,33.8086,lost,2026-01-02,405.87,-1.0,-0.0,-1.395,11,stop,replay
rep_20251226_MDB,2025-12-26,2026-05-30 02:57:55.518266,MDB,BREAKOUT,A,replay,435.85,407.35,440.67,507.5,0.17,28.5014,lost,2026-01-02,407.35,-1.0,-0.03,-1.521,7,stop,replay
rep_20251231_MDB,2025-12-31,2026-05-30 02:57:55.526042,MDB,VCP,B,replay,419.69,409.1,440.67,456.66,1.98,10.5946,lost,2026-01-02,409.1,-1.0,0.36,-2.568,2,stop,replay
rep_20260106_MDB,2026-01-06,2026-05-30 02:57:55.53367,MDB,TREND_LEADER,C,replay,435.86,402.34,440.67,464.76,0.14,33.5232,won,2026-01-08,438.26,0.072,0.264,-0.725,2,stop_after_t1,replay
rep_20260114_MDB,2026-01-14,2026-05-30 02:57:55.541158,MDB,MEAN_REVERSION,B,replay,386.89,381.45,444.72,468.71,10.63,5.4385,lost,2026-01-20,381.45,-1.0,4.932,-1.221,6,stop,replay
rep_20260205_MDB,2026-02-05,2026-05-30 02:57:55.549163,MDB,MEAN_REVERSION,B,replay,326.5,313.46,444.0,476.76,9.01,13.0403,lost,2026-02-23,313.46,-1.0,4.716,-2.186,18,stop,replay
rep_20250918_META,2025-09-18,2026-05-30 02:57:55.584506,META,TREND_LEADER,C,replay,780.25,742.23,788.78,824.96,0.22,38.0161,won,2025-09-22,784.51,0.112,0.277,-0.415,4,stop_after_t1,replay
rep_20251001_META,2025-10-01,2026-05-30 02:57:55.59385,META,MEAN_REVERSION,B,replay,717.34,705.92,790.8,816.46,6.43,11.4173,lost,2025-10-06,705.92,-1.0,1.196,-2.349,5,stop,replay
rep_20260202_META,2026-02-02,2026-05-30 02:57:55.603136,META,TREND_LEADER,C,replay,706.41,649.36,744.0,796.25,0.66,57.0536,lost,2026-02-06,649.36,-1.0,0.186,-1.05,4,stop,replay
rep_20250926_MRVL,2025-09-26,2026-05-30 02:57:55.644606,MRVL,TREND_LEADER,C,replay,83.17,75.36,84.46,127.48,0.17,7.8107,won,2025-09-30,83.81,0.083,0.246,-0.227,4,stop_after_t1,replay
rep_20251001_MRVL,2025-10-01,2026-05-30 02:57:55.653316,MRVL,TREND_LEADER,C,replay,83.89,75.61,85.09,127.48,0.14,8.2804,won,2025-10-21,84.49,0.072,1.301,-0.095,20,stop_after_t1,replay
rep_20251006_MRVL,2025-10-06,2026-05-30 02:57:55.661281,MRVL,TREND_LEADER,C,replay,88.92,79.85,90.25,127.48,0.15,9.0714,won,2025-10-08,89.59,0.073,0.413,-0.319,2,stop_after_t1,replay
rep_20251009_MRVL,2025-10-09,2026-05-30 02:57:55.669335,MRVL,TREND_LEADER,C,replay,90.68,81.15,92.67,127.48,0.21,9.5304,won,2025-10-13,91.67,0.104,0.418,-0.558,4,stop_after_t1,replay
rep_20251014_MRVL,2025-10-14,2026-05-30 02:57:55.677411,MRVL,TREND_LEADER,C,replay,86.22,80.3,94.66,127.48,1.42,5.9232,lost,2025-10-22,80.3,-1.0,0.841,-1.209,8,stop,replay
rep_20251017_MRVL,2025-10-17,2026-05-30 02:57:55.685367,MRVL,TREND_LEADER,C,replay,87.95,84.32,94.66,127.48,1.85,3.627,lost,2025-10-21,84.32,-1.0,0.212,-1.336,4,stop,replay
rep_20251022_MRVL,2025-10-22,2026-05-30 02:57:55.693169,MRVL,TREND_LEADER,C,replay,81.05,78.02,94.66,127.48,4.49,3.0343,won,2025-11-18,87.85,2.246,5.637,-0.861,27,stop_after_t1,replay
rep_20251027_MRVL,2025-10-27,2026-05-30 02:57:55.701048,MRVL,TREND_LEADER,C,replay,88.71,78.23,94.66,127.48,0.57,10.475,won,2025-11-04,91.69,0.284,0.845,-0.142,8,stop_after_t1,replay
rep_20251030_MRVL,2025-10-30,2026-05-30 02:57:55.708825,MRVL,TREND_LEADER,C,replay,88.57,79.84,94.66,127.48,0.7,8.7268,won,2025-11-04,91.61,0.349,1.031,-0.155,5,stop_after_t1,replay
rep_20251107_MRVL,2025-11-07,2026-05-30 02:57:55.716866,MRVL,TREND_LEADER,C,replay,90.92,83.93,98.13,127.48,1.03,6.9852,lost,2025-11-14,83.93,-1.0,0.508,-1.086,7,stop,replay
rep_20251120_MRVL,2025-11-20,2026-05-30 02:57:55.725016,MRVL,MEAN_REVERSION,B,replay,76.68,74.76,98.13,127.48,11.15,1.9245,lost,2025-11-21,74.76,-1.0,1.167,-1.594,1,stop,replay
rep_20251204_MRVL,2025-12-04,2026-05-30 02:57:55.733315,MRVL,TREND_LEADER,C,replay,98.19,84.67,102.77,127.48,0.34,13.5214,lost,2025-12-12,84.67,-1.0,0.329,-1.058,8,stop,replay
rep_20251222_MRVL,2025-12-22,2026-05-30 02:57:55.741409,MRVL,PULLBACK,B,replay,84.8,79.96,102.77,127.48,3.72,4.8352,lost,2026-01-14,79.96,-1.0,1.942,-1.143,23,stop,replay
rep_20251231_MRVL,2025-12-31,2026-05-30 02:57:55.749516,MRVL,VCP,B,replay,84.98,80.41,102.77,127.48,3.89,4.5709,lost,2026-01-14,80.41,-1.0,2.018,-1.249,14,stop,replay
rep_20260309_MRVL,2026-03-09,2026-05-30 02:57:55.758377,MRVL,TREND_LEADER,C,replay,92.65,81.08,93.4,104.03,0.06,11.5679,won,2026-03-11,93.03,0.032,0.207,-0.213,2,stop_after_t1,replay
rep_20260312_MRVL,2026-03-12,2026-05-30 02:57:55.766175,MRVL,TREND_LEADER,C,replay,87.67,75.26,95.05,102.77,0.59,12.4125,won,2026-03-30,91.36,0.297,1.046,-0.205,18,stop_after_t1,replay
rep_20260317_MRVL,2026-03-17,2026-05-30 02:57:55.774416,MRVL,TREND_LEADER,C,replay,90.79,77.9,95.05,102.79,0.33,12.8946,won,2026-03-30,92.92,0.165,0.765,-0.439,13,stop_after_t1,replay
rep_20260320_MRVL,2026-03-20,2026-05-30 02:57:55.782434,MRVL,TREND_LEADER,C,replay,87.91,82.88,95.05,102.97,1.42,5.0307,won,2026-03-30,91.48,0.71,2.533,-0.258,10,stop_after_t1,replay
rep_20260325_MRVL,2026-03-25,2026-05-30 02:57:55.790087,MRVL,TREND_LEADER,C,replay,98.45,84.7,102.77,112.6,0.31,13.7464,won,2026-04-08,107.69,0.672,1.252,-0.861,14,t2,replay
rep_20260330_MRVL,2026-03-30,2026-05-30 02:57:55.797484,MRVL,TREND_LEADER,C,replay,87.81,83.94,100.65,107.79,3.32,3.8702,won,2026-04-01,104.22,4.24,5.176,1.354,2,t2,replay
rep_20260402_MRVL,2026-04-02,2026-05-30 02:57:55.805468,MRVL,TREND_LEADER,C,replay,107.11,92.51,107.84,121.77,0.05,14.5964,won,2026-04-07,107.47,0.025,0.327,-0.076,5,stop_after_t1,replay
rep_20260408_MRVL,2026-04-08,2026-05-30 02:57:55.813106,MRVL,TREND_LEADER,C,replay,114.45,99.2,115.66,132.77,0.08,15.2518,won,2026-04-13,124.22,0.64,1.23,0.222,5,t2,replay
rep_20260413_MRVL,2026-04-13,2026-05-30 02:57:55.820515,MRVL,TREND_LEADER,C,replay,131.3,114.26,133.2,160.14,0.11,17.0446,won,2026-04-16,132.25,0.056,0.404,-0.169,3,stop_after_t1,replay
rep_20260416_MRVL,2026-04-16,2026-05-30 02:57:55.828353,MRVL,TREND_LEADER,C,replay,133.37,115.54,138.19,165.21,0.27,17.8286,won,2026-04-23,151.7,1.028,1.934,-0.012,7,t2,replay
rep_20260421_MRVL,2026-04-21,2026-05-30 02:57:55.835765,MRVL,TREND_LEADER,C,replay,151.31,134.22,154.95,192.31,0.21,17.0929,won,2026-04-27,153.13,0.106,1.143,-0.013,6,stop_after_t1,replay
rep_20260424_MRVL,2026-04-24,2026-05-30 02:57:55.843763,MRVL,TREND_LEADER,C,replay,164.31,145.49,170.84,214.85,0.35,18.8179,won,2026-05-07,167.58,0.173,0.611,-0.928,13,stop_after_t1,replay
rep_20260429_MRVL,2026-04-29,2026-05-30 02:57:55.851825,MRVL,TREND_LEADER,C,replay,156.57,135.5,170.84,198.78,0.68,21.0661,won,2026-05-26,184.81,1.34,2.889,-0.01,27,t2,replay
rep_20260504_MRVL,2026-05-04,2026-05-30 02:57:55.859505,MRVL,TREND_LEADER,C,replay,163.66,144.74,170.84,202.55,0.38,18.9212,won,2026-05-07,167.25,0.19,0.642,-0.27,3,stop_after_t1,replay
rep_20251006_MSFT,2025-10-06,2026-05-30 02:57:55.901834,MSFT,TREND_LEADER,C,replay,528.57,509.35,555.45,566.99,1.4,19.225,lost,2025-10-14,509.35,-1.0,0.064,-1.174,8,stop,replay
rep_20251009_MSFT,2025-10-09,2026-05-30 02:57:55.910297,MSFT,TREND_LEADER,C,replay,522.4,504.73,531.03,555.45,0.49,17.6677,won,2025-10-30,526.71,0.244,1.772,-0.928,21,stop_after_t1,replay
rep_20251014_MSFT,2025-10-14,2026-05-30 02:57:55.919232,MSFT,TREND_LEADER,C,replay,513.57,503.93,531.03,555.45,1.81,9.6443,won,2025-11-04,522.3,0.906,4.165,-0.649,21,stop_after_t1,replay
rep_20251022_MSFT,2025-10-22,2026-05-30 02:57:55.927056,MSFT,TREND_LEADER,C,replay,520.54,504.03,531.03,555.45,0.64,16.5059,won,2025-10-31,525.78,0.318,2.01,-0.329,9,stop_after_t1,replay
rep_20251027_MSFT,2025-10-27,2026-05-30 02:57:55.934655,MSFT,TREND_LEADER,C,replay,531.52,513.01,534.58,555.45,0.17,18.5107,won,2025-10-30,533.05,0.083,1.199,-0.508,3,stop_after_t1,replay
rep_20251030_MSFT,2025-10-30,2026-05-30 02:57:55.942749,MSFT,TREND_LEADER,C,replay,525.76,505.0,553.72,567.6,1.35,20.7638,lost,2025-11-06,505.0,-1.0,0.171,-1.443,7,stop,replay
rep_20251226_MSFT,2025-12-26,2026-05-30 02:57:55.951795,MSFT,VCP,A,replay,487.71,469.55,493.5,555.45,0.32,18.1554,lost,2026-01-05,469.55,-1.0,0.108,-1.003,10,stop,replay
rep_20251231_MSFT,2025-12-31,2026-05-30 02:57:55.959975,MSFT,VCP,A,replay,483.62,473.48,492.3,555.45,0.86,10.1407,lost,2026-01-02,473.48,-1.0,0.103,-1.327,2,stop,replay
rep_20250902_MU,2025-09-02,2026-05-30 02:57:56.002641,MU,PULLBACK,B,replay,118.48,112.42,128.6,134.83,1.67,6.0579,won,2025-09-09,131.72,2.184,3.221,-0.195,7,t2,replay
rep_20250905_MU,2025-09-05,2026-05-30 02:57:56.249548,MU,TREND_LEADER,C,replay,131.37,121.03,139.64,145.85,0.8,10.3411,won,2025-09-11,142.75,1.1,2.407,-0.287,6,t2,replay
rep_20250910_MU,2025-09-10,2026-05-30 02:57:56.260326,MU,TREND_LEADER,C,replay,140.0,129.15,142.24,157.27,0.21,10.8518,won,2025-09-12,149.75,0.899,1.685,0.701,2,t2,replay
rep_20250915_MU,2025-09-15,2026-05-30 02:57:56.269475,MU,TREND_LEADER,C,replay,157.77,143.57,160.34,185.9,0.18,14.2,won,2025-09-25,159.06,0.09,0.893,-0.22,10,stop_after_t1,replay
rep_20250918_MU,2025-09-18,2026-05-30 02:57:56.277825,MU,TREND_LEADER,C,replay,168.89,153.17,170.45,202.61,0.1,15.7214,won,2025-10-16,186.53,1.122,2.382,-0.906,28,t2,replay
rep_20250923_MU,2025-09-23,2026-05-30 02:57:56.286454,MU,TREND_LEADER,C,replay,166.41,149.27,170.45,200.13,0.24,17.1393,won,2025-10-06,185.29,1.102,2.018,-0.686,13,t2,replay
rep_20250926_MU,2025-09-26,2026-05-30 02:57:56.294428,MU,TREND_LEADER,C,replay,157.27,152.9,170.45,190.99,3.02,4.3689,won,2025-10-03,180.72,5.366,7.913,0.618,7,t2,replay
rep_20251001_MU,2025-10-01,2026-05-30 02:57:56.303189,MU,TREND_LEADER,C,replay,182.15,164.54,196.24,220.47,0.8,17.6089,won,2025-10-10,189.19,0.4,1.07,-0.144,9,stop_after_t1,replay
rep_20251006_MU,2025-10-06,2026-05-30 02:57:56.311572,MU,TREND_LEADER,C,replay,190.96,171.15,201.0,232.62,0.51,19.8143,won,2025-11-03,216.81,1.305,2.355,-0.573,28,t2,replay
rep_20251009_MU,2025-10-09,2026-05-30 02:57:56.319606,MU,TREND_LEADER,C,replay,192.33,171.6,201.0,221.0,0.42,20.7321,won,2025-10-27,211.0,0.901,1.575,-0.614,18,t2,replay
rep_20251014_MU,2025-10-14,2026-05-30 02:57:56.327704,MU,TREND_LEADER,C,replay,187.06,163.83,201.0,214.94,0.6,23.2321,won,2025-10-24,207.97,0.9,1.41,0.015,10,t2,replay
rep_20251017_MU,2025-10-17,2026-05-30 02:57:56.335375,MU,TREND_LEADER,C,replay,202.38,177.59,206.34,233.39,0.16,24.7911,won,2025-10-21,204.36,0.08,0.499,-0.062,4,stop_after_t1,replay
rep_20251022_MU,2025-10-22,2026-05-30 02:57:56.343167,MU,TREND_LEADER,C,replay,198.47,177.05,214.75,234.53,0.76,21.4207,won,2025-11-03,224.64,1.222,1.828,-0.153,12,t2,replay
rep_20251027_MU,2025-10-27,2026-05-30 02:57:56.351174,MU,TREND_LEADER,C,replay,220.1,193.99,224.98,256.71,0.19,26.1107,won,2025-10-31,222.54,0.093,0.471,-0.097,4,stop_after_t1,replay
rep_20251030_MU,2025-10-30,2026-05-30 02:57:56.358899,MU,TREND_LEADER,C,replay,224.01,199.63,232.4,255.68,0.34,24.375,won,2025-11-04,228.2,0.172,0.558,-0.271,5,stop_after_t1,replay
rep_20251104_MU,2025-11-04,2026-05-30 02:57:56.367411,MU,TREND_LEADER,C,replay,218.03,190.18,237.62,254.33,0.7,27.8464,won,2025-11-10,245.98,1.003,1.402,0.241,6,t2,replay
rep_20251107_MU,2025-11-07,2026-05-30 02:57:56.375245,MU,TREND_LEADER,C,replay,237.92,212.69,246.41,274.02,0.34,25.2311,won,2025-11-13,242.16,0.168,0.759,-0.308,6,stop_after_t1,replay
rep_20251112_MU,2025-11-12,2026-05-30 02:57:56.38277,MU,TREND_LEADER,C,replay,244.9,214.19,257.07,283.7,0.4,30.7136,won,2025-11-18,250.99,0.198,0.511,-0.631,6,stop_after_t1,replay
rep_20251117_MU,2025-11-17,2026-05-30 02:57:56.390243,MU,TREND_LEADER,C,replay,241.95,213.53,260.58,283.79,0.66,28.4191,lost,2025-11-20,213.53,-1.0,-0.106,-1.49,3,stop,replay
rep_20251120_MU,2025-11-20,2026-05-30 02:57:56.397944,MU,MEAN_REVERSION,B,replay,201.37,195.09,260.58,287.63,9.43,6.2791,lost,2025-11-21,195.09,-1.0,1.693,-1.398,1,stop,replay
rep_20251125_MU,2025-11-25,2026-05-30 02:57:56.405512,MU,TREND_LEADER,C,replay,224.53,188.16,260.58,287.14,0.99,36.3659,won,2025-12-17,242.56,0.496,1.106,-0.078,22,stop_after_t1,replay
rep_20251201_MU,2025-12-01,2026-05-30 02:57:56.413167,MU,TREND_LEADER,C,replay,240.46,199.56,260.58,285.12,0.49,40.8964,won,2025-12-12,250.52,0.246,0.594,-0.419,11,stop_after_t1,replay
rep_20251212_MU,2025-12-12,2026-05-30 02:57:56.421282,MU,TREND_LEADER,C,replay,241.14,220.24,264.75,284.44,1.13,20.9043,won,2025-12-24,274.6,1.601,2.304,-0.931,12,t2,replay
rep_20251222_MU,2025-12-22,2026-05-30 02:57:56.429635,MU,TREND_LEADER,C,replay,276.59,237.83,279.99,317.17,0.09,38.7553,won,2026-01-05,298.58,0.567,1.263,-0.11,14,t2,replay
rep_20251226_MU,2025-12-26,2026-05-30 02:57:56.436882,MU,TREND_LEADER,C,replay,284.79,247.13,290.87,326.3,0.16,37.6607,won,2025-12-31,287.83,0.081,0.373,-0.167,5,stop_after_t1,replay
rep_20251231_MU,2025-12-31,2026-05-30 02:57:56.444548,MU,TREND_LEADER,C,replay,285.41,249.01,298.83,331.69,0.37,36.4018,won,2026-01-06,315.26,0.82,1.625,0.26,6,t2,replay
rep_20260106_MU,2026-01-06,2026-05-30 02:57:56.461426,MU,TREND_LEADER,C,replay,343.43,301.11,377.29,417.15,0.8,42.3232,won,2026-01-28,397.22,1.271,2.257,-0.522,22,t2,replay
rep_20260109_MU,2026-01-09,2026-05-30 02:57:56.469236,MU,TREND_LEADER,C,replay,345.09,304.85,377.28,419.86,0.8,40.2375,won,2026-01-28,398.57,1.329,2.332,-0.42,19,t2,replay
rep_20260114_MU,2026-01-14,2026-05-30 02:57:56.481323,MU,TREND_LEADER,C,replay,333.35,294.43,351.23,411.07,0.46,38.9196,won,2026-01-23,381.15,1.228,2.032,0.075,9,t2,replay
rep_20260120_MU,2026-01-20,2026-05-30 02:57:56.489084,MU,TREND_LEADER,C,replay,365.0,321.2,381.56,442.89,0.38,43.8,won,2026-01-29,412.23,1.078,1.82,0.039,9,t2,replay
rep_20260123_MU,2026-01-23,2026-05-30 02:57:56.497136,MU,TREND_LEADER,C,replay,399.65,351.25,412.43,480.76,0.26,48.3982,won,2026-02-04,406.04,0.132,1.154,-0.739,12,stop_after_t1,replay
rep_20260128_MU,2026-01-28,2026-05-30 02:57:56.505027,MU,TREND_LEADER,C,replay,435.28,384.4,438.94,528.14,0.07,50.8821,won,2026-01-30,437.11,0.036,0.397,-0.553,2,stop_after_t1,replay
rep_20260202_MU,2026-02-02,2026-05-30 02:57:56.512709,MU,TREND_LEADER,C,replay,437.8,376.78,455.5,525.37,0.29,61.0161,lost,2026-02-04,376.78,-1.0,0.074,-1.211,2,stop,replay
rep_20260205_MU,2026-02-05,2026-05-30 02:57:56.520302,MU,TREND_LEADER,C,replay,382.89,356.48,455.5,500.03,2.75,26.4114,lost,2026-03-06,370.3,-0.477,2.116,-0.637,29,timeout,replay
rep_20260210_MU,2026-02-10,2026-05-30 02:57:56.527846,MU,TREND_LEADER,C,replay,373.25,356.72,455.5,498.6,4.97,16.5329,won,2026-03-11,418.69,2.749,3.964,-0.943,29,timeout,replay
rep_20260213_MU,2026-02-13,2026-05-30 02:57:56.535992,MU,TREND_LEADER,C,replay,411.66,356.01,455.5,502.84,0.79,55.6502,won,2026-03-16,441.8,0.542,0.776,-0.97,31,timeout,replay
rep_20260219_MU,2026-02-19,2026-05-30 02:57:56.544124,MU,TREND_LEADER,C,replay,417.35,358.44,455.5,500.89,0.65,58.9143,lost,2026-03-09,358.44,-1.0,0.332,-1.013,18,stop,replay
rep_20260224_MU,2026-02-24,2026-05-30 02:57:56.553025,MU,TREND_LEADER,C,replay,418.01,359.54,455.5,494.59,0.64,58.465,lost,2026-03-09,359.54,-1.0,0.323,-1.032,13,stop,replay
rep_20260309_MU,2026-03-09,2026-05-30 02:57:56.564723,MU,TREND_LEADER,C,replay,389.32,351.53,438.77,475.63,1.31,37.7939,won,2026-03-24,414.04,0.654,2.17,-0.011,15,stop_after_t1,replay
rep_20260312_MU,2026-03-12,2026-05-30 02:57:56.57361,MU,TREND_LEADER,C,replay,405.35,351.42,438.77,476.25,0.62,53.927,won,2026-03-23,422.06,0.31,1.224,-0.071,11,stop_after_t1,replay
rep_20260317_MU,2026-03-17,2026-05-30 02:57:56.583557,MU,TREND_LEADER,C,replay,461.69,396.83,513.58,552.5,0.8,64.8607,lost,2026-03-24,396.83,-1.0,0.149,-1.122,7,stop,replay
rep_20260320_MU,2026-03-20,2026-05-30 02:57:56.59221,MU,TREND_LEADER,C,replay,422.9,354.83,471.34,512.18,0.71,68.0697,lost,2026-03-26,354.83,-1.0,0.314,-1.071,6,stop,replay
rep_20260330_MU,2026-03-30,2026-05-30 02:57:56.599959,MU,MEAN_REVERSION,C,replay,321.8,311.67,471.34,511.71,14.76,10.1291,lost,2026-03-31,311.67,-1.0,1.583,-1.018,1,stop,replay
rep_20260408_MU,2026-04-08,2026-05-30 02:57:56.608916,MU,PULLBACK,B,replay,406.73,332.64,471.34,515.8,0.87,74.0947,won,2026-04-27,493.57,1.172,1.682,-0.112,19,t2,replay
rep_20260421_MU,2026-04-21,2026-05-30 02:57:56.618015,MU,TREND_LEADER,C,replay,449.38,392.24,470.97,545.29,0.38,57.1359,won,2026-05-01,508.13,1.028,1.689,0.161,10,t2,replay
rep_20260424_MU,2026-04-24,2026-05-30 02:57:56.627046,MU,TREND_LEADER,C,replay,496.72,434.2,506.99,614.02,0.16,62.5214,won,2026-04-28,501.86,0.082,0.554,-0.136,4,stop_after_t1,replay
rep_20260429_MU,2026-04-29,2026-05-30 02:57:56.637609,MU,TREND_LEADER,C,replay,518.46,452.61,531.36,633.16,0.2,65.8482,won,2026-05-01,524.91,0.098,0.417,-0.241,2,stop_after_t1,replay
rep_20260504_MU,2026-05-04,2026-05-30 02:57:56.646742,MU,TREND_LEADER,C,replay,576.45,502.37,592.8,713.67,0.22,74.0803,won,2026-05-08,653.23,1.037,2.305,0.392,4,t2,replay
rep_20250910_NET,2025-09-10,2026-05-30 02:57:56.683547,NET,TREND_LEADER,C,replay,222.97,206.11,225.29,247.43,0.14,16.857,won,2025-09-12,224.13,0.069,0.423,-0.151,2,stop_after_t1,replay
rep_20250915_NET,2025-09-15,2026-05-30 02:57:56.693949,NET,TREND_LEADER,C,replay,226.01,207.87,230.1,253.36,0.23,18.1437,won,2025-09-23,228.06,0.113,0.225,-0.96,8,stop_after_t1,replay
rep_20250918_NET,2025-09-18,2026-05-30 02:57:56.703218,NET,TREND_LEADER,C,replay,223.57,206.54,230.1,247.46,0.38,17.0319,won,2025-09-23,226.83,0.192,0.383,-0.236,5,stop_after_t1,replay
rep_20250923_NET,2025-09-23,2026-05-30 02:57:56.713922,NET,TREND_LEADER,C,replay,223.26,206.69,230.1,243.76,0.41,16.5677,lost,2025-10-17,206.69,-1.0,0.225,-1.192,24,stop,replay
rep_20251001_NET,2025-10-01,2026-05-30 02:57:56.722301,NET,TREND_LEADER,C,replay,217.06,208.95,230.1,241.6,1.61,8.1062,lost,2025-10-17,208.95,-1.0,1.219,-1.671,16,stop,replay
rep_20251104_NET,2025-11-04,2026-05-30 02:57:56.731867,NET,TREND_LEADER,C,replay,232.91,208.08,260.0,274.9,1.09,24.8321,lost,2025-11-14,208.08,-1.0,0.467,-1.157,10,stop,replay
rep_20251107_NET,2025-11-07,2026-05-30 02:57:56.740064,NET,TREND_LEADER,C,replay,232.81,215.86,260.0,275.42,1.6,16.9502,lost,2025-11-13,215.86,-1.0,0.69,-1.155,6,stop,replay
rep_20251112_NET,2025-11-12,2026-05-30 02:57:56.750583,NET,TREND_LEADER,C,replay,225.68,215.68,260.0,276.5,3.43,10.0005,lost,2025-11-13,215.68,-1.0,-0.124,-1.245,1,stop,replay
rep_20251226_NET,2025-12-26,2026-05-30 02:57:56.760458,NET,VCP,B,replay,202.39,189.45,215.3,260.0,1.0,12.9383,lost,2026-01-08,189.45,-1.0,0.217,-1.281,13,stop,replay
rep_20251231_NET,2025-12-31,2026-05-30 02:57:56.769822,NET,VCP,B,replay,197.15,189.67,215.3,260.0,2.43,7.4793,lost,2026-01-08,189.67,-1.0,1.076,-1.516,8,stop,replay
rep_20260213_NET,2026-02-13,2026-05-30 02:57:56.779701,NET,TREND_LEADER,C,replay,195.85,158.48,218.22,260.0,0.6,37.3723,won,2026-03-16,207.33,0.307,0.585,-0.991,31,timeout,replay
rep_20260309_NET,2026-03-09,2026-05-30 02:57:56.790012,NET,TREND_LEADER,C,replay,201.48,174.39,203.88,260.0,0.09,27.0879,won,2026-03-27,202.68,0.044,1.021,-0.128,18,stop_after_t1,replay
rep_20260312_NET,2026-03-12,2026-05-30 02:57:56.798535,NET,TREND_LEADER,C,replay,212.11,186.94,217.26,260.0,0.2,25.1725,won,2026-03-16,214.69,0.102,0.223,-0.192,4,stop_after_t1,replay
rep_20260317_NET,2026-03-17,2026-05-30 02:57:56.807715,NET,TREND_LEADER,C,replay,211.52,188.67,217.73,260.0,0.27,22.8457,won,2026-03-26,214.62,0.136,0.772,-0.207,9,stop_after_t1,replay
rep_20260320_NET,2026-03-20,2026-05-30 02:57:56.815188,NET,TREND_LEADER,C,replay,215.42,191.03,229.15,260.0,0.56,24.3895,lost,2026-04-09,191.03,-1.0,0.433,-1.545,20,stop,replay
rep_20260325_NET,2026-03-25,2026-05-30 02:57:56.824369,NET,TREND_LEADER,C,replay,218.0,203.46,229.15,260.0,0.77,14.5364,lost,2026-03-27,203.46,-1.0,0.136,-1.237,2,stop,replay
rep_20260402_NET,2026-04-02,2026-05-30 02:57:56.832641,NET,TREND_LEADER,C,replay,211.69,188.46,229.15,260.0,0.75,23.2303,lost,2026-04-09,188.46,-1.0,0.579,-1.461,7,stop,replay
rep_20260408_NET,2026-04-08,2026-05-30 02:57:56.840464,NET,TREND_LEADER,C,replay,211.25,188.49,229.15,260.0,0.79,22.7576,lost,2026-04-09,188.49,-1.0,0.01,-1.472,1,stop,replay
rep_20250915_NNE,2025-09-15,2026-05-30 02:57:56.870878,NNE,TREND_LEADER,C,replay,37.35,32.17,48.05,51.16,2.07,5.1761,won,2025-10-06,49.6,2.366,3.689,-0.535,21,t2,replay
rep_20250918_NNE,2025-09-18,2026-05-30 02:57:56.881058,NNE,TREND_LEADER,C,replay,38.21,32.87,48.05,51.26,1.84,5.3425,won,2025-10-06,49.66,2.143,3.418,-0.124,18,t2,replay
rep_20250923_NNE,2025-09-23,2026-05-30 02:57:56.89204,NNE,TREND_LEADER,C,replay,46.35,39.59,48.05,56.32,0.25,6.7627,lost,2025-09-25,39.59,-1.0,0.16,-1.152,2,stop,replay
rep_20250926_NNE,2025-09-26,2026-05-30 02:57:56.903022,NNE,TREND_LEADER,C,replay,39.29,32.71,47.43,52.29,1.24,6.5804,won,2025-10-06,49.86,1.606,2.609,-0.264,10,t2,replay
rep_20251001_NNE,2025-10-01,2026-05-30 02:57:56.913581,NNE,TREND_LEADER,C,replay,39.11,35.59,47.43,52.24,2.36,3.5219,won,2025-10-06,49.84,3.047,4.929,-0.088,5,t2,replay
rep_20251006_NNE,2025-10-06,2026-05-30 02:57:56.925309,NNE,TREND_LEADER,C,replay,53.63,43.18,56.46,68.85,0.27,10.4498,won,2025-10-08,55.05,0.135,0.658,-0.634,2,stop_after_t1,replay
rep_20251009_NNE,2025-10-09,2026-05-30 02:57:56.934895,NNE,TREND_LEADER,C,replay,47.41,36.37,60.51,67.6,1.19,11.0421,won,2025-10-16,53.96,0.593,1.219,-0.232,7,stop_after_t1,replay
rep_20251014_NNE,2025-10-14,2026-05-30 02:57:56.945695,NNE,TREND_LEADER,C,replay,54.38,41.08,60.51,69.94,0.46,13.2982,won,2025-10-16,57.45,0.23,0.488,-0.558,2,stop_after_t1,replay
rep_20251017_NNE,2025-10-17,2026-05-30 02:57:56.957233,NNE,TREND_LEADER,C,replay,47.84,43.31,60.87,70.16,2.87,4.5347,lost,2025-10-21,43.31,-1.0,0.433,-1.344,4,stop,replay
rep_20251027_NNE,2025-10-27,2026-05-30 02:57:57.249422,NNE,TREND_LEADER,C,replay,43.54,35.23,60.87,69.68,2.09,8.3084,lost,2025-11-07,35.23,-1.0,0.717,-1.052,11,stop,replay
rep_20251030_NNE,2025-10-30,2026-05-30 02:57:57.262192,NNE,TREND_LEADER,C,replay,47.01,35.38,60.87,68.79,1.19,11.6305,lost,2025-11-07,35.38,-1.0,0.214,-1.05,8,stop,replay
rep_20260114_NNE,2026-01-14,2026-05-30 02:57:57.274738,NNE,TREND_LEADER,C,replay,34.37,27.58,35.9,60.87,0.23,6.7948,won,2026-01-20,35.13,0.113,0.308,-0.256,6,stop_after_t1,replay
rep_20260120_NNE,2026-01-20,2026-05-30 02:57:57.285086,NNE,TREND_LEADER,C,replay,33.86,29.22,36.46,60.87,0.56,4.635,won,2026-01-23,35.16,0.28,1.0,-0.358,3,stop_after_t1,replay
rep_20260123_NNE,2026-01-23,2026-05-30 02:57:57.293253,NNE,TREND_LEADER,C,replay,34.73,30.31,38.5,60.87,0.85,4.4213,lost,2026-01-29,30.31,-1.0,0.312,-1.036,6,stop,replay
rep_20260128_NNE,2026-01-28,2026-05-30 02:57:57.301391,NNE,TREND_LEADER,C,replay,34.55,30.46,38.5,60.87,0.97,4.0904,lost,2026-01-29,30.46,-1.0,-0.108,-1.076,1,stop,replay
rep_20250910_NRG,2025-09-10,2026-05-30 02:57:57.3709,NRG,TREND_LEADER,C,replay,161.21,149.7,162.26,182.32,0.09,11.5143,won,2025-09-25,161.74,0.046,0.941,-0.364,15,stop_after_t1,replay
rep_20250915_NRG,2025-09-15,2026-05-30 02:57:57.379114,NRG,TREND_LEADER,C,replay,166.08,153.69,169.02,187.19,0.24,12.3875,won,2025-09-23,167.55,0.119,0.481,-0.34,8,stop_after_t1,replay
rep_20250918_NRG,2025-09-18,2026-05-30 02:57:57.387227,NRG,TREND_LEADER,C,replay,164.19,150.74,169.02,185.3,0.36,13.4536,won,2025-09-25,166.61,0.18,0.584,-0.468,7,stop_after_t1,replay
rep_20250923_NRG,2025-09-23,2026-05-30 02:57:57.395383,NRG,TREND_LEADER,C,replay,167.43,153.47,172.04,188.54,0.33,13.9602,won,2025-10-06,169.74,0.165,0.342,-0.683,13,stop_after_t1,replay
rep_20250926_NRG,2025-09-26,2026-05-30 02:57:57.403417,NRG,TREND_LEADER,C,replay,168.57,156.4,172.04,189.68,0.29,12.1673,won,2025-10-06,170.31,0.143,0.299,-0.657,10,stop_after_t1,replay
rep_20251001_NRG,2025-10-01,2026-05-30 02:57:57.411863,NRG,TREND_LEADER,C,replay,161.91,156.47,172.04,181.76,1.86,5.443,won,2025-10-10,166.97,0.931,1.893,-0.281,9,stop_after_t1,replay
rep_20251006_NRG,2025-10-06,2026-05-30 02:57:57.419924,NRG,TREND_LEADER,C,replay,163.95,156.43,172.21,181.02,1.1,7.5179,won,2025-10-21,168.08,0.549,1.336,-0.5,15,stop_after_t1,replay
rep_20251009_NRG,2025-10-09,2026-05-30 02:57:57.427423,NRG,TREND_LEADER,C,replay,168.25,159.12,172.21,180.93,0.43,9.1327,won,2025-10-16,170.23,0.217,0.63,-0.862,7,stop_after_t1,replay
rep_20251014_NRG,2025-10-14,2026-05-30 02:57:57.435285,NRG,TREND_LEADER,C,replay,165.61,158.85,172.21,181.37,0.98,6.7561,won,2025-10-21,168.91,0.488,1.241,-0.802,7,stop_after_t1,replay
rep_20251017_NRG,2025-10-17,2026-05-30 02:57:57.443147,NRG,TREND_LEADER,C,replay,168.74,158.8,174.0,183.46,0.53,9.9371,lost,2025-10-22,158.8,-1.0,0.419,-1.049,5,stop,replay
rep_20251027_NRG,2025-10-27,2026-05-30 02:57:57.458805,NRG,TREND_LEADER,C,replay,172.59,156.7,174.0,183.68,0.09,15.8934,won,2025-10-31,173.3,0.044,0.5,-0.425,4,stop_after_t1,replay
rep_20251030_NRG,2025-10-30,2026-05-30 02:57:57.467843,NRG,TREND_LEADER,C,replay,173.14,156.57,180.54,190.98,0.45,16.5696,lost,2025-11-21,156.57,-1.0,0.238,-1.071,22,stop,replay
rep_20251104_NRG,2025-11-04,2026-05-30 02:57:57.477065,NRG,TREND_LEADER,C,replay,167.99,156.61,180.54,190.74,1.1,11.3804,lost,2025-11-21,156.61,-1.0,0.8,-1.107,17,stop,replay
rep_20251107_NRG,2025-11-07,2026-05-30 02:57:57.485963,NRG,TREND_LEADER,C,replay,172.5,160.14,180.54,191.71,0.65,12.3625,lost,2025-11-14,160.14,-1.0,0.342,-1.006,7,stop,replay
rep_20251120_NRG,2025-11-20,2026-05-30 02:57:57.496658,NRG,PULLBACK,B,replay,160.46,157.9,180.54,193.49,7.85,2.5591,lost,2025-11-21,157.9,-1.0,0.367,-1.98,1,stop,replay
rep_20251217_NRG,2025-12-17,2026-05-30 02:57:57.507424,NRG,MEAN_REVERSION,B,replay,149.48,146.33,174.73,184.61,8.03,3.1461,lost,2026-01-08,146.33,-1.0,6.59,-2.384,22,stop,replay
rep_20251231_NRG,2025-12-31,2026-05-30 02:57:57.518914,NRG,VCP,B,replay,159.24,146.66,172.4,180.54,1.05,12.5825,lost,2026-01-08,146.66,-1.0,0.874,-1.373,8,stop,replay
rep_20260213_NRG,2026-02-13,2026-05-30 02:57:57.529284,NRG,TREND_LEADER,C,replay,172.35,155.07,180.54,192.89,0.47,17.2804,won,2026-02-24,176.44,0.237,0.723,-0.497,11,stop_after_t1,replay
rep_20260219_NRG,2026-02-19,2026-05-30 02:57:57.539293,NRG,TREND_LEADER,C,replay,175.01,157.6,177.71,197.34,0.16,17.4125,won,2026-02-24,176.36,0.078,0.565,-0.646,5,stop_after_t1,replay
rep_20260224_NRG,2026-02-24,2026-05-30 02:57:57.551353,NRG,TREND_LEADER,C,replay,184.03,163.68,200.31,212.52,0.8,20.3464,lost,2026-03-03,163.68,-1.0,0.291,-1.279,7,stop,replay
rep_20260227_NRG,2026-02-27,2026-05-30 02:57:57.563389,NRG,TREND_LEADER,C,replay,178.96,159.53,189.96,208.64,0.57,19.4286,lost,2026-03-03,159.53,-1.0,0.135,-1.079,4,stop,replay
rep_20260304_NRG,2026-03-04,2026-05-30 02:57:57.574503,NRG,TREND_LEADER,C,replay,163.54,155.73,189.96,203.61,3.38,7.8143,lost,2026-03-06,155.73,-1.0,0.207,-1.193,2,stop,replay
rep_20260408_NRG,2026-04-08,2026-05-30 02:57:57.586049,NRG,TREND_LEADER,C,replay,160.3,142.41,162.98,190.34,0.15,17.8875,won,2026-04-20,161.64,0.075,0.851,-0.226,12,stop_after_t1,replay
rep_20260413_NRG,2026-04-13,2026-05-30 02:57:57.596948,NRG,TREND_LEADER,C,replay,170.24,154.78,189.96,200.28,1.28,15.4643,lost,2026-04-21,154.78,-1.0,0.342,-1.331,8,stop,replay
rep_20250902_NVDA,2025-09-02,2026-05-30 02:57:57.641586,NVDA,MEAN_REVERSION,B,replay,170.78,165.9,184.48,192.38,2.81,4.8759,lost,2025-09-05,165.9,-1.0,0.334,-1.375,3,stop,replay
rep_20250905_NVDA,2025-09-05,2026-05-30 02:57:57.655835,NVDA,MEAN_REVERSION,C,replay,167.02,162.73,184.48,192.53,4.07,4.2911,won,2025-10-03,186.05,4.436,5.601,-0.065,28,timeout_after_t1,replay
rep_20251001_NVDA,2025-10-01,2026-05-30 02:57:57.666552,NVDA,TREND_LEADER,C,replay,187.24,173.75,198.03,206.13,0.8,13.4911,won,2025-10-29,202.08,1.1,1.85,-0.777,28,t2,replay
rep_20251006_NVDA,2025-10-06,2026-05-30 02:57:57.677013,NVDA,TREND_LEADER,C,replay,185.54,171.72,191.05,200.13,0.4,13.8166,won,2025-10-10,188.3,0.199,0.729,-0.253,4,stop_after_t1,replay
rep_20251009_NVDA,2025-10-09,2026-05-30 02:57:57.687386,NVDA,TREND_LEADER,C,replay,192.57,178.57,195.3,208.7,0.19,14.0,won,2025-10-13,193.94,0.098,0.218,-0.751,4,stop_after_t1,replay
rep_20251014_NVDA,2025-10-14,2026-05-30 02:57:57.699895,NVDA,TREND_LEADER,C,replay,180.03,178.17,195.62,204.83,8.36,1.8643,lost,2025-10-15,178.17,-1.0,2.602,-1.473,1,stop,replay
rep_20251017_NVDA,2025-10-17,2026-05-30 02:57:57.71008,NVDA,TREND_LEADER,C,replay,183.22,175.8,195.62,204.57,1.67,7.4225,won,2025-10-29,200.09,2.274,3.904,-0.871,12,t2,replay
rep_20251022_NVDA,2025-10-22,2026-05-30 02:57:57.719696,NVDA,PULLBACK,B,replay,180.28,175.28,195.62,204.49,3.07,4.9986,won,2025-10-29,200.06,3.955,6.382,-0.098,7,t2,replay
rep_20251027_NVDA,2025-10-27,2026-05-30 02:57:57.729002,NVDA,TREND_LEADER,C,replay,191.49,176.71,195.62,204.49,0.28,14.7786,won,2025-10-29,200.06,0.579,1.401,0.028,2,t2,replay
rep_20251030_NVDA,2025-10-30,2026-05-30 02:57:57.736801,NVDA,TREND_LEADER,C,replay,202.89,187.37,212.19,224.15,0.6,15.5161,lost,2025-11-06,187.37,-1.0,0.544,-1.064,7,stop,replay
rep_20251104_NVDA,2025-11-04,2026-05-30 02:57:57.744418,NVDA,TREND_LEADER,C,replay,198.69,183.08,212.19,221.56,0.86,15.6143,lost,2025-11-07,183.08,-1.0,0.271,-1.267,3,stop,replay
rep_20251112_NVDA,2025-11-12,2026-05-30 02:57:57.752758,NVDA,TREND_LEADER,C,replay,193.8,176.83,212.19,224.66,1.08,16.9689,lost,2025-11-21,176.83,-1.0,0.13,-1.23,9,stop,replay
rep_20251117_NVDA,2025-11-17,2026-05-30 02:57:57.760097,NVDA,PULLBACK,B,replay,186.6,176.77,212.19,225.04,2.6,9.8318,lost,2025-11-21,176.77,-1.0,0.956,-1.391,4,stop,replay
rep_20251120_NVDA,2025-11-20,2026-05-30 02:57:57.768205,NVDA,PULLBACK,A,replay,180.64,176.64,212.19,225.78,7.9,3.9952,lost,2025-11-21,176.64,-1.0,0.98,-1.928,1,stop,replay
rep_20251217_NVDA,2025-12-17,2026-05-30 02:57:57.777745,NVDA,MEAN_REVERSION,B,replay,170.94,169.07,196.0,212.19,13.41,1.8682,won,2026-01-16,186.23,8.176,12.134,0.471,30,timeout,replay
rep_20251226_NVDA,2025-12-26,2026-05-30 02:57:57.785815,NVDA,TREND_LEADER,C,replay,190.53,177.92,192.69,215.66,0.17,12.6125,won,2026-01-05,191.61,0.086,0.246,-0.366,10,stop_after_t1,replay
rep_20251231_NVDA,2025-12-31,2026-05-30 02:57:57.793816,NVDA,VCP,B,replay,186.5,174.01,192.69,212.19,0.5,12.4893,won,2026-01-05,189.59,0.248,0.571,-0.028,5,stop_after_t1,replay
rep_20260106_NVDA,2026-01-06,2026-05-30 02:57:57.801781,NVDA,VCP,B,replay,187.24,181.09,193.63,212.37,1.04,6.1479,lost,2026-01-14,181.09,-1.0,0.672,-1.047,8,stop,replay
rep_20260109_NVDA,2026-01-09,2026-05-30 02:57:57.80973,NVDA,VCP,B,replay,184.86,182.46,193.63,212.19,3.66,2.3963,lost,2026-01-14,182.46,-1.0,1.354,-1.692,5,stop,replay
rep_20260114_NVDA,2026-01-14,2026-05-30 02:57:57.817432,NVDA,PULLBACK,B,replay,183.14,179.65,193.63,212.19,3.0,3.4911,lost,2026-01-20,179.65,-1.0,2.092,-1.585,6,stop,replay
rep_20260120_NVDA,2026-01-20,2026-05-30 02:57:57.82507,NVDA,PULLBACK,A,replay,178.07,176.32,193.63,212.19,8.91,1.747,won,2026-02-03,185.85,4.446,9.383,-1.051,14,stop_after_t1,replay
rep_20260128_NVDA,2026-01-28,2026-05-30 02:57:57.832998,NVDA,VCP,B,replay,191.52,179.37,193.63,212.19,0.17,12.1518,won,2026-02-02,192.57,0.087,0.244,-0.547,5,stop_after_t1,replay
rep_20260205_NVDA,2026-02-05,2026-05-30 02:57:57.840396,NVDA,MEAN_REVERSION,B,replay,171.88,169.56,194.49,212.19,9.76,2.3163,won,2026-03-06,186.16,6.153,11.099,1.172,29,timeout_after_t1,replay
rep_20260210_NVDA,2026-02-10,2026-05-30 02:57:57.848194,NVDA,TREND_LEADER,C,replay,188.54,172.29,194.49,212.19,0.37,16.2518,won,2026-02-26,191.51,0.183,0.559,-0.576,16,stop_after_t1,replay
rep_20260219_NVDA,2026-02-19,2026-05-30 02:57:57.856395,NVDA,TREND_LEADER,C,replay,187.9,170.29,194.49,212.19,0.37,17.6054,won,2026-02-26,191.19,0.187,0.553,-0.203,7,stop_after_t1,replay
rep_20260224_NVDA,2026-02-24,2026-05-30 02:57:57.864006,NVDA,TREND_LEADER,C,replay,192.85,177.53,194.49,212.19,0.11,15.3202,won,2026-02-26,193.67,0.054,0.312,-0.557,2,stop_after_t1,replay
rep_20260317_NVDA,2026-03-17,2026-05-30 02:57:57.872356,NVDA,PULLBACK,B,replay,181.93,173.97,197.63,212.19,1.97,7.963,lost,2026-03-20,173.97,-1.0,0.182,-1.283,3,stop,replay
rep_20260413_NVDA,2026-04-13,2026-05-30 02:57:57.880621,NVDA,TREND_LEADER,C,replay,189.31,176.63,212.19,219.8,1.81,12.675,won,2026-05-11,216.0,2.104,2.602,0.115,28,t2,replay
rep_20260416_NVDA,2026-04-16,2026-05-30 02:57:57.88867,NVDA,TREND_LEADER,C,replay,198.35,185.66,200.4,220.03,0.16,12.6929,won,2026-04-20,199.38,0.081,0.301,-0.04,4,stop_after_t1,replay
rep_20260421_NVDA,2026-04-21,2026-05-30 02:57:57.896454,NVDA,VCP,B,replay,199.88,188.51,202.75,222.97,0.25,11.3661,won,2026-04-24,201.31,0.126,0.974,-0.234,3,stop_after_t1,replay
rep_20260424_NVDA,2026-04-24,2026-05-30 02:57:57.90419,NVDA,TREND_LEADER,C,replay,208.27,195.06,210.95,236.28,0.2,13.2054,won,2026-04-28,209.61,0.101,0.648,-0.067,4,stop_after_t1,replay
rep_20260429_NVDA,2026-04-29,2026-05-30 02:57:57.912898,NVDA,TREND_LEADER,C,replay,209.25,194.57,216.83,236.53,0.52,14.6804,won,2026-05-14,226.68,1.187,1.859,-0.988,15,t2,replay
rep_20260504_NVDA,2026-05-04,2026-05-30 02:57:57.921939,NVDA,TREND_LEADER,C,replay,198.48,193.14,216.83,226.42,3.44,5.3377,won,2026-05-13,221.62,4.334,5.498,-0.459,9,t2,replay
rep_20250905_NVT,2025-09-05,2026-05-30 02:57:57.95503,NVT,TREND_LEADER,C,replay,92.8,87.09,93.32,97.36,0.09,5.7093,won,2025-09-15,95.34,0.445,0.827,-0.494,10,t2,replay
rep_20250910_NVT,2025-09-10,2026-05-30 02:57:57.965658,NVT,TREND_LEADER,C,replay,94.98,88.78,96.62,101.52,0.26,6.1995,won,2025-09-16,95.8,0.132,0.41,-0.069,6,stop_after_t1,replay
rep_20250915_NVT,2025-09-15,2026-05-30 02:57:57.976072,NVT,TREND_LEADER,C,replay,96.35,90.38,97.52,103.43,0.2,5.9679,won,2025-09-23,96.94,0.098,0.789,-0.302,8,stop_after_t1,replay
rep_20250918_NVT,2025-09-18,2026-05-30 02:57:57.985892,NVT,TREND_LEADER,C,replay,98.65,92.17,99.44,106.02,0.12,6.4786,won,2025-09-23,99.05,0.061,0.372,-0.472,5,stop_after_t1,replay
rep_20250923_NVT,2025-09-23,2026-05-30 02:57:58.251332,NVT,TREND_LEADER,C,replay,97.7,93.06,101.06,106.04,0.72,4.6411,won,2025-10-03,99.38,0.362,0.876,-0.727,10,stop_after_t1,replay
rep_20250926_NVT,2025-09-26,2026-05-30 02:57:58.261466,NVT,TREND_LEADER,C,replay,97.0,93.64,101.06,105.34,1.21,3.3576,won,2025-10-07,99.03,0.604,1.418,-0.565,11,stop_after_t1,replay
rep_20251001_NVT,2025-10-01,2026-05-30 02:57:58.270202,NVT,TREND_LEADER,C,replay,100.12,93.67,101.06,107.15,0.15,6.4511,won,2025-10-03,100.59,0.073,0.255,-0.434,2,stop_after_t1,replay
rep_20251006_NVT,2025-10-06,2026-05-30 02:57:58.280554,NVT,TREND_LEADER,C,replay,98.0,93.62,101.76,105.97,0.86,4.3765,won,2025-10-22,99.88,0.429,0.984,-0.662,16,stop_after_t1,replay
rep_20251009_NVT,2025-10-09,2026-05-30 02:57:58.290789,NVT,TREND_LEADER,C,replay,97.73,94.37,101.76,106.15,1.2,3.3603,won,2025-10-22,99.75,0.6,1.363,-0.768,13,stop_after_t1,replay
rep_20251014_NVT,2025-10-14,2026-05-30 02:57:58.299619,NVT,TREND_LEADER,C,replay,99.51,94.3,101.76,106.57,0.43,5.2115,won,2025-10-17,100.64,0.216,0.537,-0.226,3,stop_after_t1,replay
rep_20251017_NVT,2025-10-17,2026-05-30 02:57:58.307934,NVT,TREND_LEADER,C,replay,99.33,94.28,102.31,107.2,0.59,5.0451,won,2025-10-29,104.75,1.074,1.667,-0.828,12,t2,replay
rep_20251027_NVT,2025-10-27,2026-05-30 02:57:58.315635,NVT,TREND_LEADER,C,replay,103.91,95.59,110.57,115.56,0.8,8.3241,won,2025-10-31,113.06,1.1,1.636,-0.325,4,t2,replay
rep_20251030_NVT,2025-10-30,2026-05-30 02:57:58.323502,NVT,TREND_LEADER,C,replay,104.35,95.75,107.75,112.91,0.4,8.5961,won,2025-10-31,110.33,0.695,1.531,0.802,1,t2,replay
rep_20251104_NVT,2025-11-04,2026-05-30 02:57:58.331866,NVT,TREND_LEADER,C,replay,109.62,99.54,117.52,123.57,0.78,10.0755,lost,2025-11-21,99.54,-1.0,0.449,-1.297,17,stop,replay
rep_20251107_NVT,2025-11-07,2026-05-30 02:57:58.339448,NVT,TREND_LEADER,C,replay,111.03,100.09,117.52,124.45,0.59,10.9423,lost,2025-11-21,100.09,-1.0,0.285,-1.324,14,stop,replay
rep_20251112_NVT,2025-11-12,2026-05-30 02:57:58.347251,NVT,TREND_LEADER,C,replay,111.46,102.96,117.52,124.88,0.71,8.4994,lost,2025-11-14,102.96,-1.0,-0.025,-1.113,2,stop,replay
rep_20251117_NVT,2025-11-17,2026-05-30 02:57:58.356123,NVT,TREND_LEADER,C,replay,104.09,100.79,117.52,124.77,4.07,3.2978,lost,2025-11-20,100.79,-1.0,2.152,-1.058,3,stop,replay
rep_20251120_NVT,2025-11-20,2026-05-30 02:57:58.363731,NVT,PULLBACK,A,replay,101.52,99.45,117.52,124.44,7.71,2.0741,lost,2025-11-21,99.45,-1.0,0.283,-2.401,1,stop,replay
rep_20251125_NVT,2025-11-25,2026-05-30 02:57:58.371092,NVT,PULLBACK,B,replay,104.93,95.35,117.52,124.7,1.31,9.5762,lost,2025-12-17,95.35,-1.0,0.496,-1.222,22,stop,replay
rep_20251217_NVT,2025-12-17,2026-05-30 02:57:58.379204,NVT,MEAN_REVERSION,B,replay,94.99,92.28,111.19,117.52,5.98,2.7072,won,2026-01-16,111.84,6.22,6.697,0.557,30,timeout_after_t1,replay
rep_20260106_NVT,2026-01-06,2026-05-30 02:57:58.387139,NVT,TREND_LEADER,C,replay,110.09,101.0,110.65,124.67,0.06,9.0943,won,2026-01-16,110.37,0.031,0.336,-0.89,10,stop_after_t1,replay
rep_20260120_NVT,2026-01-20,2026-05-30 02:57:58.395219,NVT,TREND_LEADER,C,replay,109.9,101.03,113.14,121.12,0.37,8.8732,won,2026-01-23,111.52,0.183,0.682,-0.178,3,stop_after_t1,replay
rep_20260123_NVT,2026-01-23,2026-05-30 02:57:58.402765,NVT,TREND_LEADER,C,replay,110.29,102.42,115.95,122.34,0.72,7.8657,won,2026-02-06,113.12,0.36,1.342,-0.671,14,stop_after_t1,replay
rep_20260128_NVT,2026-01-28,2026-05-30 02:57:58.410552,NVT,TREND_LEADER,C,replay,114.15,104.68,115.95,123.53,0.19,9.4748,won,2026-01-30,115.05,0.095,0.301,-0.214,2,stop_after_t1,replay
rep_20260202_NVT,2026-02-02,2026-05-30 02:57:58.418327,NVT,TREND_LEADER,C,replay,115.79,107.31,117.0,124.79,0.14,8.4807,won,2026-02-04,116.4,0.071,0.597,-0.501,2,stop_after_t1,replay
rep_20260205_NVT,2026-02-05,2026-05-30 02:57:58.426224,NVT,TREND_LEADER,C,replay,113.87,108.12,120.85,127.72,1.21,5.7537,lost,2026-02-06,108.12,-1.0,-0.023,-1.541,1,stop,replay
rep_20260210_NVT,2026-02-10,2026-05-30 02:57:58.437079,NVT,TREND_LEADER,C,replay,112.15,103.79,120.85,128.16,1.04,8.3577,won,2026-03-03,116.5,0.52,1.288,-0.24,21,stop_after_t1,replay
rep_20260213_NVT,2026-02-13,2026-05-30 02:57:58.445822,NVT,TREND_LEADER,C,replay,113.25,103.68,120.85,128.82,0.79,9.5685,won,2026-03-03,117.05,0.397,1.01,-0.325,18,stop_after_t1,replay
rep_20260219_NVT,2026-02-19,2026-05-30 02:57:58.455284,NVT,TREND_LEADER,C,replay,116.88,103.68,120.85,128.86,0.3,13.2044,won,2026-02-26,118.86,0.15,0.458,-0.289,7,stop_after_t1,replay
rep_20260224_NVT,2026-02-24,2026-05-30 02:57:58.464225,NVT,TREND_LEADER,C,replay,118.22,109.14,120.85,128.51,0.29,9.0805,won,2026-02-26,119.53,0.145,0.518,-0.242,2,stop_after_t1,replay
rep_20260227_NVT,2026-02-27,2026-05-30 02:57:58.472534,NVT,TREND_LEADER,C,replay,118.36,109.23,122.92,130.06,0.5,9.1323,lost,2026-03-05,109.23,-1.0,0.258,-1.129,6,stop,replay
rep_20260317_NVT,2026-03-17,2026-05-30 02:57:58.480336,NVT,TREND_LEADER,C,replay,114.71,101.34,122.92,130.94,0.61,13.3659,won,2026-03-19,118.81,0.307,0.711,-0.015,2,stop_after_t1,replay
rep_20260320_NVT,2026-03-20,2026-05-30 02:57:58.488253,NVT,TREND_LEADER,C,replay,116.3,101.83,124.22,132.9,0.55,14.4714,won,2026-03-30,120.26,0.274,0.942,-0.344,10,stop_after_t1,replay
rep_20260325_NVT,2026-03-25,2026-05-30 02:57:58.495662,NVT,TREND_LEADER,C,replay,127.01,112.58,129.94,143.53,0.2,14.4314,lost,2026-03-30,112.58,-1.0,-0.115,-1.087,5,stop,replay
rep_20260402_NVT,2026-04-02,2026-05-30 02:57:58.503987,NVT,TREND_LEADER,C,replay,117.96,109.66,129.94,139.91,1.44,8.3027,won,2026-04-22,134.93,2.044,2.776,-0.355,20,t2,replay
rep_20260408_NVT,2026-04-08,2026-05-30 02:57:58.511611,NVT,TREND_LEADER,C,replay,127.11,110.65,129.94,140.87,0.17,16.4559,won,2026-04-22,135.41,0.504,0.844,0.002,14,t2,replay
rep_20260413_NVT,2026-04-13,2026-05-30 02:57:58.52012,NVT,TREND_LEADER,C,replay,133.16,119.13,144.38,152.8,0.8,14.0291,won,2026-05-01,148.59,1.1,2.438,-0.325,18,t2,replay
rep_20260416_NVT,2026-04-16,2026-05-30 02:57:58.52806,NVT,TREND_LEADER,C,replay,129.7,117.04,135.92,144.46,0.49,12.6612,won,2026-04-24,140.19,0.829,1.233,0.066,8,t2,replay
rep_20260421_NVT,2026-04-21,2026-05-30 02:57:58.53543,NVT,TREND_LEADER,C,replay,137.0,125.32,139.15,153.7,0.18,11.6805,won,2026-04-28,138.07,0.092,0.711,-0.197,7,stop_after_t1,replay
rep_20260424_NVT,2026-04-24,2026-05-30 02:57:58.543054,NVT,BREAKOUT,A,replay,142.17,131.11,145.31,162.56,0.28,11.0643,won,2026-05-01,153.94,1.064,2.278,-0.676,7,t2,replay
rep_20260429_NVT,2026-04-29,2026-05-30 02:57:58.551181,NVT,TREND_LEADER,C,replay,137.37,127.49,145.31,155.55,0.8,9.8817,won,2026-05-01,150.43,1.322,3.036,0.205,2,t2,replay
rep_20260504_NVT,2026-05-04,2026-05-30 02:57:58.558914,NVT,TREND_LEADER,C,replay,162.69,146.82,167.37,194.04,0.29,15.8677,won,2026-05-18,165.03,0.147,0.776,-0.23,14,stop_after_t1,replay
rep_20250915_OKLO,2025-09-15,2026-05-30 02:57:58.589947,OKLO,TREND_LEADER,C,replay,95.68,81.6,106.95,116.62,0.8,14.0813,won,2025-09-19,111.78,1.144,2.901,-0.396,4,t2,replay
rep_20250918_OKLO,2025-09-18,2026-05-30 02:57:58.598525,OKLO,TREND_LEADER,C,replay,104.97,89.03,110.82,132.63,0.37,15.9395,won,2025-09-19,121.72,1.051,1.98,0.137,1,t2,replay
rep_20250923_OKLO,2025-09-23,2026-05-30 02:57:58.606705,OKLO,TREND_LEADER,C,replay,142.65,118.4,143.75,189.18,0.05,24.2523,won,2025-09-25,143.2,0.023,0.076,-1.341,2,stop_after_t1,replay
rep_20250926_OKLO,2025-09-26,2026-05-30 02:57:58.616816,OKLO,TREND_LEADER,C,replay,110.53,80.26,144.49,162.7,1.12,30.2651,won,2025-10-13,153.59,1.423,2.16,-0.044,17,t2,replay
rep_20251001_OKLO,2025-10-01,2026-05-30 02:57:58.624926,OKLO,TREND_LEADER,C,replay,115.93,93.02,144.49,163.73,1.25,22.9072,won,2025-10-13,154.11,1.667,2.618,0.01,12,t2,replay
rep_20251006_OKLO,2025-10-06,2026-05-30 02:57:58.632953,OKLO,TREND_LEADER,C,replay,138.56,105.0,147.18,185.14,0.26,33.5605,won,2025-10-15,166.16,0.822,1.647,-0.243,9,t2,replay
rep_20251009_OKLO,2025-10-09,2026-05-30 02:57:58.640818,OKLO,TREND_LEADER,C,replay,138.13,106.98,147.18,179.24,0.29,31.1509,won,2025-10-14,163.21,0.805,1.447,-0.043,5,t2,replay
rep_20251014_OKLO,2025-10-14,2026-05-30 02:57:58.648496,OKLO,TREND_LEADER,C,replay,174.14,137.32,183.2,229.99,0.25,36.817,won,2025-10-16,178.67,0.123,0.535,-0.46,2,stop_after_t1,replay
rep_20251017_OKLO,2025-10-17,2026-05-30 02:57:58.672684,OKLO,TREND_LEADER,C,replay,163.39,126.33,193.84,218.23,0.82,37.0558,lost,2025-10-22,126.33,-1.0,0.178,-1.333,5,stop,replay
rep_20251027_OKLO,2025-10-27,2026-05-30 02:57:58.68077,OKLO,TREND_LEADER,C,replay,137.43,109.26,193.84,222.25,2.0,28.1658,lost,2025-11-06,109.26,-1.0,0.519,-1.116,10,stop,replay
rep_20251030_OKLO,2025-10-30,2026-05-30 02:57:58.68863,OKLO,TREND_LEADER,C,replay,137.39,109.22,193.84,222.49,2.0,28.165,lost,2025-11-06,109.22,-1.0,0.153,-1.115,7,stop,replay
rep_20260109_OKLO,2026-01-09,2026-05-30 02:57:58.696948,OKLO,TREND_LEADER,C,replay,105.31,88.31,115.72,193.84,0.61,17.0018,lost,2026-01-21,88.31,-1.0,0.135,-1.135,12,stop,replay
rep_20260114_OKLO,2026-01-14,2026-05-30 02:57:58.704932,OKLO,TREND_LEADER,C,replay,95.97,78.12,115.72,193.84,1.11,17.8464,lost,2026-02-02,78.12,-1.0,0.237,-1.271,19,stop,replay
rep_20260128_OKLO,2026-01-28,2026-05-30 02:57:58.712642,OKLO,TREND_LEADER,C,replay,94.39,79.07,115.72,193.84,1.39,15.3221,lost,2026-01-30,79.07,-1.0,-0.029,-1.01,2,stop,replay
rep_20250910_ORCL,2025-09-10,2026-05-30 02:57:58.75747,ORCL,TREND_LEADER,C,replay,328.33,293.28,345.72,404.49,0.5,35.0464,lost,2025-09-12,293.28,-1.0,0.076,-1.044,2,stop,replay
rep_20250915_ORCL,2025-09-15,2026-05-30 02:57:58.767616,ORCL,TREND_LEADER,C,replay,302.14,259.38,345.72,378.3,1.02,42.7571,won,2025-10-13,308.01,0.137,0.64,-0.728,28,timeout,replay
rep_20250918_ORCL,2025-09-18,2026-05-30 02:57:58.776225,ORCL,TREND_LEADER,C,replay,296.62,248.79,345.72,374.42,1.03,47.8286,won,2025-10-16,313.0,0.342,0.687,-0.536,28,timeout,replay
rep_20250923_ORCL,2025-09-23,2026-05-30 02:57:58.784145,ORCL,TREND_LEADER,C,replay,313.83,286.49,345.72,389.99,1.17,27.3355,lost,2025-09-26,286.49,-1.0,-0.05,-1.128,3,stop,replay
rep_20250926_ORCL,2025-09-26,2026-05-30 02:57:58.791718,ORCL,TREND_LEADER,C,replay,283.46,277.4,345.72,379.34,10.27,6.063,lost,2025-09-30,277.4,-1.0,0.416,-1.248,4,stop,replay
rep_20251001_ORCL,2025-10-01,2026-05-30 02:57:58.799366,ORCL,TREND_LEADER,C,replay,289.01,272.31,345.72,367.24,3.4,16.6959,lost,2025-10-07,272.31,-1.0,0.459,-1.078,6,stop,replay
rep_20251006_ORCL,2025-10-06,2026-05-30 02:57:58.80679,ORCL,TREND_LEADER,C,replay,291.59,272.65,345.72,365.22,2.86,18.9402,lost,2025-10-07,272.65,-1.0,0.086,-1.087,1,stop,replay
rep_20251030_ORCL,2025-10-30,2026-05-30 02:57:58.81456,ORCL,MEAN_REVERSION,B,replay,256.89,253.03,322.54,345.72,17.0,3.8609,lost,2025-11-04,253.03,-1.0,2.311,-3.031,5,stop,replay
rep_20250923_PATH,2025-09-23,2026-05-30 02:57:58.850462,PATH,TREND_LEADER,C,replay,12.53,11.29,13.22,15.93,0.55,1.2404,won,2025-10-09,14.57,1.649,5.008,-0.524,16,t2,replay
rep_20251001_PATH,2025-10-01,2026-05-30 02:57:58.859364,PATH,TREND_LEADER,C,replay,12.99,11.61,15.18,16.17,1.58,1.3843,won,2025-10-09,15.68,1.946,4.167,-0.275,8,t2,replay
rep_20251006_PATH,2025-10-06,2026-05-30 02:57:58.867895,PATH,TREND_LEADER,C,replay,14.52,12.44,15.22,16.87,0.34,2.0804,won,2025-10-09,16.05,0.733,2.029,-0.168,3,t2,replay
rep_20251009_PATH,2025-10-09,2026-05-30 02:57:58.876332,PATH,TREND_LEADER,C,replay,18.51,15.73,18.74,22.97,0.08,2.7821,lost,2025-10-17,15.73,-1.0,0.032,-1.164,8,stop,replay
rep_20251014_PATH,2025-10-14,2026-05-30 02:57:58.884125,PATH,TREND_LEADER,C,replay,16.48,13.47,18.74,20.75,0.75,3.0071,lost,2025-11-11,14.37,-0.701,0.365,-0.977,28,timeout,replay
rep_20251017_PATH,2025-10-17,2026-05-30 02:57:58.891864,PATH,TREND_LEADER,C,replay,15.44,13.57,18.74,20.77,1.77,1.8685,lost,2025-11-07,13.57,-1.0,1.102,-1.016,21,stop,replay
rep_20251022_PATH,2025-10-22,2026-05-30 02:57:58.90027,PATH,TREND_LEADER,C,replay,15.03,14.37,18.74,20.74,5.6,0.663,lost,2025-11-04,14.37,-1.0,3.742,-1.333,13,stop,replay
rep_20251027_PATH,2025-10-27,2026-05-30 02:57:58.908112,PATH,TREND_LEADER,C,replay,17.39,14.38,18.74,21.07,0.45,3.0082,lost,2025-11-04,14.38,-1.0,0.037,-1.076,8,stop,replay
rep_20251030_PATH,2025-10-30,2026-05-30 02:57:58.915936,PATH,TREND_LEADER,C,replay,15.87,14.43,18.74,20.35,1.99,1.4388,lost,2025-11-04,14.43,-1.0,0.493,-1.194,5,stop,replay
rep_20251104_PATH,2025-11-04,2026-05-30 02:57:58.923784,PATH,MEAN_REVERSION,C,replay,14.27,13.87,18.74,20.41,11.2,0.399,lost,2025-11-06,13.87,-1.0,2.3,-1.175,2,stop,replay
rep_20251204_PATH,2025-12-04,2026-05-30 02:57:58.932071,PATH,TREND_LEADER,C,replay,18.48,16.25,18.7,22.31,0.1,2.2339,won,2025-12-10,18.59,0.049,0.61,-0.175,6,stop_after_t1,replay
rep_20251209_PATH,2025-12-09,2026-05-30 02:57:58.939758,PATH,TREND_LEADER,C,replay,18.98,16.66,19.84,23.47,0.37,2.3223,lost,2025-12-15,16.66,-1.0,-0.013,-1.28,6,stop,replay
rep_20251212_PATH,2025-12-12,2026-05-30 02:57:58.948053,PATH,TREND_LEADER,C,replay,17.42,15.08,19.84,21.91,1.03,2.3393,lost,2026-01-13,15.97,-0.62,0.222,-0.825,32,timeout,replay
rep_20251217_PATH,2025-12-17,2026-05-30 02:57:58.958082,PATH,TREND_LEADER,C,replay,15.96,15.47,19.84,21.51,7.94,0.4884,lost,2026-01-14,15.47,-1.0,4.041,-1.837,28,stop,replay
rep_20251222_PATH,2025-12-22,2026-05-30 02:57:58.968177,PATH,TREND_LEADER,C,replay,16.7,15.56,19.84,21.5,2.76,1.1365,lost,2026-01-02,15.56,-1.0,0.579,-1.061,11,stop,replay
rep_20251226_PATH,2025-12-26,2026-05-30 02:57:58.978789,PATH,TREND_LEADER,C,replay,16.84,15.45,19.84,21.21,2.16,1.3883,lost,2026-01-14,15.45,-1.0,0.791,-1.281,19,stop,replay
rep_20251231_PATH,2025-12-31,2026-05-30 02:57:59.250126,PATH,TREND_LEADER,C,replay,16.39,15.46,19.84,21.14,3.72,0.9272,lost,2026-01-14,15.46,-1.0,1.667,-1.43,14,stop,replay
rep_20251006_PCG,2025-10-06,2026-05-30 02:57:59.296297,PCG,TREND_LEADER,C,replay,16.04,15.04,16.17,21.72,0.13,1.0036,won,2025-10-10,16.11,0.065,0.81,-0.19,4,stop_after_t1,replay
rep_20251009_PCG,2025-10-09,2026-05-30 02:57:59.30517,PCG,TREND_LEADER,C,replay,16.24,15.14,16.85,21.72,0.55,1.1036,won,2025-10-23,16.55,0.277,0.755,-0.355,14,stop_after_t1,replay
rep_20251014_PCG,2025-10-14,2026-05-30 02:57:59.314803,PCG,TREND_LEADER,C,replay,16.4,15.24,16.85,21.72,0.39,1.1589,won,2025-10-17,16.62,0.194,0.44,-0.026,3,stop_after_t1,replay
rep_20251017_PCG,2025-10-17,2026-05-30 02:57:59.323021,PCG,TREND_LEADER,C,replay,16.42,15.74,16.91,21.72,0.72,0.6812,won,2025-10-23,16.66,0.36,0.956,-0.338,6,stop_after_t1,replay
rep_20251022_PCG,2025-10-22,2026-05-30 02:57:59.33144,PCG,TREND_LEADER,C,replay,16.58,15.74,17.07,21.72,0.59,0.8354,lost,2025-10-29,15.74,-1.0,0.56,-1.024,7,stop,replay
rep_20251027_PCG,2025-10-27,2026-05-30 02:57:59.33949,PCG,TREND_LEADER,C,replay,16.43,15.84,17.07,21.72,1.08,0.5918,lost,2025-10-29,15.84,-1.0,0.153,-1.203,2,stop,replay
rep_20251030_PCG,2025-10-30,2026-05-30 02:57:59.347644,PCG,TREND_LEADER,C,replay,15.9,15.56,17.07,21.72,3.41,0.3429,lost,2025-11-03,15.56,-1.0,0.324,-1.088,4,stop,replay
rep_20251107_PCG,2025-11-07,2026-05-30 02:57:59.357791,PCG,TREND_LEADER,C,replay,16.51,15.48,17.07,21.72,0.55,1.0268,lost,2025-12-02,15.48,-1.0,0.33,-1.175,25,stop,replay
rep_20251226_PCG,2025-12-26,2026-05-30 02:57:59.368372,PCG,VCP,B,replay,15.77,15.02,16.2,20.43,0.58,0.7464,won,2026-01-05,15.98,0.287,0.813,-0.04,10,stop_after_t1,replay
rep_20251231_PCG,2025-12-31,2026-05-30 02:57:59.377163,PCG,VCP,A,replay,16.07,15.36,20.43,20.86,6.12,0.7125,lost,2026-01-20,15.36,-1.0,0.437,-1.169,20,stop,replay
rep_20260106_PCG,2026-01-06,2026-05-30 02:57:59.384813,PCG,VCP,B,replay,16.15,15.45,16.38,20.43,0.33,0.7021,lost,2026-01-07,15.45,-1.0,0.171,-1.029,1,stop,replay
rep_20260109_PCG,2026-01-09,2026-05-30 02:57:59.392669,PCG,TREND_LEADER,C,replay,15.85,15.35,16.38,19.86,1.06,0.5009,lost,2026-01-20,15.35,-1.0,0.24,-1.22,11,stop,replay
rep_20260205_PCG,2026-02-05,2026-05-30 02:57:59.400827,PCG,TREND_LEADER,C,replay,16.28,15.29,17.95,18.55,1.68,0.9929,won,2026-02-23,18.25,1.99,2.303,-0.212,18,t2,replay
rep_20260210_PCG,2026-02-10,2026-05-30 02:57:59.408935,PCG,TREND_LEADER,C,replay,16.75,15.77,17.95,18.54,1.23,0.9768,won,2026-02-23,18.24,1.526,1.847,-0.071,13,t2,replay
rep_20260213_PCG,2026-02-13,2026-05-30 02:57:59.416816,PCG,TREND_LEADER,C,replay,18.16,17.04,19.05,20.22,0.8,1.1161,won,2026-03-05,18.61,0.397,0.893,-0.437,20,stop_after_t1,replay
rep_20260219_PCG,2026-02-19,2026-05-30 02:57:59.424643,PCG,TREND_LEADER,C,replay,18.1,16.91,18.38,20.27,0.24,1.1911,won,2026-03-05,18.24,0.118,0.891,-0.109,14,stop_after_t1,replay
rep_20260224_PCG,2026-02-24,2026-05-30 02:57:59.432818,PCG,TREND_LEADER,C,replay,18.66,17.5,19.59,20.96,0.8,1.1589,lost,2026-03-20,17.5,-1.0,0.431,-1.181,24,stop,replay
rep_20260227_PCG,2026-02-27,2026-05-30 02:57:59.440642,PCG,TREND_LEADER,C,replay,19.0,17.95,19.84,21.44,0.8,1.0518,lost,2026-03-06,17.95,-1.0,0.152,-1.019,7,stop,replay
rep_20260304_PCG,2026-03-04,2026-05-30 02:57:59.448784,PCG,TREND_LEADER,C,replay,18.88,17.85,19.16,21.1,0.27,1.0268,lost,2026-03-20,17.85,-1.0,-0.126,-1.544,16,stop,replay
rep_20260309_PCG,2026-03-09,2026-05-30 02:57:59.456686,PCG,TREND_LEADER,C,replay,18.17,17.82,19.16,20.02,2.81,0.3529,lost,2026-03-20,17.82,-1.0,1.657,-2.514,11,stop,replay
rep_20260312_PCG,2026-03-12,2026-05-30 02:57:59.464348,PCG,TREND_LEADER,C,replay,18.07,17.82,19.16,19.76,4.35,0.2504,lost,2026-03-20,17.82,-1.0,2.72,-3.12,8,stop,replay
rep_20260317_PCG,2026-03-17,2026-05-30 02:57:59.472263,PCG,TREND_LEADER,C,replay,18.36,17.82,19.16,19.79,1.47,0.5443,lost,2026-03-20,17.82,-1.0,0.204,-1.981,3,stop,replay
rep_20260320_PCG,2026-03-20,2026-05-30 02:57:59.48013,PCG,MEAN_REVERSION,B,replay,17.32,17.17,19.16,19.86,12.47,0.1475,lost,2026-03-23,17.17,-1.0,1.667,-2.133,3,stop,replay
rep_20260402_PCG,2026-04-02,2026-05-30 02:57:59.48811,PCG,TREND_LEADER,C,replay,17.77,16.9,18.75,19.38,1.12,0.8743,won,2026-04-13,18.26,0.563,1.322,-0.517,11,stop_after_t1,replay
rep_20260408_PCG,2026-04-08,2026-05-30 02:57:59.496059,PCG,TREND_LEADER,C,replay,18.39,17.33,18.75,19.69,0.34,1.0571,won,2026-04-13,18.57,0.17,0.5,-1.009,5,stop_after_t1,replay
rep_20250918_PLTR,2025-09-18,2026-05-30 02:57:59.526926,PLTR,TREND_LEADER,C,replay,176.97,160.32,178.8,202.15,0.11,16.6461,won,2025-09-25,177.88,0.055,0.527,-0.161,7,stop_after_t1,replay
rep_20250923_PLTR,2025-09-23,2026-05-30 02:57:59.535947,PLTR,TREND_LEADER,C,replay,182.55,166.16,185.75,207.73,0.2,16.3925,won,2025-10-03,184.15,0.098,0.345,-0.719,10,stop_after_t1,replay
rep_20250926_PLTR,2025-09-26,2026-05-30 02:57:59.543942,PLTR,TREND_LEADER,C,replay,177.57,160.65,185.75,202.75,0.48,16.9229,won,2025-10-03,181.66,0.242,0.628,-0.402,7,stop_after_t1,replay
rep_20251001_PLTR,2025-10-01,2026-05-30 02:57:59.552433,PLTR,TREND_LEADER,C,replay,184.95,168.36,186.28,210.13,0.08,16.5875,won,2025-10-03,185.62,0.04,0.196,-0.855,2,stop_after_t1,replay
rep_20251006_PLTR,2025-10-06,2026-05-30 02:57:59.559982,PLTR,TREND_LEADER,C,replay,179.53,168.81,188.2,199.99,0.81,10.725,won,2025-10-31,194.09,1.359,2.299,-0.943,25,t2,replay
rep_20251009_PLTR,2025-10-09,2026-05-30 02:57:59.568506,PLTR,TREND_LEADER,C,replay,185.47,168.98,188.2,202.71,0.17,16.4921,won,2025-10-31,195.45,0.606,1.135,-0.973,22,t2,replay
rep_20251014_PLTR,2025-10-14,2026-05-30 02:57:59.578113,PLTR,TREND_LEADER,C,replay,179.74,168.79,188.2,200.06,0.77,10.9459,won,2025-10-31,194.13,1.314,2.232,-0.942,17,t2,replay
rep_20251027_PLTR,2025-10-27,2026-05-30 02:57:59.588418,PLTR,TREND_LEADER,C,replay,189.18,169.8,192.83,204.46,0.19,19.3838,won,2025-11-03,198.65,0.488,0.946,-0.124,7,t2,replay
rep_20251030_PLTR,2025-10-30,2026-05-30 02:57:59.598927,PLTR,TREND_LEADER,C,replay,194.55,175.79,199.85,212.81,0.28,18.7588,won,2025-11-04,197.2,0.141,0.691,-0.479,5,stop_after_t1,replay
rep_20251104_PLTR,2025-11-04,2026-05-30 02:57:59.608095,PLTR,TREND_LEADER,C,replay,190.74,169.72,207.52,220.13,0.8,21.023,lost,2025-11-07,169.72,-1.0,0.017,-1.039,3,stop,replay
rep_20251120_PLTR,2025-11-20,2026-05-30 02:57:59.616507,PLTR,MEAN_REVERSION,C,replay,155.74,151.43,207.52,225.31,12.0,4.3154,lost,2025-11-21,151.43,-1.0,0.55,-1.898,1,stop,replay
rep_20251212_PLTR,2025-12-12,2026-05-30 02:57:59.624517,PLTR,TREND_LEADER,C,replay,183.57,167.21,190.39,219.55,0.42,16.3625,won,2025-12-30,186.98,0.208,0.936,-0.432,18,stop_after_t1,replay
rep_20251222_PLTR,2025-12-22,2026-05-30 02:57:59.632392,PLTR,TREND_LEADER,C,replay,193.98,175.53,198.88,224.56,0.27,18.4489,lost,2026-01-02,175.53,-1.0,0.128,-1.498,11,stop,replay
rep_20251226_PLTR,2025-12-26,2026-05-30 02:57:59.640608,PLTR,TREND_LEADER,C,replay,188.71,174.73,198.88,215.35,0.73,13.9767,lost,2026-01-02,174.73,-1.0,-0.108,-1.599,7,stop,replay
rep_20250918_PWR,2025-09-18,2026-05-30 02:57:59.683199,PWR,TREND_LEADER,C,replay,390.65,363.13,400.87,427.81,0.37,27.525,won,2025-09-25,395.76,0.186,0.597,-0.306,7,stop_after_t1,replay
rep_20250926_PWR,2025-09-26,2026-05-30 02:57:59.692731,PWR,TREND_LEADER,C,replay,405.44,376.23,408.74,442.6,0.11,29.2143,won,2025-10-08,425.67,0.693,1.319,0.015,12,t2,replay
rep_20251001_PWR,2025-10-01,2026-05-30 02:57:59.704866,PWR,TREND_LEADER,C,replay,420.65,392.52,423.72,457.81,0.11,28.1304,won,2025-10-03,422.19,0.055,0.376,-0.182,2,stop_after_t1,replay
rep_20251006_PWR,2025-10-06,2026-05-30 02:57:59.720833,PWR,TREND_LEADER,C,replay,427.8,398.59,431.24,464.38,0.12,29.2143,won,2025-10-08,429.52,0.059,0.554,-0.431,2,stop_after_t1,replay
rep_20251009_PWR,2025-10-09,2026-05-30 02:57:59.731905,PWR,TREND_LEADER,C,replay,429.92,396.24,443.97,472.26,0.42,33.6821,won,2025-10-21,436.95,0.209,0.495,-0.398,12,stop_after_t1,replay
rep_20251014_PWR,2025-10-14,2026-05-30 02:57:59.742678,PWR,TREND_LEADER,C,replay,431.6,403.7,443.97,473.94,0.44,27.895,won,2025-10-17,437.79,0.222,0.538,-0.057,3,stop_after_t1,replay
rep_20251017_PWR,2025-10-17,2026-05-30 02:57:59.752984,PWR,TREND_LEADER,C,replay,433.85,411.56,446.6,472.47,0.57,22.2906,lost,2025-10-22,411.56,-1.0,0.458,-1.316,5,stop,replay
rep_20251022_PWR,2025-10-22,2026-05-30 02:57:59.763855,PWR,TREND_LEADER,C,replay,412.21,400.3,446.6,471.85,2.89,11.908,won,2025-11-19,446.04,2.84,4.804,0.066,28,timeout_after_t1,replay
rep_20251027_PWR,2025-10-27,2026-05-30 02:57:59.773661,PWR,TREND_LEADER,C,replay,441.82,400.17,447.17,473.2,0.13,41.6475,won,2025-10-30,444.5,0.064,0.457,-0.191,3,stop_after_t1,replay
rep_20251030_PWR,2025-10-30,2026-05-30 02:57:59.784027,PWR,TREND_LEADER,C,replay,453.83,411.91,460.86,487.64,0.17,41.9196,won,2025-11-03,457.35,0.084,0.372,-0.139,4,stop_after_t1,replay
rep_20251104_PWR,2025-11-04,2026-05-30 02:57:59.794579,PWR,TREND_LEADER,C,replay,438.66,400.32,469.43,494.56,0.8,38.3387,won,2025-12-03,456.02,0.453,0.72,-0.669,29,timeout,replay
rep_20251107_PWR,2025-11-07,2026-05-30 02:57:59.805303,PWR,TREND_LEADER,C,replay,445.01,425.56,469.43,496.71,1.26,19.4461,lost,2025-11-13,425.56,-1.0,0.609,-1.042,6,stop,replay
rep_20251112_PWR,2025-11-12,2026-05-30 02:57:59.816106,PWR,TREND_LEADER,C,replay,449.42,426.24,469.43,492.62,0.86,23.1754,lost,2025-11-13,426.24,-1.0,-0.0,-1.065,1,stop,replay
rep_20251120_PWR,2025-11-20,2026-05-30 02:57:59.827965,PWR,TREND_LEADER,C,replay,429.78,410.95,469.43,495.69,2.11,18.8261,won,2025-12-17,449.61,1.053,2.348,-0.913,27,stop_after_t1,replay
rep_20251125_PWR,2025-11-25,2026-05-30 02:57:59.839869,PWR,TREND_LEADER,C,replay,450.14,408.33,469.43,497.43,0.46,41.8072,won,2025-12-12,459.78,0.231,0.57,-0.444,17,stop_after_t1,replay
rep_20251201_PWR,2025-12-01,2026-05-30 02:57:59.849279,PWR,TREND_LEADER,C,replay,452.23,408.6,466.25,492.67,0.32,43.6327,won,2025-12-10,459.24,0.161,0.499,-0.26,9,stop_after_t1,replay
rep_20251204_PWR,2025-12-04,2026-05-30 02:57:59.870344,PWR,TREND_LEADER,C,replay,464.84,420.65,469.43,498.7,0.1,44.1857,won,2025-12-09,467.13,0.052,0.207,-0.187,5,stop_after_t1,replay
rep_20251209_PWR,2025-12-09,2026-05-30 02:57:59.88052,PWR,TREND_LEADER,C,replay,457.96,421.07,473.99,497.55,0.43,36.8873,lost,2025-12-17,421.07,-1.0,0.313,-1.23,8,stop,replay
rep_20251217_PWR,2025-12-17,2026-05-30 02:57:59.889836,PWR,MEAN_REVERSION,B,replay,414.25,408.68,473.99,497.43,10.73,5.5659,lost,2026-01-08,408.68,-1.0,6.82,-1.057,22,stop,replay
rep_20251231_PWR,2025-12-31,2026-05-30 02:57:59.898198,PWR,VCP,B,replay,422.06,409.6,473.99,491.95,4.17,12.4636,lost,2026-01-08,409.6,-1.0,2.422,-1.1,8,stop,replay
rep_20260120_PWR,2026-01-20,2026-05-30 02:57:59.906275,PWR,TREND_LEADER,C,replay,463.49,422.28,480.93,507.03,0.42,41.2089,won,2026-01-23,472.21,0.212,0.48,-0.099,3,stop_after_t1,replay
rep_20260123_PWR,2026-01-23,2026-05-30 02:57:59.914733,PWR,TREND_LEADER,C,replay,468.76,424.24,483.29,513.72,0.33,44.525,won,2026-02-02,476.02,0.163,0.456,-0.068,10,stop_after_t1,replay
rep_20260128_PWR,2026-01-28,2026-05-30 02:57:59.922527,PWR,TREND_LEADER,C,replay,481.28,437.54,487.0,528.46,0.13,43.7429,won,2026-01-30,484.14,0.065,0.178,-0.219,2,stop_after_t1,replay
rep_20260202_PWR,2026-02-02,2026-05-30 02:57:59.929873,PWR,TREND_LEADER,C,replay,477.77,454.81,489.06,526.19,0.49,22.9609,won,2026-02-04,483.41,0.246,0.655,-1.159,2,stop_after_t1,replay
rep_20260205_PWR,2026-02-05,2026-05-30 02:57:59.937314,PWR,TREND_LEADER,C,replay,477.72,446.55,492.8,528.38,0.48,31.1745,won,2026-02-11,510.59,1.055,1.822,0.154,6,t2,replay
rep_20260210_PWR,2026-02-10,2026-05-30 02:57:59.944759,PWR,TREND_LEADER,C,replay,510.64,465.17,520.42,566.94,0.22,45.4732,won,2026-02-13,515.53,0.108,0.718,-0.056,3,stop_after_t1,replay
rep_20260213_PWR,2026-02-13,2026-05-30 02:57:59.952396,PWR,TREND_LEADER,C,replay,524.08,473.03,543.28,579.35,0.38,51.0482,won,2026-03-16,558.65,0.677,1.034,-0.107,31,timeout_after_t1,replay
rep_20260219_PWR,2026-02-19,2026-05-30 02:57:59.959836,PWR,TREND_LEADER,C,replay,554.0,499.14,597.89,630.8,0.8,54.8589,won,2026-03-19,577.95,0.437,0.542,-0.415,28,timeout,replay
rep_20260224_PWR,2026-02-24,2026-05-30 02:57:59.967406,PWR,TREND_LEADER,C,replay,568.21,508.15,616.26,652.3,0.8,60.0643,won,2026-03-24,578.44,0.17,0.258,-0.616,28,timeout,replay
rep_20260227_PWR,2026-02-27,2026-05-30 02:57:59.975057,PWR,TREND_LEADER,C,replay,563.08,510.71,573.94,636.74,0.21,52.375,won,2026-03-03,568.51,0.104,0.208,-0.307,4,stop_after_t1,replay
rep_20260304_PWR,2026-03-04,2026-05-30 02:58:00.25826,PWR,TREND_LEADER,C,replay,568.38,521.73,573.97,642.06,0.12,46.6456,won,2026-03-11,571.17,0.06,0.182,-0.797,7,stop_after_t1,replay
rep_20260309_PWR,2026-03-09,2026-05-30 02:58:00.266885,PWR,TREND_LEADER,C,replay,568.04,525.45,573.97,610.5,0.14,42.5917,won,2026-03-11,571.0,0.07,0.207,-0.214,2,stop_after_t1,replay
rep_20260312_PWR,2026-03-12,2026-05-30 02:58:00.275062,PWR,TREND_LEADER,C,replay,566.91,525.83,576.86,609.17,0.24,41.0842,won,2026-03-19,571.88,0.121,0.409,-0.266,7,stop_after_t1,replay
rep_20260317_PWR,2026-03-17,2026-05-30 02:58:00.282816,PWR,TREND_LEADER,C,replay,571.64,525.96,578.4,609.92,0.15,45.6839,won,2026-03-19,575.02,0.074,0.265,-0.286,2,stop_after_t1,replay
rep_20260320_PWR,2026-03-20,2026-05-30 02:58:00.291552,PWR,TREND_LEADER,C,replay,555.39,525.81,583.73,616.14,0.96,29.5812,lost,2026-03-31,525.81,-1.0,0.916,-1.128,11,stop,replay
rep_20260325_PWR,2026-03-25,2026-05-30 02:58:00.299553,PWR,TREND_LEADER,C,replay,573.5,545.88,583.73,614.76,0.37,27.6218,lost,2026-03-26,545.88,-1.0,-0.224,-1.037,1,stop,replay
rep_20260330_PWR,2026-03-30,2026-05-30 02:58:00.307227,PWR,PULLBACK,B,replay,533.78,522.0,583.73,615.13,4.24,11.7833,won,2026-04-22,599.43,5.573,7.43,-0.997,23,t2,replay
rep_20260402_PWR,2026-04-02,2026-05-30 02:58:00.314822,PWR,TREND_LEADER,C,replay,560.63,516.26,583.73,618.32,0.52,44.3655,won,2026-04-22,601.03,0.91,1.368,-0.28,20,t2,replay
rep_20260408_PWR,2026-04-08,2026-05-30 02:58:00.3225,PWR,TREND_LEADER,C,replay,576.24,518.65,583.73,618.28,0.13,57.5911,won,2026-04-22,601.0,0.43,0.783,-0.004,14,t2,replay
rep_20260413_PWR,2026-04-13,2026-05-30 02:58:00.330056,PWR,TREND_LEADER,C,replay,595.84,544.6,636.83,667.57,0.8,51.2357,won,2026-04-30,652.2,1.1,2.596,-0.307,17,t2,replay
rep_20260421_PWR,2026-04-21,2026-05-30 02:58:00.339522,PWR,BREAKOUT,A,replay,605.89,566.67,611.64,659.66,0.15,39.2179,won,2026-04-30,635.65,0.759,3.135,0.105,9,t2,replay
rep_20260424_PWR,2026-04-24,2026-05-30 02:58:00.350424,PWR,BREAKOUT,A,replay,624.84,586.43,638.9,694.96,0.37,38.4143,won,2026-04-28,631.87,0.183,0.411,-0.269,4,stop_after_t1,replay
rep_20260429_PWR,2026-04-29,2026-05-30 02:58:00.361202,PWR,BREAKOUT,A,replay,628.6,589.28,640.61,684.77,0.31,39.3161,won,2026-04-30,662.69,0.867,2.55,1.609,1,t2,replay
rep_20260504_PWR,2026-05-04,2026-05-30 02:58:00.373015,PWR,TREND_LEADER,C,replay,757.34,699.03,763.11,886.29,0.1,58.3143,won,2026-05-07,760.23,0.049,0.539,-0.256,3,stop_after_t1,replay
rep_20250902_QCOM,2025-09-02,2026-05-30 02:58:00.419195,QCOM,TREND_LEADER,C,replay,158.78,152.23,161.6,182.1,0.43,6.5496,won,2025-09-08,160.19,0.215,0.719,-0.658,6,stop_after_t1,replay
rep_20250905_QCOM,2025-09-05,2026-05-30 02:58:00.43137,QCOM,TREND_LEADER,C,replay,159.84,153.59,163.49,182.1,0.58,6.2511,won,2025-10-03,166.33,1.039,2.336,-0.517,28,timeout_after_t1,replay
rep_20250910_QCOM,2025-09-10,2026-05-30 02:58:00.441971,QCOM,TREND_LEADER,C,replay,158.95,153.59,163.49,182.1,0.85,5.3582,won,2025-10-08,165.63,1.246,2.89,-0.185,28,timeout_after_t1,replay
rep_20250918_QCOM,2025-09-18,2026-05-30 02:58:00.45309,QCOM,TREND_LEADER,C,replay,168.13,159.14,182.1,187.49,1.55,8.9875,lost,2025-10-10,159.14,-1.0,0.702,-1.644,22,stop,replay
rep_20250923_QCOM,2025-09-23,2026-05-30 02:58:00.46216,QCOM,TREND_LEADER,C,replay,169.53,160.85,170.85,182.1,0.15,8.6839,won,2025-09-25,170.19,0.076,0.566,-0.183,2,stop_after_t1,replay
rep_20250926_QCOM,2025-09-26,2026-05-30 02:58:00.471685,QCOM,TREND_LEADER,C,replay,169.2,160.13,174.44,182.1,0.58,9.0714,lost,2025-10-10,160.13,-1.0,0.307,-1.748,14,stop,replay
rep_20251001_QCOM,2025-10-01,2026-05-30 02:58:00.481691,QCOM,TREND_LEADER,C,replay,166.49,163.61,174.44,182.1,2.76,2.8818,lost,2025-10-09,163.61,-1.0,1.906,-1.132,8,stop,replay
rep_20251006_QCOM,2025-10-06,2026-05-30 02:58:00.492613,QCOM,TREND_LEADER,C,replay,168.62,163.6,174.44,182.1,1.16,5.0157,lost,2025-10-09,163.6,-1.0,0.669,-1.074,3,stop,replay
rep_20251009_QCOM,2025-10-09,2026-05-30 02:58:00.502485,QCOM,TREND_LEADER,C,replay,165.66,162.24,174.44,182.1,2.56,3.423,lost,2025-10-10,162.24,-1.0,-0.167,-3.599,1,stop,replay
rep_20251027_QCOM,2025-10-27,2026-05-30 02:58:00.512972,QCOM,TREND_LEADER,C,replay,187.68,169.56,205.95,219.24,1.01,18.1214,lost,2025-11-07,169.56,-1.0,-0.098,-1.072,11,stop,replay
rep_20251030_QCOM,2025-10-30,2026-05-30 02:58:00.522654,QCOM,TREND_LEADER,C,replay,177.26,160.08,205.95,216.26,1.67,17.1821,lost,2025-11-20,160.08,-1.0,0.36,-1.072,21,stop,replay
rep_20251104_QCOM,2025-11-04,2026-05-30 02:58:00.531697,QCOM,TREND_LEADER,C,replay,172.84,164.3,205.95,216.3,3.87,8.5448,lost,2025-11-18,164.3,-1.0,1.24,-1.341,14,stop,replay
rep_20251107_QCOM,2025-11-07,2026-05-30 02:58:00.541341,QCOM,TREND_LEADER,C,replay,170.89,166.25,205.95,217.93,7.56,4.6375,lost,2025-11-17,166.25,-1.0,1.711,-1.233,10,stop,replay
rep_20251112_QCOM,2025-11-12,2026-05-30 02:58:00.550533,QCOM,TREND_LEADER,C,replay,176.67,166.19,205.95,218.32,2.79,10.4809,lost,2025-11-17,166.19,-1.0,0.206,-1.097,5,stop,replay
rep_20251117_QCOM,2025-11-17,2026-05-30 02:58:00.561337,QCOM,PULLBACK,A,replay,166.75,163.64,205.95,215.14,12.59,3.1125,lost,2025-11-18,163.64,-1.0,0.013,-1.723,1,stop,replay
rep_20251120_QCOM,2025-11-20,2026-05-30 02:58:00.572057,QCOM,MEAN_REVERSION,C,replay,159.59,157.22,205.95,215.74,19.55,2.3712,won,2025-12-19,175.25,6.608,10.063,-0.207,29,timeout,replay
rep_20251209_QCOM,2025-12-09,2026-05-30 02:58:00.582986,QCOM,VCP,B,replay,176.0,166.01,178.83,205.95,0.28,9.9893,won,2025-12-16,177.42,0.142,0.745,-0.119,7,stop_after_t1,replay
rep_20251212_QCOM,2025-12-12,2026-05-30 02:58:00.594088,QCOM,TREND_LEADER,C,replay,178.29,168.67,183.44,206.55,0.54,9.6232,won,2026-01-07,180.87,0.268,0.64,-0.757,26,stop_after_t1,replay
rep_20251217_QCOM,2025-12-17,2026-05-30 02:58:00.604421,QCOM,TREND_LEADER,C,replay,172.34,171.02,183.44,205.95,8.4,1.3214,lost,2025-12-31,171.02,-1.0,4.53,-1.008,14,stop,replay
rep_20251222_QCOM,2025-12-22,2026-05-30 02:58:00.615332,QCOM,VCP,B,replay,174.22,171.0,183.44,205.95,2.86,3.22,won,2026-01-12,178.83,1.432,3.177,-1.547,21,stop_after_t1,replay
rep_20251226_QCOM,2025-12-26,2026-05-30 02:58:00.625835,QCOM,VCP,A,replay,174.81,171.1,183.44,205.95,2.33,3.7118,lost,2025-12-31,171.1,-1.0,0.102,-1.024,5,stop,replay
rep_20251231_QCOM,2025-12-31,2026-05-30 02:58:00.636782,QCOM,VCP,A,replay,171.05,170.2,183.44,205.95,14.52,0.853,won,2026-01-12,177.25,7.288,15.765,-2.129,12,stop_after_t1,replay
rep_20260106_QCOM,2026-01-06,2026-05-30 02:58:00.648352,QCOM,BREAKOUT,A,replay,182.45,173.54,184.45,205.95,0.22,8.9089,lost,2026-01-12,173.54,-1.0,0.209,-1.483,6,stop,replay
rep_20260109_QCOM,2026-01-09,2026-05-30 02:58:00.667101,QCOM,VCP,B,replay,177.78,169.98,184.45,205.95,0.86,7.7952,lost,2026-01-12,169.98,-1.0,-0.244,-1.095,3,stop,replay
rep_20260114_QCOM,2026-01-14,2026-05-30 02:58:00.680379,QCOM,MEAN_REVERSION,C,replay,164.54,161.21,184.45,205.95,5.97,3.333,lost,2026-01-15,161.21,-1.0,0.589,-1.054,1,stop,replay
rep_20260504_QCOM,2026-05-04,2026-05-30 02:58:00.69334,QCOM,TREND_LEADER,C,replay,168.38,146.82,186.89,207.32,0.86,21.5643,won,2026-05-07,197.1,1.332,2.564,-0.167,3,t2,replay
rep_20250902_RDDT,2025-09-02,2026-05-30 02:58:00.725338,RDDT,TREND_LEADER,C,replay,220.06,202.02,253.14,273.27,1.83,18.0404,won,2025-09-18,263.2,2.392,3.486,-0.075,16,t2,replay
rep_20250905_RDDT,2025-09-05,2026-05-30 02:58:00.734015,RDDT,TREND_LEADER,C,replay,240.0,206.03,253.14,273.52,0.39,33.9723,won,2025-09-18,263.33,0.687,1.264,-0.298,13,t2,replay
rep_20250910_RDDT,2025-09-10,2026-05-30 02:58:00.742231,RDDT,TREND_LEADER,C,replay,259.03,226.18,261.13,292.48,0.06,32.8493,won,2025-09-12,260.08,0.032,0.232,-0.239,2,stop_after_t1,replay
rep_20250915_RDDT,2025-09-15,2026-05-30 02:58:00.75116,RDDT,TREND_LEADER,C,replay,263.64,230.31,266.64,300.4,0.09,33.335,won,2025-09-17,265.14,0.045,0.202,-0.433,2,stop_after_t1,replay
rep_20250918_RDDT,2025-09-18,2026-05-30 02:58:00.761582,RDDT,TREND_LEADER,C,replay,270.71,236.41,282.95,315.54,0.36,34.3048,lost,2025-09-23,236.41,-1.0,0.037,-1.016,5,stop,replay
rep_20250923_RDDT,2025-09-23,2026-05-30 02:58:00.773233,RDDT,TREND_LEADER,C,replay,237.45,232.2,282.95,304.87,8.66,5.253,lost,2025-09-25,232.2,-1.0,1.248,-2.657,2,stop,replay
rep_20250926_RDDT,2025-09-26,2026-05-30 02:58:00.783158,RDDT,TREND_LEADER,C,replay,240.11,219.99,282.95,304.03,2.13,20.1236,lost,2025-10-01,219.99,-1.0,0.314,-1.881,5,stop,replay
rep_20251001_RDDT,2025-10-01,2026-05-30 02:58:00.79201,RDDT,MEAN_REVERSION,B,replay,202.6,198.54,282.95,305.24,19.81,4.0556,lost,2025-10-08,198.54,-1.0,2.655,-1.869,7,stop,replay
rep_20251125_RDDT,2025-11-25,2026-05-30 02:58:00.800526,RDDT,TREND_LEADER,C,replay,218.48,183.94,230.97,284.11,0.36,34.5387,won,2025-12-04,224.72,0.181,0.377,-0.324,9,stop_after_t1,replay
rep_20251201_RDDT,2025-12-01,2026-05-30 02:58:00.807942,RDDT,TREND_LEADER,C,replay,223.4,190.71,226.25,289.03,0.09,32.6855,won,2025-12-03,224.82,0.044,0.248,-0.104,2,stop_after_t1,replay
rep_20251204_RDDT,2025-12-04,2026-05-30 02:58:00.816211,RDDT,TREND_LEADER,C,replay,222.75,192.49,231.51,288.38,0.29,30.2641,won,2025-12-15,227.13,0.145,0.576,-0.311,11,stop_after_t1,replay
rep_20251209_RDDT,2025-12-09,2026-05-30 02:58:00.823899,RDDT,TREND_LEADER,C,replay,236.11,205.27,238.2,298.93,0.07,30.8427,won,2025-12-11,237.16,0.034,0.132,-0.286,2,stop_after_t1,replay
rep_20251212_RDDT,2025-12-12,2026-05-30 02:58:00.832529,RDDT,TREND_LEADER,C,replay,224.78,208.43,240.18,282.95,0.94,16.3546,won,2025-12-24,232.48,0.471,1.307,-0.699,12,stop_after_t1,replay
rep_20251217_RDDT,2025-12-17,2026-05-30 02:58:00.841276,RDDT,TREND_LEADER,C,replay,227.34,210.58,240.18,282.95,0.77,16.756,won,2025-12-23,233.76,0.383,1.122,-0.113,6,stop_after_t1,replay
rep_20251222_RDDT,2025-12-22,2026-05-30 02:58:00.860855,RDDT,TREND_LEADER,C,replay,233.15,210.54,246.15,282.95,0.58,22.6062,won,2026-01-15,239.65,0.287,1.342,-0.57,24,stop_after_t1,replay
rep_20251226_RDDT,2025-12-26,2026-05-30 02:58:00.870492,RDDT,TREND_LEADER,C,replay,225.77,210.68,246.15,282.95,1.35,15.0851,won,2026-01-15,235.96,0.675,2.5,-0.123,20,stop_after_t1,replay
rep_20251231_RDDT,2025-12-31,2026-05-30 02:58:00.881078,RDDT,TREND_LEADER,C,replay,229.87,217.66,246.15,282.95,1.33,12.2135,won,2026-01-15,238.01,0.667,2.754,-0.378,15,stop_after_t1,replay
rep_20260106_RDDT,2026-01-06,2026-05-30 02:58:00.891104,RDDT,TREND_LEADER,C,replay,253.81,228.03,282.95,298.42,1.13,25.7789,lost,2026-01-15,228.03,-1.0,0.376,-1.108,9,stop,replay
rep_20260109_RDDT,2026-01-09,2026-05-30 02:58:00.90153,RDDT,TREND_LEADER,C,replay,244.56,217.51,263.5,282.95,0.7,27.0528,lost,2026-01-20,217.51,-1.0,0.694,-1.006,11,stop,replay
rep_20260114_RDDT,2026-01-14,2026-05-30 02:58:00.910607,RDDT,TREND_LEADER,C,replay,252.38,224.53,263.5,282.95,0.4,27.8465,lost,2026-01-16,224.53,-1.0,-0.05,-1.06,2,stop,replay
rep_20251001_SMCI,2025-10-01,2026-05-30 02:58:00.976982,SMCI,TREND_LEADER,C,replay,52.39,46.82,66.44,69.78,2.52,5.5661,won,2025-10-29,52.69,0.054,1.147,-0.899,28,timeout,replay
rep_20251006_SMCI,2025-10-06,2026-05-30 02:58:00.988673,SMCI,TREND_LEADER,C,replay,54.62,48.56,56.11,67.93,0.25,6.0643,won,2025-10-08,55.36,0.123,0.672,-0.168,2,stop_after_t1,replay
rep_20251009_SMCI,2025-10-09,2026-05-30 02:58:01.255403,SMCI,TREND_LEADER,C,replay,57.98,51.03,58.78,69.18,0.12,6.9464,lost,2025-10-22,51.03,-1.0,0.076,-1.144,13,stop,replay
rep_20251014_SMCI,2025-10-14,2026-05-30 02:58:01.267124,SMCI,TREND_LEADER,C,replay,53.11,46.6,58.78,66.44,0.87,6.5123,lost,2025-11-05,46.6,-1.0,0.536,-1.704,22,stop,replay
rep_20251017_SMCI,2025-10-17,2026-05-30 02:58:01.27727,SMCI,TREND_LEADER,C,replay,52.18,50.84,58.78,66.44,4.92,1.3407,lost,2025-10-22,50.84,-1.0,3.299,-1.604,5,stop,replay
rep_20251022_SMCI,2025-10-22,2026-05-30 02:58:01.285985,SMCI,TREND_LEADER,C,replay,52.5,49.22,58.78,66.44,1.91,3.2804,lost,2025-10-23,49.22,-1.0,-0.201,-1.561,1,stop,replay
rep_20251027_SMCI,2025-10-27,2026-05-30 02:58:01.294139,SMCI,TREND_LEADER,C,replay,51.57,46.58,58.78,66.44,1.44,4.9904,lost,2025-11-05,46.58,-1.0,0.503,-1.914,9,stop,replay
rep_20250902_SNOW,2025-09-02,2026-05-30 02:58:01.328449,SNOW,TREND_LEADER,C,replay,233.6,210.53,249.99,270.79,0.71,23.0686,lost,2025-09-30,225.55,-0.349,0.126,-0.837,28,timeout,replay
rep_20250905_SNOW,2025-09-05,2026-05-30 02:58:01.338819,SNOW,TREND_LEADER,C,replay,225.58,200.07,249.99,265.3,0.96,25.5098,won,2025-10-03,235.09,0.373,0.663,-0.442,28,timeout,replay
rep_20250910_SNOW,2025-09-10,2026-05-30 02:58:01.348209,SNOW,TREND_LEADER,C,replay,225.85,200.59,249.99,265.15,0.96,25.26,won,2025-10-08,250.1,0.96,1.028,-0.457,28,timeout_after_t1,replay
rep_20250915_SNOW,2025-09-15,2026-05-30 02:58:01.358624,SNOW,TREND_LEADER,C,replay,225.79,212.51,249.99,265.23,1.82,13.2795,won,2025-10-13,248.63,1.72,2.229,-0.865,28,timeout_after_t1,replay
rep_20250918_SNOW,2025-09-18,2026-05-30 02:58:01.369022,SNOW,PULLBACK,A,replay,222.11,212.51,249.99,260.72,2.9,9.5989,won,2025-10-16,245.02,2.387,3.467,-0.504,28,timeout_after_t1,replay
rep_20250923_SNOW,2025-09-23,2026-05-30 02:58:01.379685,SNOW,TREND_LEADER,C,replay,223.54,212.57,249.99,260.34,2.41,10.9658,won,2025-10-21,248.76,2.299,2.903,-0.572,28,timeout_after_t1,replay
rep_20251006_SNOW,2025-10-06,2026-05-30 02:58:01.39073,SNOW,TREND_LEADER,C,replay,242.52,223.72,245.76,263.93,0.17,18.8043,won,2025-10-10,244.14,0.086,0.685,-0.609,4,stop_after_t1,replay
rep_20251009_SNOW,2025-10-09,2026-05-30 02:58:01.401526,SNOW,TREND_LEADER,C,replay,250.67,228.37,253.6,274.25,0.13,22.3007,won,2025-10-13,252.13,0.066,0.212,-0.428,4,stop_after_t1,replay
rep_20251014_SNOW,2025-10-14,2026-05-30 02:58:01.411999,SNOW,TREND_LEADER,C,replay,240.83,220.25,255.39,269.75,0.71,20.5825,won,2025-10-28,262.57,1.056,1.463,-0.235,14,t2,replay
rep_20251017_SNOW,2025-10-17,2026-05-30 02:58:01.4236,SNOW,TREND_LEADER,C,replay,240.74,228.61,255.39,270.17,1.21,12.1336,won,2025-10-28,262.78,1.817,2.49,-0.204,11,t2,replay
rep_20251022_SNOW,2025-10-22,2026-05-30 02:58:01.433779,SNOW,TREND_LEADER,C,replay,241.67,233.58,255.39,269.93,1.7,8.0928,won,2025-10-28,262.66,2.595,3.618,0.208,6,t2,replay
rep_20251027_SNOW,2025-10-27,2026-05-30 02:58:01.444449,SNOW,TREND_LEADER,C,replay,265.97,242.58,267.8,293.74,0.08,23.3927,won,2025-10-29,266.88,0.039,0.274,-0.076,2,stop_after_t1,replay
rep_20251030_SNOW,2025-10-30,2026-05-30 02:58:01.455947,SNOW,TREND_LEADER,C,replay,271.18,250.11,273.29,296.51,0.1,21.0721,won,2025-11-04,272.24,0.05,0.45,-0.407,5,stop_after_t1,replay
rep_20251104_SNOW,2025-11-04,2026-05-30 02:58:01.465963,SNOW,TREND_LEADER,C,replay,265.42,242.27,280.67,294.56,0.66,23.1497,lost,2025-11-21,242.27,-1.0,0.451,-1.591,17,stop,replay
rep_20251107_SNOW,2025-11-07,2026-05-30 02:58:01.475532,SNOW,TREND_LEADER,C,replay,262.86,252.11,280.67,294.93,1.66,10.7462,lost,2025-11-14,252.11,-1.0,1.21,-1.828,7,stop,replay
rep_20251112_SNOW,2025-11-12,2026-05-30 02:58:01.48403,SNOW,TREND_LEADER,C,replay,269.82,252.16,280.67,296.62,0.61,17.6616,lost,2025-11-14,252.16,-1.0,-0.203,-1.507,2,stop,replay
rep_20251117_SNOW,2025-11-17,2026-05-30 02:58:01.492219,SNOW,PULLBACK,B,replay,252.79,240.56,280.67,296.58,2.28,12.2317,lost,2025-11-21,240.56,-1.0,0.774,-1.98,4,stop,replay
rep_20251120_SNOW,2025-11-20,2026-05-30 02:58:01.500398,SNOW,MEAN_REVERSION,C,replay,244.66,240.51,280.67,296.84,8.69,4.1451,lost,2025-11-21,240.51,-1.0,0.412,-3.875,1,stop,replay
rep_20251226_SNOW,2025-12-26,2026-05-30 02:58:01.508906,SNOW,VCP,B,replay,223.88,210.3,268.21,280.67,3.26,13.5793,lost,2026-01-13,210.3,-1.0,0.915,-1.206,18,stop,replay
rep_20251231_SNOW,2025-12-31,2026-05-30 02:58:01.516578,SNOW,VCP,B,replay,219.36,214.81,267.97,280.67,10.69,4.5468,lost,2026-01-02,214.81,-1.0,0.797,-1.189,2,stop,replay
rep_20250902_SNPS,2025-09-02,2026-05-30 02:58:01.559997,SNPS,VCP,B,replay,592.01,580.84,636.25,655.26,3.96,11.1675,lost,2025-09-10,580.84,-1.0,2.129,-18.905,8,stop,replay
rep_20260106_SNPS,2026-01-06,2026-05-30 02:58:01.570597,SNPS,TREND_LEADER,C,replay,508.77,476.87,651.73,670.87,4.48,31.9018,lost,2026-01-29,476.87,-1.0,0.829,-1.062,23,stop,replay
rep_20260109_SNPS,2026-01-09,2026-05-30 02:58:01.578955,SNPS,TREND_LEADER,C,replay,525.18,491.87,528.92,651.73,0.11,33.3107,won,2026-01-13,527.05,0.056,0.301,-0.411,4,stop_after_t1,replay
rep_20260114_SNPS,2026-01-14,2026-05-30 02:58:01.587189,SNPS,TREND_LEADER,C,replay,505.34,471.39,535.2,651.73,0.88,33.9518,lost,2026-01-30,471.39,-1.0,0.594,-1.241,16,stop,replay
rep_20260120_SNPS,2026-01-20,2026-05-30 02:58:01.595117,SNPS,TREND_LEADER,C,replay,510.97,488.67,535.2,651.73,1.09,22.3034,lost,2026-01-29,488.67,-1.0,0.651,-1.618,9,stop,replay
rep_20260123_SNPS,2026-01-23,2026-05-30 02:58:01.603082,SNPS,TREND_LEADER,C,replay,501.39,488.11,535.2,651.73,2.55,13.2813,lost,2026-01-29,488.11,-1.0,1.085,-1.995,6,stop,replay
rep_20260128_SNPS,2026-01-28,2026-05-30 02:58:01.611077,SNPS,TREND_LEADER,C,replay,511.35,488.58,535.2,651.73,1.05,22.7723,lost,2026-01-29,488.58,-1.0,-0.028,-1.601,1,stop,replay
rep_20260424_SNPS,2026-04-24,2026-05-30 02:58:01.6201,SNPS,TREND_LEADER,C,replay,500.82,452.15,651.73,680.93,3.1,48.6714,won,2026-05-22,524.74,0.491,0.684,-0.6,28,timeout,replay
rep_20260429_SNPS,2026-04-29,2026-05-30 02:58:01.627765,SNPS,TREND_LEADER,C,replay,481.22,432.29,502.28,651.73,0.43,48.9339,won,2026-05-20,491.75,0.215,0.787,-0.196,21,stop_after_t1,replay
rep_20260504_SNPS,2026-05-04,2026-05-30 02:58:01.635377,SNPS,TREND_LEADER,C,replay,497.5,451.99,502.28,651.73,0.11,45.5089,won,2026-05-15,499.89,0.053,0.488,-0.142,11,stop_after_t1,replay
rep_20250902_STX,2025-09-02,2026-05-30 02:58:01.67449,STX,TREND_LEADER,C,replay,170.5,158.21,173.42,187.7,0.24,12.2911,won,2025-09-05,180.56,0.819,1.524,-0.04,3,t2,replay
rep_20250905_STX,2025-09-05,2026-05-30 02:58:01.683811,STX,TREND_LEADER,C,replay,188.16,173.74,189.23,212.56,0.07,14.4196,won,2025-09-09,188.69,0.037,0.268,-0.068,4,stop_after_t1,replay
rep_20250910_STX,2025-09-10,2026-05-30 02:58:01.692102,STX,TREND_LEADER,C,replay,193.04,179.04,204.24,218.09,0.8,14.0036,won,2025-09-18,211.17,1.295,1.892,-0.004,8,t2,replay
rep_20250915_STX,2025-09-15,2026-05-30 02:58:01.700187,STX,TREND_LEADER,C,replay,211.12,195.29,214.2,248.14,0.19,15.8304,won,2025-09-17,212.66,0.097,0.258,-0.307,2,stop_after_t1,replay
rep_20250918_STX,2025-09-18,2026-05-30 02:58:01.708314,STX,TREND_LEADER,C,replay,216.64,199.13,219.53,256.54,0.17,17.5107,won,2025-09-25,218.08,0.083,0.875,-0.037,7,stop_after_t1,replay
rep_20250923_STX,2025-09-23,2026-05-30 02:58:01.716266,STX,TREND_LEADER,C,replay,228.13,209.98,231.96,269.07,0.21,18.1482,won,2025-09-30,230.05,0.106,0.462,-0.83,7,stop_after_t1,replay
rep_20250926_STX,2025-09-26,2026-05-30 02:58:01.724328,STX,TREND_LEADER,C,replay,217.51,198.45,231.96,258.37,0.76,19.0572,won,2025-10-01,245.17,1.451,2.145,0.383,5,t2,replay
rep_20251001_STX,2025-10-01,2026-05-30 02:58:01.732133,STX,TREND_LEADER,C,replay,256.84,230.91,258.4,306.39,0.06,25.9339,won,2025-10-03,257.62,0.03,0.308,-0.2,2,stop_after_t1,replay
rep_20251006_STX,2025-10-06,2026-05-30 02:58:01.740081,STX,TREND_LEADER,C,replay,242.83,215.01,264.83,288.93,0.79,27.8197,lost,2025-10-10,215.01,-1.0,0.069,-1.086,4,stop,replay
rep_20251009_STX,2025-10-09,2026-05-30 02:58:01.748213,STX,TREND_LEADER,C,replay,221.7,210.02,264.83,283.1,3.69,11.6848,lost,2025-10-20,210.02,-1.0,0.991,-1.056,11,stop,replay
rep_20251017_STX,2025-10-17,2026-05-30 02:58:01.755815,STX,TREND_LEADER,C,replay,225.4,207.43,264.83,283.67,2.19,17.9703,won,2025-11-05,274.25,2.718,3.258,-0.913,19,t2,replay
rep_20251030_STX,2025-10-30,2026-05-30 02:58:01.763845,STX,TREND_LEADER,C,replay,268.34,231.18,274.48,307.63,0.17,37.1589,won,2025-11-03,271.41,0.083,0.323,-0.673,4,stop_after_t1,replay
rep_20251104_STX,2025-11-04,2026-05-30 02:58:01.77139,STX,TREND_LEADER,C,replay,250.38,206.11,280.35,306.91,0.68,44.2696,won,2025-11-18,265.37,0.338,1.073,-0.019,14,stop_after_t1,replay
rep_20251107_STX,2025-11-07,2026-05-30 02:58:01.781537,STX,TREND_LEADER,C,replay,279.35,232.62,284.42,324.6,0.11,46.7286,won,2025-11-12,281.88,0.054,0.397,-0.007,5,stop_after_t1,replay
rep_20251112_STX,2025-11-12,2026-05-30 02:58:01.793064,STX,TREND_LEADER,C,replay,283.26,238.31,297.88,336.59,0.33,44.9523,lost,2025-11-20,238.31,-1.0,-0.128,-1.02,8,stop,replay
rep_20251117_STX,2025-11-17,2026-05-30 02:58:01.803719,STX,TREND_LEADER,C,replay,261.38,244.18,297.88,329.68,2.12,17.2,lost,2025-11-20,244.18,-1.0,0.833,-1.394,3,stop,replay
rep_20251120_STX,2025-11-20,2026-05-30 02:58:01.812109,STX,TREND_LEADER,C,replay,240.5,232.8,297.88,325.47,7.45,7.6984,lost,2025-11-21,232.8,-1.0,0.0,-1.544,1,stop,replay
rep_20251125_STX,2025-11-25,2026-05-30 02:58:01.82004,STX,TREND_LEADER,C,replay,261.89,224.33,297.88,323.56,0.96,37.5593,won,2025-12-24,291.57,0.79,1.252,-0.302,29,timeout_after_t1,replay
rep_20251201_STX,2025-12-01,2026-05-30 02:58:01.82784,STX,TREND_LEADER,C,replay,270.1,229.46,297.88,322.27,0.68,40.6446,won,2025-12-30,288.98,0.465,0.955,-0.482,29,timeout_after_t1,replay
rep_20251212_STX,2025-12-12,2026-05-30 02:58:01.835982,STX,TREND_LEADER,C,replay,287.64,249.62,308.93,335.83,0.56,38.0232,won,2026-01-08,298.28,0.28,1.167,-0.352,27,stop_after_t1,replay
rep_20251217_STX,2025-12-17,2026-05-30 02:58:01.844098,STX,TREND_LEADER,C,replay,277.65,253.63,308.93,331.3,1.3,24.0182,won,2026-01-06,320.12,1.768,2.263,-0.141,20,t2,replay
rep_20251222_STX,2025-12-22,2026-05-30 02:58:01.852195,STX,TREND_LEADER,C,replay,282.85,272.02,308.93,333.47,2.41,10.8297,won,2026-01-08,295.89,1.204,4.538,-0.792,17,stop_after_t1,replay
rep_20251226_STX,2025-12-26,2026-05-30 02:58:01.877203,STX,TREND_LEADER,C,replay,286.22,270.93,308.93,331.64,1.48,15.2947,won,2026-01-06,320.28,2.228,2.994,-0.782,11,t2,replay
rep_20251231_STX,2025-12-31,2026-05-30 02:58:01.885164,STX,PULLBACK,B,replay,275.39,270.82,308.93,329.63,7.34,4.5707,won,2026-01-06,319.28,9.604,12.387,0.503,6,t2,replay
rep_20260106_STX,2026-01-06,2026-05-30 02:58:01.893008,STX,TREND_LEADER,C,replay,330.42,292.45,360.79,383.57,0.8,37.9661,lost,2026-01-08,292.45,-1.0,-0.222,-1.377,2,stop,replay
rep_20260109_STX,2026-01-09,2026-05-30 02:58:01.902661,STX,TREND_LEADER,C,replay,304.01,269.94,332.0,357.97,0.82,34.0682,won,2026-01-26,344.99,1.203,1.951,-0.174,17,t2,replay
rep_20260114_STX,2026-01-14,2026-05-30 02:58:01.913422,STX,TREND_LEADER,C,replay,312.28,269.8,332.0,358.82,0.46,42.4795,won,2026-01-26,345.41,0.78,1.37,0.111,12,t2,replay
rep_20260120_STX,2026-01-20,2026-05-30 02:58:01.922801,STX,TREND_LEADER,C,replay,325.99,277.55,336.17,365.24,0.21,48.4429,won,2026-01-26,350.71,0.51,0.918,-0.049,6,t2,replay
rep_20260123_STX,2026-01-23,2026-05-30 02:58:01.934273,STX,TREND_LEADER,C,replay,346.1,290.99,350.05,391.57,0.07,55.1071,won,2026-01-28,370.81,0.448,1.876,-0.002,5,t2,replay
rep_20260128_STX,2026-01-28,2026-05-30 02:58:01.944024,STX,TREND_LEADER,C,replay,442.93,381.78,449.5,548.07,0.11,61.15,won,2026-01-30,446.22,0.054,0.244,-0.746,2,stop_after_t1,replay
rep_20260202_STX,2026-02-02,2026-05-30 02:58:01.956538,STX,TREND_LEADER,C,replay,432.95,365.31,457.84,541.04,0.37,67.6411,won,2026-02-04,445.39,0.184,0.391,-0.457,2,stop_after_t1,replay
rep_20260205_STX,2026-02-05,2026-05-30 02:58:01.969578,STX,TREND_LEADER,C,replay,405.45,325.95,459.41,514.21,0.68,79.4964,won,2026-02-13,432.43,0.339,0.684,-0.182,8,stop_after_t1,replay
rep_20260210_STX,2026-02-10,2026-05-30 02:58:01.980507,STX,TREND_LEADER,C,replay,396.23,380.6,459.41,509.8,4.04,15.6282,won,2026-02-24,427.82,2.021,4.07,-0.335,14,stop_after_t1,replay
rep_20260213_STX,2026-02-13,2026-05-30 02:58:01.991527,STX,TREND_LEADER,C,replay,425.99,381.78,459.84,515.14,0.77,44.2071,lost,2026-03-02,381.78,-1.0,0.203,-1.164,17,stop,replay
rep_20260219_STX,2026-02-19,2026-05-30 02:58:02.260336,STX,TREND_LEADER,C,replay,408.97,383.01,459.84,507.8,1.96,25.963,lost,2026-03-02,383.01,-1.0,0.675,-1.327,11,stop,replay
rep_20260224_STX,2026-02-24,2026-05-30 02:58:02.26959,STX,TREND_LEADER,C,replay,396.02,384.23,459.84,500.46,5.41,11.7896,lost,2026-03-02,384.23,-1.0,2.585,-1.823,6,stop,replay
rep_20260317_STX,2026-03-17,2026-05-30 02:58:02.279727,STX,TREND_LEADER,C,replay,421.09,358.71,434.95,491.79,0.22,62.375,won,2026-03-20,428.02,0.111,0.299,-0.525,3,stop_after_t1,replay
rep_20260320_STX,2026-03-20,2026-05-30 02:58:02.28812,STX,TREND_LEADER,C,replay,411.23,346.02,439.73,481.93,0.44,65.2107,won,2026-04-08,460.83,0.761,1.625,-0.917,19,t2,replay
rep_20260325_STX,2026-03-25,2026-05-30 02:58:02.296259,STX,TREND_LEADER,C,replay,413.22,362.0,439.73,483.92,0.52,51.2177,lost,2026-03-30,362.0,-1.0,-0.128,-1.207,5,stop,replay
rep_20260402_STX,2026-04-02,2026-05-30 02:58:02.304072,STX,TREND_LEADER,C,replay,429.36,351.4,439.73,500.06,0.13,77.9643,won,2026-04-08,469.9,0.52,1.126,0.201,6,t2,replay
rep_20260408_STX,2026-04-08,2026-05-30 02:58:02.311821,STX,TREND_LEADER,C,replay,496.3,410.36,517.18,595.76,0.24,85.9375,won,2026-04-23,556.47,0.7,1.298,-0.036,15,t2,replay
rep_20260413_STX,2026-04-13,2026-05-30 02:58:02.319833,STX,TREND_LEADER,C,replay,513.28,438.06,517.18,612.74,0.05,75.2232,won,2026-04-15,515.23,0.026,0.279,-0.157,2,stop_after_t1,replay
rep_20260416_STX,2026-04-16,2026-05-30 02:58:02.328092,STX,TREND_LEADER,C,replay,531.81,459.08,590.0,641.5,0.8,72.7321,won,2026-04-29,615.75,1.154,2.271,-0.003,13,t2,replay
rep_20260421_STX,2026-04-21,2026-05-30 02:58:02.335763,STX,TREND_LEADER,C,replay,559.9,489.8,567.7,689.67,0.11,70.1,won,2026-04-28,563.8,0.056,0.685,-0.096,7,stop_after_t1,replay
rep_20260424_STX,2026-04-24,2026-05-30 02:58:02.343373,STX,TREND_LEADER,C,replay,586.25,520.46,607.89,740.13,0.33,65.7857,won,2026-05-04,674.01,1.334,2.474,-0.502,10,t2,replay
rep_20260429_STX,2026-04-29,2026-05-30 02:58:02.351278,STX,TREND_LEADER,C,replay,643.3,559.95,697.0,823.71,0.64,83.35,won,2026-05-11,760.36,1.404,2.376,-0.051,12,t2,replay
rep_20260504_STX,2026-05-04,2026-05-30 02:58:02.35891,STX,TREND_LEADER,C,replay,738.54,644.2,749.0,920.94,0.11,94.3357,won,2026-05-18,743.77,0.055,1.089,-0.301,14,stop_after_t1,replay
rep_20250902_TEM,2025-09-02,2026-05-30 02:58:02.388935,TEM,TREND_LEADER,C,replay,78.34,65.56,85.28,96.58,0.54,12.7844,won,2025-09-22,90.93,0.985,1.522,-0.383,20,t2,replay
rep_20250905_TEM,2025-09-05,2026-05-30 02:58:02.398305,TEM,TREND_LEADER,C,replay,79.62,69.99,85.28,96.06,0.59,9.6276,won,2025-09-22,90.67,1.147,1.887,-0.254,17,t2,replay
rep_20250910_TEM,2025-09-10,2026-05-30 02:58:02.406443,TEM,TREND_LEADER,C,replay,78.16,70.13,85.28,92.89,0.89,8.0288,won,2025-09-22,89.09,1.361,2.444,0.157,12,t2,replay
rep_20250915_TEM,2025-09-15,2026-05-30 02:58:02.414365,TEM,TREND_LEADER,C,replay,85.13,72.68,91.06,99.55,0.48,12.453,won,2025-09-23,88.09,0.238,1.017,-0.227,8,stop_after_t1,replay
rep_20250918_TEM,2025-09-18,2026-05-30 02:58:02.42191,TEM,TREND_LEADER,C,replay,87.07,74.31,91.06,98.94,0.31,12.7629,won,2025-09-23,89.06,0.156,0.84,-0.239,5,stop_after_t1,replay
rep_20250923_TEM,2025-09-23,2026-05-30 02:58:02.429463,TEM,TREND_LEADER,C,replay,84.13,75.72,97.79,106.46,1.62,8.4055,lost,2025-09-25,75.72,-1.0,0.14,-1.134,2,stop,replay
rep_20250926_TEM,2025-09-26,2026-05-30 02:58:02.437162,TEM,TREND_LEADER,C,replay,78.48,73.15,97.79,106.43,3.62,5.3305,won,2025-10-24,93.51,2.82,4.848,-0.263,28,timeout_after_t1,replay
rep_20251001_TEM,2025-10-01,2026-05-30 02:58:02.444605,TEM,TREND_LEADER,C,replay,87.99,74.91,97.79,105.64,0.75,13.0816,won,2025-10-14,92.89,0.375,1.248,-0.053,13,stop_after_t1,replay
rep_20251006_TEM,2025-10-06,2026-05-30 02:58:02.452921,TEM,TREND_LEADER,C,replay,93.08,80.23,97.79,107.0,0.37,12.8495,won,2025-10-13,95.44,0.183,0.875,-0.302,7,stop_after_t1,replay
rep_20251009_TEM,2025-10-09,2026-05-30 02:58:02.460712,TEM,TREND_LEADER,C,replay,99.28,84.35,104.32,117.12,0.34,14.9298,lost,2025-10-22,84.35,-1.0,0.153,-1.164,13,stop,replay
rep_20251014_TEM,2025-10-14,2026-05-30 02:58:02.468151,TEM,TREND_LEADER,C,replay,89.87,79.47,104.32,112.65,1.39,10.3995,lost,2025-11-05,79.47,-1.0,0.71,-1.103,22,stop,replay
rep_20251022_TEM,2025-10-22,2026-05-30 02:58:02.476113,TEM,TREND_LEADER,C,replay,85.27,80.22,104.32,114.38,3.77,5.0468,lost,2025-11-05,80.22,-1.0,1.606,-1.36,14,stop,replay
rep_20251027_TEM,2025-10-27,2026-05-30 02:58:02.483779,TEM,TREND_LEADER,C,replay,91.58,80.26,104.32,114.15,1.13,11.3183,lost,2025-11-05,80.26,-1.0,0.037,-1.164,9,stop,replay
rep_20251107_TEM,2025-11-07,2026-05-30 02:58:02.491253,TEM,MEAN_REVERSION,B,replay,71.56,65.82,97.31,105.55,4.48,5.7436,lost,2025-11-14,65.82,-1.0,0.747,-1.2,7,stop,replay
rep_20250902_TER,2025-09-02,2026-05-30 02:58:02.535944,TER,TREND_LEADER,C,replay,120.61,111.97,144.16,149.35,2.72,8.6446,lost,2025-09-12,111.97,-1.0,0.328,-1.279,10,stop,replay
rep_20250905_TER,2025-09-05,2026-05-30 02:58:02.544332,TER,TREND_LEADER,C,replay,120.2,111.15,123.44,144.16,0.36,9.0518,lost,2025-09-12,111.15,-1.0,0.117,-1.176,7,stop,replay
rep_20250910_TER,2025-09-10,2026-05-30 02:58:02.552082,TER,TREND_LEADER,C,replay,117.82,112.13,123.44,144.16,0.99,5.6916,lost,2025-09-12,112.13,-1.0,0.169,-1.452,2,stop,replay
rep_20250915_TER,2025-09-15,2026-05-30 02:58:02.559782,TER,TREND_LEADER,C,replay,114.07,108.57,123.44,144.16,1.7,5.5009,won,2025-10-02,133.8,3.587,5.687,-0.229,17,t2,replay
rep_20250918_TER,2025-09-18,2026-05-30 02:58:02.567237,TER,TREND_LEADER,C,replay,118.82,108.49,123.44,144.16,0.45,10.3286,won,2025-10-02,133.8,1.45,2.568,-0.124,14,t2,replay
rep_20250923_TER,2025-09-23,2026-05-30 02:58:02.574656,TER,TREND_LEADER,C,replay,134.68,122.08,138.24,151.89,0.28,12.6,won,2025-10-10,136.46,0.141,1.272,-0.483,17,stop_after_t1,replay
rep_20250926_TER,2025-09-26,2026-05-30 02:58:02.582551,TER,TREND_LEADER,C,replay,135.31,122.52,138.24,152.52,0.23,12.7875,won,2025-10-10,136.78,0.115,1.204,-0.278,14,stop_after_t1,replay
rep_20251001_TER,2025-10-01,2026-05-30 02:58:02.590613,TER,TREND_LEADER,C,replay,141.12,128.35,144.16,160.31,0.24,12.7696,won,2025-10-07,142.64,0.119,0.751,-0.103,6,stop_after_t1,replay
rep_20251006_TER,2025-10-06,2026-05-30 02:58:02.597974,TER,TREND_LEADER,C,replay,147.87,134.63,150.71,172.56,0.21,13.2393,lost,2025-10-10,134.63,-1.0,0.183,-1.218,4,stop,replay
rep_20251009_TER,2025-10-09,2026-05-30 02:58:02.606179,TER,TREND_LEADER,C,replay,145.19,130.68,150.71,169.88,0.38,14.5072,won,2025-10-29,160.3,1.041,2.209,-0.926,20,t2,replay
rep_20251014_TER,2025-10-14,2026-05-30 02:58:02.614142,TER,TREND_LEADER,C,replay,136.97,130.23,150.71,159.83,2.04,6.7398,won,2025-10-29,155.27,2.715,5.975,-0.169,15,t2,replay
rep_20251017_TER,2025-10-17,2026-05-30 02:58:02.621777,TER,TREND_LEADER,C,replay,138.16,130.24,150.71,159.76,1.58,7.9188,won,2025-10-29,155.24,2.156,4.934,-0.294,12,t2,replay
rep_20251022_TER,2025-10-22,2026-05-30 02:58:02.629471,TER,TREND_LEADER,C,replay,138.84,130.22,150.71,159.89,1.38,8.6205,won,2025-10-29,155.3,1.91,4.455,-0.097,7,t2,replay
rep_20251027_TER,2025-10-27,2026-05-30 02:58:02.637268,TER,TREND_LEADER,C,replay,147.5,133.5,150.71,159.72,0.23,14.0013,won,2025-10-29,155.22,0.551,2.124,-0.242,2,t2,replay
rep_20251030_TER,2025-10-30,2026-05-30 02:58:02.644983,TER,TREND_LEADER,C,replay,176.88,158.44,179.21,205.36,0.13,18.4446,won,2025-11-04,178.05,0.063,0.49,-0.097,5,stop_after_t1,replay
rep_20251104_TER,2025-11-04,2026-05-30 02:58:02.663761,TER,TREND_LEADER,C,replay,175.65,156.32,185.91,208.15,0.53,19.3339,won,2025-11-07,180.78,0.265,0.823,-0.041,3,stop_after_t1,replay
rep_20251107_TER,2025-11-07,2026-05-30 02:58:02.671795,TER,TREND_LEADER,C,replay,182.28,159.19,191.56,216.22,0.4,23.0911,lost,2025-11-20,159.19,-1.0,0.28,-1.194,13,stop,replay
rep_20251112_TER,2025-11-12,2026-05-30 02:58:02.67963,TER,TREND_LEADER,C,replay,179.27,169.4,191.56,212.71,1.25,9.8691,lost,2025-11-13,169.4,-1.0,-0.23,-1.182,1,stop,replay
rep_20251117_TER,2025-11-17,2026-05-30 02:58:02.687481,TER,TREND_LEADER,C,replay,167.44,160.6,191.56,207.17,3.53,6.8414,lost,2025-11-20,160.6,-1.0,0.934,-1.861,3,stop,replay
rep_20251120_TER,2025-11-20,2026-05-30 02:58:02.695603,TER,PULLBACK,A,replay,155.9,152.43,191.56,205.22,10.29,3.4664,lost,2025-11-21,152.43,-1.0,1.36,-1.262,1,stop,replay
rep_20251125_TER,2025-11-25,2026-05-30 02:58:02.703493,TER,TREND_LEADER,C,replay,167.67,149.25,191.56,205.21,1.3,18.4245,won,2025-12-24,195.04,1.486,2.027,0.062,29,timeout_after_t1,replay
rep_20251204_TER,2025-12-04,2026-05-30 02:58:02.711308,TER,TREND_LEADER,C,replay,198.63,176.49,200.85,228.23,0.1,22.1375,won,2025-12-09,199.74,0.05,0.288,-0.028,5,stop_after_t1,replay
rep_20251209_TER,2025-12-09,2026-05-30 02:58:02.718811,TER,TREND_LEADER,C,replay,199.97,179.66,205.0,232.06,0.25,20.3107,won,2026-01-08,210.65,0.526,1.462,-0.877,30,timeout_after_t1,replay
rep_20251212_TER,2025-12-12,2026-05-30 02:58:02.726616,TER,TREND_LEADER,C,replay,193.37,176.18,205.0,225.46,0.68,17.1857,won,2026-01-06,215.23,1.272,2.111,-0.652,25,t2,replay
rep_20251217_TER,2025-12-17,2026-05-30 02:58:02.734294,TER,TREND_LEADER,C,replay,185.21,180.37,205.0,217.3,4.09,4.8364,won,2026-01-05,211.15,5.36,7.601,0.839,19,t2,replay
rep_20251222_TER,2025-12-22,2026-05-30 02:58:02.741667,TER,TREND_LEADER,C,replay,197.22,180.32,205.0,224.52,0.46,16.9046,won,2026-01-06,214.76,1.038,1.92,-0.226,15,t2,replay
rep_20251226_TER,2025-12-26,2026-05-30 02:58:02.75018,TER,TREND_LEADER,C,replay,198.9,182.37,205.0,215.08,0.37,16.5268,won,2026-01-05,210.04,0.674,1.397,-0.333,10,t2,replay
rep_20251231_TER,2025-12-31,2026-05-30 02:58:02.760465,TER,TREND_LEADER,C,replay,193.56,180.57,205.0,214.54,0.88,12.9902,won,2026-01-05,209.77,1.248,2.189,0.439,5,t2,replay
rep_20260106_TER,2026-01-06,2026-05-30 02:58:02.770696,TER,TREND_LEADER,C,replay,228.84,210.7,243.36,257.34,0.8,18.1447,won,2026-02-03,250.35,1.186,3.151,-0.893,28,t2,replay
rep_20260109_TER,2026-01-09,2026-05-30 02:58:02.781115,TER,TREND_LEADER,C,replay,217.26,200.08,229.66,245.76,0.72,17.1821,won,2026-01-28,237.71,1.19,1.973,-0.04,19,t2,replay
rep_20260114_TER,2026-01-14,2026-05-30 02:58:02.791794,TER,TREND_LEADER,C,replay,230.19,212.02,244.73,259.57,0.8,18.1714,won,2026-02-03,252.15,1.209,3.072,-0.543,20,t2,replay
rep_20260120_TER,2026-01-20,2026-05-30 02:58:02.803829,TER,TREND_LEADER,C,replay,223.98,210.5,238.92,252.43,1.11,13.4796,won,2026-01-29,245.68,1.609,2.198,0.013,9,t2,replay
rep_20260123_TER,2026-01-23,2026-05-30 02:58:02.815557,TER,TREND_LEADER,C,replay,229.18,213.43,238.92,256.49,0.62,15.7534,won,2026-02-03,247.7,1.176,3.608,-0.137,11,t2,replay
rep_20260128_TER,2026-01-28,2026-05-30 02:58:02.826043,TER,TREND_LEADER,C,replay,250.48,229.14,267.55,285.13,0.8,21.3375,won,2026-02-03,276.34,1.212,1.664,-0.547,6,t2,replay
rep_20260202_TER,2026-02-02,2026-05-30 02:58:02.835984,TER,TREND_LEADER,C,replay,249.53,224.43,255.2,275.57,0.23,25.1036,won,2026-02-03,265.38,0.632,1.453,-0.109,1,t2,replay
rep_20260205_TER,2026-02-05,2026-05-30 02:58:02.844823,TER,TREND_LEADER,C,replay,271.13,234.12,295.5,320.85,0.66,37.0089,won,2026-02-11,308.18,1.001,1.463,0.267,6,t2,replay
rep_20260210_TER,2026-02-10,2026-05-30 02:58:02.853802,TER,TREND_LEADER,C,replay,304.89,261.34,316.54,362.62,0.27,43.5482,won,2026-02-13,310.71,0.134,0.53,-0.055,3,stop_after_t1,replay
rep_20260213_TER,2026-02-13,2026-05-30 02:58:02.862329,TER,TREND_LEADER,C,replay,314.66,265.64,327.99,379.26,0.27,49.0214,won,2026-02-27,321.33,0.136,0.617,-0.291,14,stop_after_t1,replay
rep_20260219_TER,2026-02-19,2026-05-30 02:58:02.871045,TER,TREND_LEADER,C,replay,315.9,265.53,327.99,378.2,0.24,50.3732,won,2026-02-27,321.94,0.12,0.576,-0.117,8,stop_after_t1,replay
rep_20260224_TER,2026-02-24,2026-05-30 02:58:02.879143,TER,TREND_LEADER,C,replay,329.09,294.95,332.42,387.29,0.1,34.1423,won,2026-02-26,330.75,0.049,0.464,-0.017,2,stop_after_t1,replay
rep_20260227_TER,2026-02-27,2026-05-30 02:58:02.89021,TER,TREND_LEADER,C,replay,320.03,296.37,344.92,383.7,1.05,23.6638,lost,2026-03-03,296.37,-1.0,0.249,-1.042,4,stop,replay
rep_20260304_TER,2026-03-04,2026-05-30 02:58:02.900977,TER,TREND_LEADER,C,replay,305.2,291.2,344.92,369.99,2.84,13.9975,lost,2026-03-06,291.2,-1.0,0.368,-2.576,2,stop,replay
rep_20260309_TER,2026-03-09,2026-05-30 02:58:02.910665,TER,TREND_LEADER,C,replay,296.44,258.19,344.92,373.92,1.27,38.2529,won,2026-04-07,320.48,0.628,0.81,-0.611,29,timeout,replay
rep_20260402_TER,2026-04-02,2026-05-30 02:58:02.920642,TER,TREND_LEADER,C,replay,309.61,268.17,327.42,358.75,0.43,41.4357,won,2026-04-09,343.09,0.808,1.449,-0.089,7,t2,replay
rep_20260408_TER,2026-04-08,2026-05-30 02:58:02.928509,TER,TREND_LEADER,C,replay,358.29,306.07,400.07,431.41,0.8,52.225,won,2026-04-29,379.18,0.4,1.222,-1.081,21,stop_after_t1,replay
rep_20260413_TER,2026-04-13,2026-05-30 02:58:02.936279,TER,TREND_LEADER,C,replay,370.13,323.8,373.0,430.09,0.06,46.3339,won,2026-04-29,371.56,0.031,1.122,-1.474,16,stop_after_t1,replay
rep_20260416_TER,2026-04-16,2026-05-30 02:58:02.944012,TER,TREND_LEADER,C,replay,365.92,325.56,373.0,425.88,0.18,40.3571,won,2026-04-29,369.46,0.088,1.392,-1.587,13,stop_after_t1,replay
rep_20260421_TER,2026-04-21,2026-05-30 02:58:02.951835,TER,BREAKOUT,A,replay,379.93,342.86,387.45,448.56,0.2,37.0661,won,2026-04-28,383.69,0.101,1.138,-0.142,7,stop_after_t1,replay
rep_20260424_TER,2026-04-24,2026-05-30 02:58:02.959589,TER,BREAKOUT,A,replay,418.08,380.75,422.11,507.5,0.11,37.3268,lost,2026-04-28,380.75,-1.0,0.09,-1.163,4,stop,replay
rep_20250905_TLN,2025-09-05,2026-05-30 02:58:03.255683,TLN,TREND_LEADER,C,replay,389.19,352.67,394.25,416.42,0.14,36.5186,won,2025-09-18,405.34,0.442,0.919,-0.173,13,t2,replay
rep_20250910_TLN,2025-09-10,2026-05-30 02:58:03.270191,TLN,TREND_LEADER,C,replay,402.65,365.22,410.0,439.33,0.2,37.4286,won,2025-09-16,406.32,0.098,0.235,-0.127,6,stop_after_t1,replay
rep_20250915_TLN,2025-09-15,2026-05-30 02:58:03.278887,TLN,TREND_LEADER,C,replay,405.45,368.69,411.36,442.95,0.16,36.7562,won,2025-09-17,408.4,0.08,0.205,-0.114,2,stop_after_t1,replay
rep_20250918_TLN,2025-09-18,2026-05-30 02:58:03.288092,TLN,TREND_LEADER,C,replay,415.25,381.25,422.77,459.6,0.22,33.9991,won,2025-09-25,419.01,0.111,0.455,-0.419,7,stop_after_t1,replay
rep_20250923_TLN,2025-09-23,2026-05-30 02:58:03.296784,TLN,TREND_LEADER,C,replay,423.13,393.94,430.71,463.71,0.26,29.1871,won,2025-10-02,426.92,0.13,0.477,-0.758,9,stop_after_t1,replay
rep_20250926_TLN,2025-09-26,2026-05-30 02:58:03.305689,TLN,TREND_LEADER,C,replay,411.23,396.95,430.71,451.81,1.36,14.2803,won,2025-10-10,420.97,0.682,2.805,-0.466,14,stop_after_t1,replay
rep_20251001_TLN,2025-10-01,2026-05-30 02:58:03.314033,TLN,BREAKOUT,A,replay,426.99,397.91,437.06,469.39,0.35,29.0809,won,2025-10-06,432.02,0.173,0.835,-0.182,5,stop_after_t1,replay
rep_20251006_TLN,2025-10-06,2026-05-30 02:58:03.323127,TLN,TREND_LEADER,C,replay,430.43,397.41,451.28,472.79,0.63,33.0154,lost,2025-10-21,397.41,-1.0,0.586,-1.547,15,stop,replay
rep_20251009_TLN,2025-10-09,2026-05-30 02:58:03.331344,TLN,TREND_LEADER,C,replay,444.5,408.79,451.28,476.52,0.19,35.7064,lost,2025-10-15,408.79,-1.0,0.042,-1.037,6,stop,replay
rep_20251014_TLN,2025-10-14,2026-05-30 02:58:03.339138,TLN,TREND_LEADER,C,replay,417.75,405.72,451.28,477.71,2.79,12.0344,lost,2025-10-17,405.72,-1.0,1.018,-1.413,3,stop,replay
rep_20251022_TLN,2025-10-22,2026-05-30 02:58:03.347606,TLN,MEAN_REVERSION,C,replay,380.69,347.52,451.28,482.0,2.13,33.1703,lost,2025-11-14,347.52,-1.0,1.145,-1.098,23,stop,replay
rep_20251112_TLN,2025-11-12,2026-05-30 02:58:03.355962,TLN,MEAN_REVERSION,C,replay,367.54,354.95,421.79,453.66,4.31,12.5918,lost,2025-11-13,354.95,-1.0,0.247,-1.464,1,stop,replay
rep_20260106_TLN,2026-01-06,2026-05-30 02:58:03.36457,TLN,TREND_LEADER,C,replay,393.18,369.95,400.88,454.74,0.33,23.2328,lost,2026-01-07,369.95,-1.0,0.13,-1.19,1,stop,replay
rep_20260219_TLN,2026-02-19,2026-05-30 02:58:03.373056,TLN,TREND_LEADER,C,replay,380.06,331.12,390.0,451.28,0.2,48.9409,won,2026-02-26,385.03,0.102,0.265,-0.529,7,stop_after_t1,replay
rep_20260224_TLN,2026-02-24,2026-05-30 02:58:03.380683,TLN,TREND_LEADER,C,replay,375.24,329.04,390.0,451.28,0.32,46.2035,won,2026-02-27,382.62,0.16,0.48,-0.283,3,stop_after_t1,replay
rep_20260227_TLN,2026-02-27,2026-05-30 02:58:03.389104,TLN,TREND_LEADER,C,replay,370.97,349.31,397.4,451.28,1.22,21.6644,lost,2026-03-03,349.31,-1.0,0.096,-1.699,4,stop,replay
rep_20260504_TLN,2026-05-04,2026-05-30 02:58:03.398247,TLN,TREND_LEADER,C,replay,384.64,343.26,451.28,476.11,1.61,41.3786,lost,2026-05-13,343.26,-1.0,0.774,-1.17,9,stop,replay
rep_20250905_TSLA,2025-09-05,2026-05-30 02:58:03.434044,TSLA,TREND_LEADER,C,replay,350.84,320.48,355.87,488.54,0.17,30.3607,won,2025-09-09,353.36,0.083,0.25,-0.231,4,stop_after_t1,replay
rep_20250910_TSLA,2025-09-10,2026-05-30 02:58:03.443552,TSLA,TREND_LEADER,C,replay,347.79,322.66,358.44,488.54,0.42,25.1307,won,2025-10-08,398.57,2.02,4.893,-0.008,28,timeout_after_t1,replay
rep_20250915_TSLA,2025-09-15,2026-05-30 02:58:03.453295,TSLA,TREND_LEADER,C,replay,410.04,373.89,425.7,488.54,0.43,36.1482,won,2025-10-13,430.8,0.574,1.679,-0.01,28,timeout_after_t1,replay
rep_20250918_TSLA,2025-09-18,2026-05-30 02:58:03.462561,TSLA,TREND_LEADER,C,replay,416.85,377.16,432.22,488.54,0.39,39.6857,won,2025-10-03,424.54,0.194,1.358,-0.007,15,stop_after_t1,replay
rep_20250923_TSLA,2025-09-23,2026-05-30 02:58:03.471571,TSLA,TREND_LEADER,C,replay,425.85,384.62,444.98,497.48,0.46,41.2286,won,2025-10-03,435.42,0.232,1.089,-0.225,10,stop_after_t1,replay
rep_20250926_TSLA,2025-09-26,2026-05-30 02:58:03.480455,TSLA,TREND_LEADER,C,replay,440.4,397.89,444.98,512.03,0.11,42.5066,won,2025-09-30,442.69,0.054,0.249,-0.171,4,stop_after_t1,replay
rep_20251001_TSLA,2025-10-01,2026-05-30 02:58:03.489123,TSLA,TREND_LEADER,C,replay,459.46,412.97,462.29,537.95,0.06,46.4911,won,2025-10-03,460.88,0.03,0.243,-0.922,2,stop_after_t1,replay
rep_20251006_TSLA,2025-10-06,2026-05-30 02:58:03.499491,TSLA,TREND_LEADER,C,replay,453.25,411.61,470.75,529.41,0.42,41.6448,lost,2025-10-10,411.61,-1.0,-0.014,-1.004,4,stop,replay
rep_20251009_TSLA,2025-10-09,2026-05-30 02:58:03.508516,TSLA,TREND_LEADER,C,replay,435.54,411.56,470.75,500.87,1.47,23.9793,lost,2025-10-10,411.56,-1.0,0.317,-1.005,1,stop,replay
rep_20251014_TSLA,2025-10-14,2026-05-30 02:58:03.523002,TSLA,TREND_LEADER,C,replay,429.24,406.1,470.75,502.86,1.79,23.1414,won,2025-11-07,450.0,0.897,1.937,-0.663,24,stop_after_t1,replay
rep_20251017_TSLA,2025-10-17,2026-05-30 02:58:03.534282,TSLA,TREND_LEADER,C,replay,439.31,406.18,470.75,502.37,0.95,33.13,won,2025-11-06,455.03,0.474,1.049,-0.767,20,stop_after_t1,replay
rep_20251104_TSLA,2025-11-04,2026-05-30 02:58:03.545094,TSLA,TREND_LEADER,C,replay,444.26,409.13,474.07,502.67,0.85,35.1264,lost,2025-11-13,409.13,-1.0,0.66,-1.364,9,stop,replay
rep_20251107_TSLA,2025-11-07,2026-05-30 02:58:03.556228,TSLA,TREND_LEADER,C,replay,429.52,416.48,474.07,506.49,3.42,13.0425,lost,2025-11-13,416.48,-1.0,1.545,-2.544,6,stop,replay
rep_20251212_TSLA,2025-12-12,2026-05-30 02:58:03.565915,TSLA,TREND_LEADER,C,replay,458.96,422.84,463.01,513.73,0.11,36.1232,won,2025-12-30,460.99,0.056,1.104,-0.142,18,stop_after_t1,replay
rep_20251217_TSLA,2025-12-17,2026-05-30 02:58:03.576617,TSLA,TREND_LEADER,C,replay,467.26,431.24,495.28,534.17,0.78,36.0214,won,2025-12-29,481.27,0.389,0.876,-0.229,12,stop_after_t1,replay
rep_20251222_TSLA,2025-12-22,2026-05-30 02:58:03.586709,TSLA,TREND_LEADER,C,replay,488.73,443.76,498.83,547.37,0.22,44.975,lost,2026-01-02,443.76,-1.0,0.072,-1.188,11,stop,replay
rep_20251226_TSLA,2025-12-26,2026-05-30 02:58:03.596084,TSLA,TREND_LEADER,C,replay,475.19,437.11,498.83,526.18,0.62,38.0777,lost,2026-01-02,437.11,-1.0,-0.152,-1.048,7,stop,replay
rep_20251231_TSLA,2025-12-31,2026-05-30 02:58:03.606314,TSLA,TREND_LEADER,C,replay,449.72,445.05,498.83,524.36,10.51,4.6745,lost,2026-01-02,445.05,-1.0,1.846,-3.088,2,stop,replay
rep_20260128_TSLA,2026-01-28,2026-05-30 02:58:03.618028,TSLA,VCP,B,replay,431.46,414.17,463.12,498.83,1.83,17.2923,lost,2026-02-03,414.17,-1.0,0.507,-1.028,6,stop,replay
rep_20260205_TSLA,2026-02-05,2026-05-30 02:58:03.628278,TSLA,MEAN_REVERSION,B,replay,397.21,383.42,454.3,498.83,4.14,13.7895,lost,2026-03-06,396.73,-0.035,2.838,-0.857,29,timeout,replay
rep_20250910_TSM,2025-09-10,2026-05-30 02:58:03.677072,TSM,TREND_LEADER,C,replay,260.44,244.67,264.58,284.97,0.26,15.7679,won,2025-09-17,262.51,0.131,0.38,-0.14,7,stop_after_t1,replay
rep_20250915_TSM,2025-09-15,2026-05-30 02:58:03.688572,TSM,TREND_LEADER,C,replay,261.38,246.92,264.58,285.91,0.22,14.4554,won,2025-09-17,262.98,0.111,0.35,-0.114,2,stop_after_t1,replay
rep_20250918_TSM,2025-09-18,2026-05-30 02:58:03.701024,TSM,TREND_LEADER,C,replay,268.64,252.11,270.54,295.59,0.11,16.5286,won,2025-10-02,283.06,0.873,1.699,-0.353,14,t2,replay
rep_20250923_TSM,2025-09-23,2026-05-30 02:58:03.711665,TSM,TREND_LEADER,C,replay,282.71,263.73,286.0,318.93,0.17,18.975,won,2025-10-10,284.36,0.087,1.296,-0.66,17,stop_after_t1,replay
rep_20250926_TSM,2025-09-26,2026-05-30 02:58:03.72314,TSM,TREND_LEADER,C,replay,273.36,256.05,286.0,309.58,0.73,17.3121,won,2025-10-16,297.79,1.411,2.196,-0.008,20,t2,replay
rep_20251001_TSM,2025-10-01,2026-05-30 02:58:03.732472,TSM,TREND_LEADER,C,replay,288.47,268.91,290.48,324.58,0.1,19.5607,won,2025-10-10,289.48,0.051,0.963,-0.416,9,stop_after_t1,replay
rep_20251006_TSM,2025-10-06,2026-05-30 02:58:03.740903,TSM,TREND_LEADER,C,replay,302.4,279.21,307.3,338.62,0.21,23.1857,won,2025-10-17,304.85,0.106,0.387,-0.952,11,stop_after_t1,replay
rep_20251009_TSM,2025-10-09,2026-05-30 02:58:03.748847,TSM,TREND_LEADER,C,replay,299.88,274.93,307.3,329.47,0.3,24.9482,won,2025-10-17,303.59,0.149,0.461,-0.784,8,stop_after_t1,replay
rep_20251014_TSM,2025-10-14,2026-05-30 02:58:03.7576,TSM,TREND_LEADER,C,replay,295.94,274.24,307.3,325.53,0.52,21.703,won,2025-10-17,301.62,0.262,0.711,-0.047,3,stop_after_t1,replay
rep_20251017_TSM,2025-10-17,2026-05-30 02:58:03.765606,TSM,TREND_LEADER,C,replay,295.08,277.21,311.37,330.1,0.91,17.8711,lost,2025-11-07,277.21,-1.0,0.842,-1.004,21,stop,replay
rep_20251022_TSM,2025-10-22,2026-05-30 02:58:03.773555,TSM,TREND_LEADER,C,replay,288.88,277.28,311.37,329.65,1.94,11.5964,lost,2025-11-07,277.28,-1.0,1.831,-1.013,16,stop,replay
rep_20251027_TSM,2025-10-27,2026-05-30 02:58:03.781221,TSM,TREND_LEADER,C,replay,298.25,281.67,311.37,327.76,0.79,16.5811,lost,2025-11-07,281.67,-1.0,0.716,-1.274,11,stop,replay
rep_20251030_TSM,2025-10-30,2026-05-30 02:58:03.789181,TSM,TREND_LEADER,C,replay,303.22,282.03,311.37,325.57,0.38,21.1864,lost,2025-11-07,282.03,-1.0,0.326,-1.231,8,stop,replay
rep_20251209_TSM,2025-12-09,2026-05-30 02:58:03.798383,TSM,TREND_LEADER,C,replay,303.41,281.01,311.37,330.14,0.36,22.3964,won,2025-12-11,307.39,0.178,0.472,-0.168,2,stop_after_t1,replay
rep_20251222_TSM,2025-12-22,2026-05-30 02:58:03.807056,TSM,TREND_LEADER,C,replay,293.28,272.85,313.98,327.35,1.01,20.4279,won,2026-01-05,320.67,1.34,1.859,-0.053,14,t2,replay
rep_20251226_TSM,2025-12-26,2026-05-30 02:58:03.815269,TSM,TREND_LEADER,C,replay,302.84,282.38,313.98,326.26,0.54,20.4625,won,2026-01-05,320.12,0.845,1.389,-0.205,10,t2,replay
rep_20251231_TSM,2025-12-31,2026-05-30 02:58:03.823733,TSM,BREAKOUT,A,replay,303.89,284.64,313.98,327.23,0.52,19.2482,won,2026-01-05,320.61,0.868,1.421,0.406,5,t2,replay
rep_20260106_TSM,2026-01-06,2026-05-30 02:58:03.841086,TSM,TREND_LEADER,C,replay,327.43,306.83,333.08,362.23,0.27,20.5964,won,2026-01-14,330.25,0.137,0.436,-0.548,8,stop_after_t1,replay
rep_20260109_TSM,2026-01-09,2026-05-30 02:58:03.85278,TSM,TREND_LEADER,C,replay,323.63,303.99,333.08,358.43,0.48,19.6411,won,2026-02-04,328.36,0.241,1.41,-0.232,26,stop_after_t1,replay
rep_20260114_TSM,2026-01-14,2026-05-30 02:58:03.875238,TSM,TREND_LEADER,C,replay,327.11,306.53,336.42,363.91,0.45,20.5803,won,2026-01-20,331.76,0.226,1.177,-0.01,6,stop_after_t1,replay
rep_20260120_TSM,2026-01-20,2026-05-30 02:58:03.88659,TSM,TREND_LEADER,C,replay,327.16,313.47,351.33,367.37,1.77,13.6936,won,2026-02-11,359.35,2.351,3.829,-0.591,22,t2,replay
rep_20260123_TSM,2026-01-23,2026-05-30 02:58:03.902564,TSM,TREND_LEADER,C,replay,334.87,315.65,351.33,367.93,0.86,19.2232,won,2026-02-11,359.63,1.288,2.326,-0.822,19,t2,replay
rep_20260128_TSM,2026-01-28,2026-05-30 02:58:03.916283,TSM,TREND_LEADER,C,replay,342.3,322.41,351.33,373.43,0.45,19.8905,lost,2026-02-04,322.41,-1.0,0.239,-1.168,7,stop,replay
rep_20260202_TSM,2026-02-02,2026-05-30 02:58:03.928299,TSM,TREND_LEADER,C,replay,341.36,323.02,351.33,367.27,0.54,18.3375,lost,2026-02-04,323.02,-1.0,0.31,-1.215,2,stop,replay
rep_20260205_TSM,2026-02-05,2026-05-30 02:58:03.939189,TSM,TREND_LEADER,C,replay,330.73,316.14,351.33,368.93,1.41,14.593,won,2026-02-11,360.13,2.015,3.348,0.406,6,t2,replay
rep_20260210_TSM,2026-02-10,2026-05-30 02:58:03.949234,TSM,TREND_LEADER,C,replay,361.91,331.1,364.76,389.32,0.09,30.8107,won,2026-02-12,363.34,0.046,0.587,-1.292,2,stop_after_t1,replay
rep_20260213_TSM,2026-02-13,2026-05-30 02:58:03.958564,TSM,TREND_LEADER,C,replay,366.36,324.42,380.0,405.16,0.33,41.9411,won,2026-03-02,373.18,0.163,0.569,-0.241,17,stop_after_t1,replay
rep_20260219_TSM,2026-02-19,2026-05-30 02:58:03.96838,TSM,TREND_LEADER,C,replay,360.39,319.71,380.0,404.41,0.48,40.6768,won,2026-03-03,370.19,0.241,0.733,-0.399,12,stop_after_t1,replay
rep_20260224_TSM,2026-02-24,2026-05-30 02:58:03.986682,TSM,TREND_LEADER,C,replay,385.75,345.74,389.18,427.82,0.09,40.0125,won,2026-02-26,387.47,0.043,0.111,-0.401,2,stop_after_t1,replay
rep_20260227_TSM,2026-02-27,2026-05-30 02:58:03.998129,TSM,TREND_LEADER,C,replay,374.58,352.63,390.21,417.26,0.71,21.9477,lost,2026-03-03,352.63,-1.0,-0.067,-1.387,4,stop,replay
rep_20260304_TSM,2026-03-04,2026-05-30 02:58:04.25969,TSM,TREND_LEADER,C,replay,357.44,340.46,390.21,412.29,1.93,16.9798,lost,2026-03-06,340.46,-1.0,0.12,-1.222,2,stop,replay
rep_20260309_TSM,2026-03-09,2026-05-30 02:58:04.273126,TSM,TREND_LEADER,C,replay,348.7,328.74,390.21,409.28,2.08,19.9591,lost,2026-03-19,328.74,-1.0,0.433,-1.178,10,stop,replay
rep_20260330_TSM,2026-03-30,2026-05-30 02:58:04.28867,TSM,MEAN_REVERSION,B,replay,316.5,310.85,361.09,390.21,7.89,5.6516,won,2026-04-24,375.65,10.469,16.458,0.821,25,t2,replay
rep_20260408_TSM,2026-04-08,2026-05-30 02:58:04.306031,TSM,TREND_LEADER,C,replay,365.9,330.61,374.3,411.75,0.24,35.2875,won,2026-04-16,370.1,0.119,0.461,-0.152,8,stop_after_t1,replay
rep_20260413_TSM,2026-04-13,2026-05-30 02:58:04.339431,TSM,TREND_LEADER,C,replay,369.57,337.21,378.0,415.42,0.26,32.3589,won,2026-04-16,373.78,0.13,0.389,-0.279,3,stop_after_t1,replay
rep_20260416_TSM,2026-04-16,2026-05-30 02:58:04.375353,TSM,TREND_LEADER,C,replay,363.35,331.62,382.16,409.2,0.59,31.7286,won,2026-04-24,395.68,1.019,1.454,0.028,8,t2,replay
rep_20260421_TSM,2026-04-21,2026-05-30 02:58:04.404343,TSM,TREND_LEADER,C,replay,368.08,356.44,382.16,413.93,1.21,11.6407,won,2026-04-27,398.05,2.574,3.988,0.22,6,t2,replay
rep_20260424_TSM,2026-04-24,2026-05-30 02:58:04.439469,TSM,TREND_LEADER,C,replay,402.46,369.45,409.49,459.87,0.21,33.0125,won,2026-04-28,405.98,0.106,0.365,-0.538,4,stop_after_t1,replay
rep_20260429_TSM,2026-04-29,2026-05-30 02:58:04.477722,TSM,TREND_LEADER,C,replay,393.83,361.58,414.5,446.45,0.64,32.2518,won,2026-05-12,404.16,0.32,0.811,-0.252,13,stop_after_t1,replay
rep_20260504_TSM,2026-05-04,2026-05-30 02:58:04.486861,TSM,TREND_LEADER,C,replay,401.61,368.12,414.5,448.92,0.38,33.4893,won,2026-05-08,408.06,0.192,0.549,-0.269,4,stop_after_t1,replay
rep_20250902_TT,2025-09-02,2026-05-30 02:58:04.534611,TT,MEAN_REVERSION,B,replay,410.93,403.78,441.3,476.19,4.25,7.1473,lost,2025-09-03,403.78,-1.0,0.105,-1.108,1,stop,replay
rep_20251001_TT,2025-10-01,2026-05-30 02:58:04.545149,TT,TREND_LEADER,C,replay,425.41,403.92,476.19,489.08,2.36,21.4857,won,2025-10-29,427.48,0.096,0.574,-0.805,28,timeout,replay
rep_20251014_TT,2025-10-14,2026-05-30 02:58:04.554382,TT,TREND_LEADER,C,replay,424.04,408.99,430.23,476.19,0.41,15.0491,won,2025-10-16,427.13,0.206,0.451,-0.595,2,stop_after_t1,replay
rep_20251022_TT,2025-10-22,2026-05-30 02:58:04.563001,TT,PULLBACK,B,replay,408.5,405.52,430.83,476.19,7.5,2.9775,won,2025-11-14,419.66,3.747,16.829,-0.094,23,stop_after_t1,replay
rep_20251027_TT,2025-10-27,2026-05-30 02:58:04.571552,TT,TREND_LEADER,C,replay,428.28,405.47,430.86,476.19,0.11,22.8052,won,2025-10-29,429.57,0.057,0.415,-0.171,2,stop_after_t1,replay
rep_20251030_TT,2025-10-30,2026-05-30 02:58:04.581769,TT,TREND_LEADER,C,replay,446.37,415.54,458.65,477.15,0.4,30.8268,lost,2025-11-13,415.54,-1.0,0.227,-1.041,14,stop,replay
rep_20251104_TT,2025-11-04,2026-05-30 02:58:04.592561,TT,TREND_LEADER,C,replay,432.99,405.07,458.65,476.89,0.92,27.9195,lost,2025-11-20,405.07,-1.0,0.273,-1.206,16,stop,replay
rep_20251107_TT,2025-11-07,2026-05-30 02:58:04.603082,TT,TREND_LEADER,C,replay,434.5,415.15,458.65,478.0,1.25,19.3457,lost,2025-11-13,415.15,-1.0,0.187,-1.045,6,stop,replay
rep_20260202_TT,2026-02-02,2026-05-30 02:58:04.615552,TT,TREND_LEADER,C,replay,425.09,396.93,430.02,480.61,0.18,28.1625,won,2026-03-03,437.92,0.456,1.928,-0.066,29,timeout_after_t1,replay
rep_20260205_TT,2026-02-05,2026-05-30 02:58:04.624625,TT,TREND_LEADER,C,replay,436.15,405.83,446.8,480.87,0.35,30.325,won,2026-03-05,441.48,0.176,1.425,-0.241,28,stop_after_t1,replay
rep_20260210_TT,2026-02-10,2026-05-30 02:58:04.633283,TT,TREND_LEADER,C,replay,461.38,428.37,465.45,510.83,0.12,33.0107,won,2026-02-12,463.41,0.062,0.545,-0.059,2,stop_after_t1,replay
rep_20260213_TT,2026-02-13,2026-05-30 02:58:04.642019,TT,TREND_LEADER,C,replay,465.27,430.03,479.37,523.07,0.4,35.2375,lost,2026-03-05,430.03,-1.0,0.152,-1.034,20,stop,replay
rep_20260219_TT,2026-02-19,2026-05-30 02:58:04.650577,TT,TREND_LEADER,C,replay,463.69,432.73,479.37,520.91,0.51,30.9625,lost,2026-03-05,432.73,-1.0,0.21,-1.126,14,stop,replay
rep_20260224_TT,2026-02-24,2026-05-30 02:58:04.658501,TT,TREND_LEADER,C,replay,463.73,449.68,479.37,519.71,1.11,14.0463,lost,2026-02-26,449.68,-1.0,0.062,-1.09,2,stop,replay
rep_20260227_TT,2026-02-27,2026-05-30 02:58:04.667536,TT,TREND_LEADER,C,replay,462.32,445.62,479.37,501.54,1.02,16.7005,lost,2026-03-03,445.62,-1.0,0.339,-1.157,4,stop,replay
rep_20260304_TT,2026-03-04,2026-05-30 02:58:04.675895,TT,TREND_LEADER,C,replay,445.05,438.97,479.37,497.58,5.64,6.0846,lost,2026-03-05,438.97,-1.0,-0.531,-2.668,1,stop,replay
rep_20260309_TT,2026-03-09,2026-05-30 02:58:04.683519,TT,MEAN_REVERSION,C,replay,427.52,410.76,479.37,498.38,3.09,16.7587,lost,2026-03-20,410.76,-1.0,0.597,-1.237,11,stop,replay
rep_20260408_TT,2026-04-08,2026-05-30 02:58:04.69198,TT,TREND_LEADER,C,replay,449.47,413.41,454.89,495.21,0.15,36.0554,won,2026-04-30,475.05,0.709,1.498,-0.029,22,t2,replay
rep_20260413_TT,2026-04-13,2026-05-30 02:58:04.699728,TT,TREND_LEADER,C,replay,472.94,439.33,479.37,518.68,0.19,33.6125,won,2026-05-05,476.15,0.096,0.908,-0.616,22,stop_after_t1,replay
rep_20260416_TT,2026-04-16,2026-05-30 02:58:04.707542,TT,TREND_LEADER,C,replay,460.27,429.32,475.25,506.01,0.48,30.9536,won,2026-05-14,478.46,0.588,1.396,0.042,28,timeout_after_t1,replay
rep_20260421_TT,2026-04-21,2026-05-30 02:58:04.71556,TT,TREND_LEADER,C,replay,479.12,448.61,484.9,528.18,0.19,30.5143,won,2026-04-23,482.01,0.095,0.362,-0.143,2,stop_after_t1,replay
rep_20260424_TT,2026-04-24,2026-05-30 02:58:04.723047,TT,TREND_LEADER,C,replay,486.42,457.18,490.15,538.63,0.13,29.2357,won,2026-04-28,488.28,0.064,0.249,-0.363,4,stop_after_t1,replay
rep_20260429_TT,2026-04-29,2026-05-30 02:58:04.731044,TT,TREND_LEADER,C,replay,479.37,454.4,493.69,524.96,0.57,24.972,won,2026-05-05,486.53,0.287,0.965,-0.281,6,stop_after_t1,replay
rep_20260504_TT,2026-05-04,2026-05-30 02:58:04.738675,TT,TREND_LEADER,C,replay,486.5,471.71,503.47,532.64,1.15,14.7875,lost,2026-05-07,471.71,-1.0,0.387,-1.229,3,stop,replay
rep_20250902_UBER,2025-09-02,2026-05-30 02:58:04.770675,UBER,TREND_LEADER,C,replay,92.81,90.78,97.54,101.51,2.33,2.0313,lost,2025-09-05,90.78,-1.0,0.963,-1.956,3,stop,replay
rep_20250910_UBER,2025-09-10,2026-05-30 02:58:04.781726,UBER,TREND_LEADER,C,replay,94.21,88.17,97.54,101.56,0.55,6.0396,won,2025-09-17,95.88,0.276,0.909,-0.346,7,stop_after_t1,replay
rep_20250915_UBER,2025-09-15,2026-05-30 02:58:04.792175,UBER,TREND_LEADER,C,replay,98.85,92.09,104.26,108.31,0.8,6.7571,lost,2025-10-13,94.08,-0.706,0.464,-0.996,28,timeout,replay
rep_20250926_UBER,2025-09-26,2026-05-30 02:58:04.801843,UBER,TREND_LEADER,C,replay,98.45,91.4,101.99,106.34,0.5,7.0508,lost,2025-10-16,91.4,-1.0,0.404,-1.031,20,stop,replay
rep_20251001_UBER,2025-10-01,2026-05-30 02:58:04.810956,UBER,TREND_LEADER,C,replay,96.61,92.49,101.99,106.32,1.31,4.1209,lost,2025-10-14,92.49,-1.0,1.137,-1.007,13,stop,replay
rep_20251006_UBER,2025-10-06,2026-05-30 02:58:04.821076,UBER,TREND_LEADER,C,replay,100.1,94.03,101.99,106.36,0.31,6.0681,lost,2025-10-10,94.03,-1.0,0.097,-1.115,4,stop,replay
rep_20250915_VRT,2025-09-15,2026-05-30 02:58:04.859752,VRT,TREND_LEADER,C,replay,138.26,122.75,142.06,159.14,0.25,15.5079,won,2025-09-25,140.16,0.123,0.915,-0.359,10,stop_after_t1,replay
rep_20250918_VRT,2025-09-18,2026-05-30 02:58:04.871159,VRT,TREND_LEADER,C,replay,141.96,126.07,155.84,165.38,0.87,15.8936,won,2025-10-02,160.61,1.174,1.701,-0.51,14,t2,replay
rep_20250923_VRT,2025-09-23,2026-05-30 02:58:04.880484,VRT,TREND_LEADER,C,replay,142.61,130.92,152.45,163.49,0.84,11.6878,won,2025-10-02,157.97,1.314,2.257,-0.749,9,t2,replay
rep_20250926_VRT,2025-09-26,2026-05-30 02:58:04.888825,VRT,TREND_LEADER,C,replay,138.62,130.93,152.45,162.99,1.8,7.6919,won,2025-10-02,157.72,2.484,3.949,0.362,6,t2,replay
rep_20251001_VRT,2025-10-01,2026-05-30 02:58:04.897053,VRT,TREND_LEADER,C,replay,161.59,143.27,176.25,187.71,0.8,18.3236,won,2025-10-24,181.98,1.113,1.49,-0.372,23,t2,replay
rep_20251006_VRT,2025-10-06,2026-05-30 02:58:04.905007,VRT,TREND_LEADER,C,replay,162.8,142.68,169.83,192.2,0.35,20.1241,won,2025-10-22,166.31,0.175,1.079,-0.399,16,stop_after_t1,replay
rep_20251009_VRT,2025-10-09,2026-05-30 02:58:04.912672,VRT,TREND_LEADER,C,replay,168.88,147.1,170.89,191.8,0.09,21.7793,won,2025-10-14,169.88,0.046,0.714,-0.031,5,stop_after_t1,replay
rep_20251014_VRT,2025-10-14,2026-05-30 02:58:04.920773,VRT,TREND_LEADER,C,replay,175.15,150.67,184.44,206.2,0.38,24.4802,won,2025-10-23,179.8,0.19,0.382,-0.509,9,stop_after_t1,replay
rep_20251017_VRT,2025-10-17,2026-05-30 02:58:04.928874,VRT,TREND_LEADER,C,replay,174.0,152.24,184.44,204.35,0.48,21.7614,won,2025-10-23,179.22,0.24,0.483,-0.52,6,stop_after_t1,replay
rep_20251022_VRT,2025-10-22,2026-05-30 02:58:04.937741,VRT,TREND_LEADER,C,replay,171.59,160.15,184.5,201.98,1.13,11.4435,won,2025-10-30,193.24,1.892,2.698,0.211,8,t2,replay
rep_20251027_VRT,2025-10-27,2026-05-30 02:58:04.949059,VRT,TREND_LEADER,C,replay,192.9,167.53,194.0,222.9,0.04,25.365,won,2025-10-30,193.45,0.022,0.376,-0.271,3,stop_after_t1,replay
rep_20251030_VRT,2025-10-30,2026-05-30 02:58:04.959441,VRT,TREND_LEADER,C,replay,193.76,168.5,202.45,222.37,0.34,25.258,lost,2025-11-13,168.5,-1.0,0.242,-1.31,14,stop,replay
rep_20251104_VRT,2025-11-04,2026-05-30 02:58:04.969264,VRT,TREND_LEADER,C,replay,180.82,160.22,202.45,217.21,1.05,20.5999,lost,2025-11-14,160.22,-1.0,0.611,-1.027,10,stop,replay
rep_20251107_VRT,2025-11-07,2026-05-30 02:58:04.977578,VRT,TREND_LEADER,C,replay,179.8,166.88,202.45,218.83,1.75,12.9205,lost,2025-11-13,166.88,-1.0,0.899,-1.481,6,stop,replay
rep_20251217_VRT,2025-12-17,2026-05-30 02:58:04.986812,VRT,MEAN_REVERSION,C,replay,149.83,145.37,189.66,204.37,8.93,4.4623,won,2026-01-16,176.93,6.076,7.493,0.374,30,timeout,replay
rep_20251231_VRT,2025-12-31,2026-05-30 02:58:04.995659,VRT,VCP,B,replay,162.01,145.89,189.66,202.45,1.71,16.1238,won,2026-01-30,187.92,1.607,2.381,-0.201,30,timeout_after_t1,replay
rep_20260120_VRT,2026-01-20,2026-05-30 02:58:05.004699,VRT,TREND_LEADER,C,replay,175.18,156.69,183.25,203.49,0.44,18.4882,won,2026-02-04,179.22,0.218,1.364,-0.14,15,stop_after_t1,replay
rep_20260123_VRT,2026-01-23,2026-05-30 02:58:05.012663,VRT,TREND_LEADER,C,replay,182.49,160.53,189.9,208.7,0.34,21.9571,won,2026-02-02,186.19,0.169,0.815,-0.193,10,stop_after_t1,replay
rep_20260128_VRT,2026-01-28,2026-05-30 02:58:05.021549,VRT,TREND_LEADER,C,replay,193.76,173.59,202.45,218.42,0.43,20.1679,lost,2026-02-04,173.59,-1.0,0.329,-1.049,7,stop,replay
rep_20260202_VRT,2026-02-02,2026-05-30 02:58:05.030089,VRT,TREND_LEADER,C,replay,190.01,167.75,200.4,214.98,0.47,22.2564,won,2026-02-11,207.69,0.794,2.693,-0.793,9,t2,replay
rep_20260205_VRT,2026-02-05,2026-05-30 02:58:05.03869,VRT,TREND_LEADER,C,replay,177.75,169.69,200.4,216.38,2.81,8.0634,won,2026-02-11,208.39,3.801,8.958,0.393,6,t2,replay
rep_20260210_VRT,2026-02-10,2026-05-30 02:58:05.047319,VRT,TREND_LEADER,C,replay,199.62,170.38,208.43,225.97,0.3,29.2396,won,2026-02-11,217.2,0.601,1.721,1.142,1,t2,replay
rep_20260213_VRT,2026-02-13,2026-05-30 02:58:05.058667,VRT,TREND_LEADER,C,replay,234.53,194.6,255.54,285.85,0.53,39.9343,won,2026-03-16,260.14,0.641,1.058,-0.06,31,timeout_after_t1,replay
rep_20260219_VRT,2026-02-19,2026-05-30 02:58:05.252544,VRT,TREND_LEADER,C,replay,243.06,202.2,255.54,292.97,0.31,40.8557,won,2026-02-26,249.3,0.153,0.534,-0.119,7,stop_after_t1,replay
rep_20260224_VRT,2026-02-24,2026-05-30 02:58:05.264322,VRT,TREND_LEADER,C,replay,253.15,214.1,255.54,303.06,0.06,39.053,won,2026-02-26,254.34,0.031,0.3,-0.293,2,stop_after_t1,replay
rep_20260227_VRT,2026-02-27,2026-05-30 02:58:05.27364,VRT,TREND_LEADER,C,replay,254.89,223.24,264.86,310.4,0.32,31.6461,won,2026-03-24,259.88,0.158,0.692,-0.637,25,stop_after_t1,replay
rep_20260304_VRT,2026-03-04,2026-05-30 02:58:05.281899,VRT,TREND_LEADER,C,replay,251.28,231.33,264.86,306.79,0.68,19.945,won,2026-03-24,258.07,0.34,1.278,-0.633,20,stop_after_t1,replay
rep_20260309_VRT,2026-03-09,2026-05-30 02:58:05.290785,VRT,TREND_LEADER,C,replay,264.35,231.15,266.67,306.85,0.07,33.2028,won,2026-03-12,265.51,0.035,0.374,-0.214,3,stop_after_t1,replay
rep_20260312_VRT,2026-03-12,2026-05-30 02:58:05.300132,VRT,TREND_LEADER,C,replay,265.38,231.07,276.78,298.69,0.33,34.3119,won,2026-03-26,271.08,0.166,0.486,-0.415,14,stop_after_t1,replay
rep_20260317_VRT,2026-03-17,2026-05-30 02:58:05.308266,VRT,TREND_LEADER,C,replay,268.41,234.88,276.78,299.42,0.25,33.5342,won,2026-03-26,272.6,0.125,0.407,-0.515,9,stop_after_t1,replay
rep_20260320_VRT,2026-03-20,2026-05-30 02:58:05.316807,VRT,TREND_LEADER,C,replay,255.88,247.34,276.78,298.76,2.45,8.5442,won,2026-03-26,266.33,1.224,3.064,-0.554,6,stop_after_t1,replay
rep_20260325_VRT,2026-03-25,2026-05-30 02:58:05.324984,VRT,TREND_LEADER,C,replay,276.16,247.59,282.05,304.56,0.21,28.5708,lost,2026-03-30,247.59,-1.0,-0.07,-1.556,5,stop,replay
rep_20260330_VRT,2026-03-30,2026-05-30 02:58:05.333226,VRT,MEAN_REVERSION,C,replay,234.22,228.0,282.05,304.23,7.69,6.2172,won,2026-04-14,293.14,9.473,12.579,-0.196,15,t2,replay
rep_20260402_VRT,2026-04-02,2026-05-30 02:58:05.345535,VRT,TREND_LEADER,C,replay,261.29,227.74,282.05,305.79,0.62,33.5464,won,2026-04-14,293.92,0.973,1.525,-0.277,12,t2,replay
rep_20260408_VRT,2026-04-08,2026-05-30 02:58:05.354176,VRT,TREND_LEADER,C,replay,281.03,240.02,285.6,313.37,0.11,41.0145,won,2026-04-20,299.49,0.45,0.844,-0.001,12,t2,replay
rep_20260413_VRT,2026-04-13,2026-05-30 02:58:05.362579,VRT,TREND_LEADER,C,replay,299.96,263.14,329.41,351.5,0.8,36.8179,won,2026-04-28,314.69,0.4,0.824,-0.198,15,stop_after_t1,replay
rep_20260416_VRT,2026-04-16,2026-05-30 02:58:05.370643,VRT,TREND_LEADER,C,replay,294.13,260.21,312.46,342.59,0.54,33.9196,won,2026-04-28,303.29,0.27,1.066,-0.007,12,stop_after_t1,replay
rep_20260421_VRT,2026-04-21,2026-05-30 02:58:05.379841,VRT,TREND_LEADER,C,replay,312.44,280.83,323.04,367.24,0.34,31.6103,won,2026-04-27,317.74,0.168,0.565,-0.495,6,stop_after_t1,replay
rep_20260424_VRT,2026-04-24,2026-05-30 02:58:05.388688,VRT,TREND_LEADER,C,replay,323.46,290.22,330.3,382.62,0.21,33.2416,won,2026-05-04,326.88,0.103,0.285,-0.89,10,stop_after_t1,replay
rep_20260429_VRT,2026-04-29,2026-05-30 02:58:05.398244,VRT,TREND_LEADER,C,replay,306.18,289.06,330.3,355.61,1.41,17.118,won,2026-05-06,342.96,2.148,3.134,0.36,7,t2,replay
rep_20260504_VRT,2026-05-04,2026-05-30 02:58:05.406654,VRT,TREND_LEADER,C,replay,330.97,292.39,332.95,379.53,0.05,38.5789,won,2026-05-14,356.24,0.655,1.269,-0.01,10,t2,replay
rep_20250915_VST,2025-09-15,2026-05-30 02:58:05.439832,VST,TREND_LEADER,C,replay,213.52,193.16,217.9,237.2,0.22,20.363,won,2025-09-23,215.71,0.108,0.309,-0.494,8,stop_after_t1,replay
rep_20250918_VST,2025-09-18,2026-05-30 02:58:05.448343,VST,TREND_LEADER,C,replay,210.16,189.09,217.9,233.84,0.37,21.073,won,2025-09-23,214.03,0.184,0.458,-0.318,5,stop_after_t1,replay
rep_20250923_VST,2025-09-23,2026-05-30 02:58:05.456677,VST,TREND_LEADER,C,replay,204.24,197.64,219.82,233.95,2.36,6.5953,lost,2025-09-25,197.64,-1.0,0.295,-1.247,2,stop,replay
rep_20250926_VST,2025-09-26,2026-05-30 02:58:05.465301,VST,TREND_LEADER,C,replay,207.22,193.72,219.82,233.54,0.93,13.4965,lost,2025-09-30,193.72,-1.0,-0.007,-1.224,4,stop,replay
rep_20251001_VST,2025-10-01,2026-05-30 02:58:05.474553,VST,TREND_LEADER,C,replay,201.51,188.47,219.82,233.18,1.4,13.0374,lost,2025-10-21,188.47,-1.0,1.196,-1.222,20,stop,replay
rep_20251009_VST,2025-10-09,2026-05-30 02:58:05.482696,VST,TREND_LEADER,C,replay,210.0,188.49,219.82,233.09,0.46,21.5109,lost,2025-10-21,188.49,-1.0,0.33,-1.136,12,stop,replay
rep_20251022_VST,2025-10-22,2026-05-30 02:58:05.491026,VST,MEAN_REVERSION,C,replay,185.83,177.2,217.1,231.79,3.62,8.6291,lost,2025-11-07,177.2,-1.0,2.066,-1.07,16,stop,replay
rep_20250902_WDC,2025-09-02,2026-05-30 02:58:05.537268,WDC,TREND_LEADER,C,replay,81.91,76.68,86.1,89.24,0.8,5.2321,won,2025-09-04,87.67,1.101,1.719,0.273,2,t2,replay
rep_20250905_WDC,2025-09-05,2026-05-30 02:58:05.546571,WDC,TREND_LEADER,C,replay,92.04,85.64,93.1,104.02,0.17,6.3964,won,2025-09-18,98.56,1.019,2.198,-0.061,13,t2,replay
rep_20250910_WDC,2025-09-10,2026-05-30 02:58:05.55491,WDC,TREND_LEADER,C,replay,95.02,88.46,96.18,108.84,0.18,6.5607,won,2025-09-22,102.51,1.142,2.715,-0.093,12,t2,replay
rep_20250915_WDC,2025-09-15,2026-05-30 02:58:05.563226,WDC,TREND_LEADER,C,replay,102.39,94.96,103.78,120.77,0.19,7.4304,won,2025-09-17,103.09,0.094,0.214,-0.359,2,stop_after_t1,replay
rep_20250918_WDC,2025-09-18,2026-05-30 02:58:05.571454,WDC,TREND_LEADER,C,replay,105.15,96.44,106.11,124.16,0.11,8.7054,won,2025-10-01,115.13,1.146,2.982,0.02,13,t2,replay
rep_20250923_WDC,2025-09-23,2026-05-30 02:58:05.579491,WDC,TREND_LEADER,C,replay,110.25,101.25,113.76,131.77,0.39,9.0018,won,2025-10-02,122.77,1.391,3.017,-0.537,9,t2,replay
rep_20250926_WDC,2025-09-26,2026-05-30 02:58:05.587455,WDC,TREND_LEADER,C,replay,106.88,98.81,113.76,128.4,0.85,8.0691,won,2025-10-01,121.08,1.76,3.004,0.613,5,t2,replay
rep_20251001_WDC,2025-10-01,2026-05-30 02:58:05.595624,WDC,TREND_LEADER,C,replay,130.59,117.5,141.07,157.71,0.8,13.0946,lost,2025-10-10,117.5,-1.0,0.52,-1.189,9,stop,replay
rep_20251006_WDC,2025-10-06,2026-05-30 02:58:05.604141,WDC,TREND_LEADER,C,replay,125.28,109.51,137.4,152.1,0.77,15.7696,won,2025-10-31,144.75,1.235,2.053,-0.809,25,t2,replay
rep_20251009_WDC,2025-10-09,2026-05-30 02:58:05.612194,WDC,TREND_LEADER,C,replay,119.7,103.73,137.4,147.54,1.11,15.97,won,2025-10-31,142.47,1.426,2.376,-0.45,22,t2,replay
rep_20251014_WDC,2025-10-14,2026-05-30 02:58:05.619968,WDC,TREND_LEADER,C,replay,113.13,110.72,137.4,148.18,10.09,2.4061,won,2025-10-31,142.79,12.307,18.473,0.154,17,t2,replay
rep_20251017_WDC,2025-10-17,2026-05-30 02:58:05.629328,WDC,TREND_LEADER,C,replay,126.2,110.62,137.4,148.8,0.72,15.5804,won,2025-10-31,143.1,1.085,2.019,-0.576,14,t2,replay
rep_20251022_WDC,2025-10-22,2026-05-30 02:58:05.638539,WDC,TREND_LEADER,C,replay,120.47,110.73,137.4,148.16,1.74,9.7432,won,2025-10-31,142.78,2.291,3.817,0.128,9,t2,replay
rep_20251027_WDC,2025-10-27,2026-05-30 02:58:05.646615,WDC,TREND_LEADER,C,replay,126.67,110.79,137.4,147.79,0.68,15.882,won,2025-10-31,142.59,1.003,1.951,-0.304,4,t2,replay
rep_20251030_WDC,2025-10-30,2026-05-30 02:58:05.655721,WDC,TREND_LEADER,C,replay,138.13,117.47,145.68,158.08,0.37,20.6643,won,2025-11-03,151.88,0.666,1.069,0.098,4,t2,replay
rep_20251104_WDC,2025-11-04,2026-05-30 02:58:05.663924,WDC,TREND_LEADER,C,replay,152.18,128.18,160.21,180.79,0.33,24.0018,won,2025-11-14,156.19,0.167,1.095,-0.087,10,stop_after_t1,replay
rep_20251107_WDC,2025-11-07,2026-05-30 02:58:05.671948,WDC,TREND_LEADER,C,replay,162.96,138.26,167.5,195.95,0.18,24.7018,won,2025-11-13,165.23,0.092,0.627,-0.331,6,stop_after_t1,replay
rep_20251112_WDC,2025-11-12,2026-05-30 02:58:05.680028,WDC,TREND_LEADER,C,replay,166.11,138.53,178.45,202.84,0.45,27.5839,lost,2025-11-20,138.53,-1.0,0.05,-1.033,8,stop,replay
rep_20251117_WDC,2025-11-17,2026-05-30 02:58:05.687872,WDC,TREND_LEADER,C,replay,162.45,147.04,178.45,199.18,1.04,15.407,lost,2025-11-20,147.04,-1.0,0.086,-1.611,3,stop,replay
rep_20251120_WDC,2025-11-20,2026-05-30 02:58:05.695613,WDC,TREND_LEADER,C,replay,140.23,134.7,178.45,196.01,6.92,5.5259,lost,2025-11-21,134.7,-1.0,0.228,-1.41,1,stop,replay
rep_20251125_WDC,2025-11-25,2026-05-30 02:58:05.704049,WDC,TREND_LEADER,C,replay,155.41,129.55,178.45,195.74,0.89,25.8614,won,2025-12-24,179.0,0.912,1.29,-0.154,29,timeout_after_t1,replay
rep_20251201_WDC,2025-12-01,2026-05-30 02:58:05.715269,WDC,TREND_LEADER,C,replay,163.54,136.68,178.45,194.56,0.56,26.8571,won,2025-12-30,177.25,0.511,0.939,-0.451,29,timeout_after_t1,replay
rep_20251212_WDC,2025-12-12,2026-05-30 02:58:05.725526,WDC,TREND_LEADER,C,replay,176.34,151.53,188.77,210.14,0.5,24.8071,won,2026-01-06,199.45,0.932,1.809,-0.438,25,t2,replay
rep_20251217_WDC,2025-12-17,2026-05-30 02:58:05.736166,WDC,TREND_LEADER,C,replay,166.26,150.45,188.77,204.11,1.42,15.8071,won,2026-01-06,196.44,1.909,3.477,0.316,20,t2,replay
rep_20251222_WDC,2025-12-22,2026-05-30 02:58:05.744445,WDC,TREND_LEADER,C,replay,176.76,162.69,188.77,205.45,0.85,14.0698,won,2026-01-06,197.11,1.446,3.161,-0.391,15,t2,replay
rep_20251226_WDC,2025-12-26,2026-05-30 02:58:05.752624,WDC,TREND_LEADER,C,replay,181.54,162.91,188.77,204.1,0.39,18.6255,won,2026-01-06,196.44,0.8,2.13,-0.552,11,t2,replay
rep_20251231_WDC,2025-12-31,2026-05-30 02:58:05.76053,WDC,TREND_LEADER,C,replay,172.27,163.0,188.77,203.59,1.78,9.2702,won,2026-01-06,196.18,2.579,5.282,0.478,6,t2,replay
rep_20260106_WDC,2026-01-06,2026-05-30 02:58:05.76841,WDC,TREND_LEADER,C,replay,219.38,191.06,221.23,252.84,0.07,28.3179,lost,2026-01-08,191.06,-1.0,-0.231,-1.366,2,stop,replay
rep_20260109_WDC,2026-01-09,2026-05-30 02:58:05.776329,WDC,TREND_LEADER,C,replay,200.46,168.34,221.23,240.5,0.65,32.1232,won,2026-01-21,230.87,0.947,1.384,-0.217,12,t2,replay
rep_20260114_WDC,2026-01-14,2026-05-30 02:58:05.785149,WDC,TREND_LEADER,C,replay,215.0,181.39,221.23,248.46,0.19,33.6125,won,2026-01-26,234.84,0.59,1.054,0.054,12,t2,replay
rep_20260120_WDC,2026-01-20,2026-05-30 02:58:05.793174,WDC,TREND_LEADER,C,replay,222.97,185.48,230.48,258.5,0.2,37.4946,won,2026-01-28,244.49,0.574,1.628,0.083,8,t2,replay
rep_20260123_WDC,2026-01-23,2026-05-30 02:58:05.801681,WDC,TREND_LEADER,C,replay,236.39,194.4,247.94,282.4,0.28,41.9893,won,2026-01-28,265.17,0.685,1.134,-0.049,5,t2,replay
rep_20260128_WDC,2026-01-28,2026-05-30 02:58:05.809376,WDC,TREND_LEADER,C,replay,279.7,239.06,284.0,347.34,0.11,40.6393,won,2026-01-30,281.85,0.053,0.141,-1.036,2,stop_after_t1,replay
rep_20260202_WDC,2026-02-02,2026-05-30 02:58:05.817082,WDC,TREND_LEADER,C,replay,270.23,222.01,285.42,333.06,0.31,48.2232,won,2026-02-04,277.83,0.158,0.545,-0.33,2,stop_after_t1,replay
rep_20260205_WDC,2026-02-05,2026-05-30 02:58:05.828275,WDC,TREND_LEADER,C,replay,260.19,226.51,296.5,330.63,1.08,33.6788,won,2026-03-03,278.35,0.539,1.476,-0.474,26,stop_after_t1,replay
rep_20260210_WDC,2026-02-10,2026-05-30 02:58:05.837388,WDC,TREND_LEADER,C,replay,262.56,231.4,296.5,333.58,1.09,31.1602,won,2026-03-02,279.53,0.545,1.519,-0.034,20,stop_after_t1,replay
rep_20260213_WDC,2026-02-13,2026-05-30 02:58:05.845482,WDC,TREND_LEADER,C,replay,281.58,234.7,307.5,347.52,0.55,46.8793,won,2026-02-20,294.54,0.276,0.604,-0.204,7,stop_after_t1,replay
rep_20260219_WDC,2026-02-19,2026-05-30 02:58:05.871471,WDC,TREND_LEADER,C,replay,284.67,248.31,309.9,349.48,0.69,36.3563,lost,2026-03-03,248.31,-1.0,0.355,-1.112,12,stop,replay
rep_20260224_WDC,2026-02-24,2026-05-30 02:58:05.880767,WDC,TREND_LEADER,C,replay,270.57,255.13,309.9,343.64,2.55,15.4436,lost,2026-03-03,255.13,-1.0,1.748,-1.705,7,stop,replay
rep_20260227_WDC,2026-02-27,2026-05-30 02:58:05.889575,WDC,TREND_LEADER,C,replay,279.7,261.16,309.9,341.68,1.63,18.5375,lost,2026-03-03,261.16,-1.0,0.228,-1.913,4,stop,replay
rep_20260317_WDC,2026-03-17,2026-05-30 02:58:05.898147,WDC,TREND_LEADER,C,replay,313.81,266.3,351.82,380.33,0.8,47.5125,lost,2026-03-30,266.3,-1.0,0.122,-1.363,13,stop,replay
rep_20260320_WDC,2026-03-20,2026-05-30 02:58:05.907698,WDC,TREND_LEADER,C,replay,293.1,242.3,319.62,350.1,0.52,50.7982,won,2026-04-13,334.86,0.822,1.157,-0.867,24,t2,replay
rep_20260325_WDC,2026-03-25,2026-05-30 02:58:05.916164,WDC,TREND_LEADER,C,replay,296.14,252.05,319.62,351.09,0.53,44.0857,lost,2026-03-30,252.05,-1.0,-0.098,-1.068,5,stop,replay
rep_20260402_WDC,2026-04-02,2026-05-30 02:58:05.925693,WDC,TREND_LEADER,C,replay,294.97,242.89,319.62,356.65,0.47,52.0813,won,2026-04-14,338.13,0.829,1.37,0.015,12,t2,replay
rep_20260408_WDC,2026-04-08,2026-05-30 02:58:05.933852,WDC,TREND_LEADER,C,replay,338.78,276.65,348.0,398.14,0.15,62.1286,won,2026-04-22,373.07,0.552,1.018,-0.149,14,t2,replay
rep_20260413_WDC,2026-04-13,2026-05-30 02:58:05.941821,WDC,TREND_LEADER,C,replay,350.16,295.53,393.87,426.65,0.8,54.6339,won,2026-04-29,410.26,1.1,1.681,-0.159,16,t2,replay
rep_20260416_WDC,2026-04-16,2026-05-30 02:58:05.949848,WDC,TREND_LEADER,C,replay,361.69,308.85,368.4,433.29,0.13,52.8375,won,2026-04-29,400.85,0.741,1.52,0.085,13,t2,replay
rep_20260421_WDC,2026-04-21,2026-05-30 02:58:05.95803,WDC,TREND_LEADER,C,replay,383.81,334.18,389.71,468.2,0.12,49.6268,won,2026-04-28,386.76,0.059,0.656,-0.197,7,stop_after_t1,replay
rep_20260424_WDC,2026-04-24,2026-05-30 02:58:05.966287,WDC,TREND_LEADER,C,replay,404.0,355.44,416.37,504.39,0.25,48.5589,won,2026-05-01,410.19,0.127,0.878,-0.617,7,stop_after_t1,replay
rep_20260429_WDC,2026-04-29,2026-05-30 02:58:05.975899,WDC,TREND_LEADER,C,replay,412.76,359.32,441.99,511.15,0.55,53.4375,won,2026-05-11,476.57,1.194,2.103,-0.164,12,t2,replay
rep_20260504_WDC,2026-05-04,2026-05-30 02:58:05.984925,WDC,TREND_LEADER,C,replay,442.36,382.29,453.83,537.22,0.19,60.0661,won,2026-05-18,448.1,0.095,1.378,-0.011,14,stop_after_t1,replay
rep_20250915_ZS,2025-09-15,2026-05-30 02:58:06.269841,ZS,TREND_LEADER,C,replay,285.66,262.99,292.94,320.5,0.32,22.6725,won,2025-09-24,289.3,0.161,0.397,-0.379,9,stop_after_t1,replay
rep_20250918_ZS,2025-09-18,2026-05-30 02:58:06.279506,ZS,TREND_LEADER,C,replay,291.11,267.06,292.94,325.95,0.08,24.0472,won,2025-09-22,292.02,0.038,0.147,-0.191,4,stop_after_t1,replay
rep_20250923_ZS,2025-09-23,2026-05-30 02:58:06.289879,ZS,TREND_LEADER,C,replay,289.29,274.21,294.65,324.13,0.36,15.0804,won,2025-10-07,291.97,0.178,1.44,-0.655,14,stop_after_t1,replay
rep_20250926_ZS,2025-09-26,2026-05-30 02:58:06.302228,ZS,TREND_LEADER,C,replay,294.65,274.87,296.88,329.49,0.11,19.7756,won,2025-09-30,295.76,0.056,0.311,-0.156,4,stop_after_t1,replay
rep_20251001_ZS,2025-10-01,2026-05-30 02:58:06.311552,ZS,TREND_LEADER,C,replay,304.53,283.99,318.46,337.16,0.68,20.5425,won,2025-10-14,311.49,0.339,0.748,-0.817,13,stop_after_t1,replay
rep_20251006_ZS,2025-10-06,2026-05-30 02:58:06.319618,ZS,TREND_LEADER,C,replay,305.24,284.71,311.0,326.05,0.28,20.525,won,2025-10-14,308.12,0.14,0.714,-0.852,8,stop_after_t1,replay
rep_20251009_ZS,2025-10-09,2026-05-30 02:58:06.327837,ZS,TREND_LEADER,C,replay,315.21,291.3,318.46,338.6,0.14,23.9073,won,2025-10-13,316.83,0.068,0.196,-0.238,4,stop_after_t1,replay
rep_20251014_ZS,2025-10-14,2026-05-30 02:58:06.338407,ZS,TREND_LEADER,C,replay,301.8,285.15,319.89,335.48,1.09,16.6535,won,2025-11-03,327.69,1.555,2.114,-0.394,20,t2,replay
rep_20251017_ZS,2025-10-17,2026-05-30 02:58:06.347424,ZS,TREND_LEADER,C,replay,300.25,285.14,319.89,335.48,1.3,15.105,won,2025-11-03,327.69,1.816,2.432,0.068,17,t2,replay
rep_20251022_ZS,2025-10-22,2026-05-30 02:58:06.357959,ZS,TREND_LEADER,C,replay,307.92,292.64,319.89,335.5,0.78,15.2818,won,2025-11-03,327.69,1.294,1.902,0.005,12,t2,replay
rep_20251027_ZS,2025-10-27,2026-05-30 02:58:06.366718,ZS,TREND_LEADER,C,replay,326.33,301.6,346.12,360.96,0.8,24.7348,lost,2025-11-14,301.6,-1.0,0.431,-1.381,18,stop,replay
rep_20251030_ZS,2025-10-30,2026-05-30 02:58:06.37456,ZS,TREND_LEADER,C,replay,322.04,299.62,329.3,346.97,0.32,22.4155,won,2025-11-05,325.67,0.162,0.667,-0.207,6,stop_after_t1,replay
rep_20251104_ZS,2025-11-04,2026-05-30 02:58:06.384189,ZS,TREND_LEADER,C,replay,328.3,306.13,336.99,353.54,0.39,22.1736,lost,2025-11-14,306.13,-1.0,0.253,-1.629,10,stop,replay
rep_20251107_ZS,2025-11-07,2026-05-30 02:58:06.392074,ZS,TREND_LEADER,C,replay,320.01,307.25,336.99,351.0,1.33,12.7649,lost,2025-11-13,307.25,-1.0,1.089,-1.004,6,stop,replay
rep_20251112_ZS,2025-11-12,2026-05-30 02:58:06.400256,ZS,TREND_LEADER,C,replay,317.08,307.12,336.99,351.76,2.0,9.9624,lost,2025-11-14,307.12,-1.0,-0.023,-2.5,2,stop,replay
rep_20251117_ZS,2025-11-17,2026-05-30 02:58:06.408326,ZS,MEAN_REVERSION,B,replay,294.92,289.38,336.99,353.78,7.6,5.5384,lost,2025-11-20,289.38,-1.0,0.643,-2.986,3,stop,replay
rep_20251120_ZS,2025-11-20,2026-05-30 02:58:06.415702,ZS,MEAN_REVERSION,B,replay,279.73,275.5,336.99,354.26,13.54,4.2281,lost,2025-11-21,275.5,-1.0,0.064,-2.515,1,stop,replay
